id_propuesta,titulo_propuesta,descripcion_propuesta,fecha_propuesta,estado_prouesta,etapa_propuesta,id_detalle_tecnico,id_presupuesto,id_respuesta_,id_requisitos
11,Propuesta 11,Descripción detallada de la propuesta número 11,2025-04-29,RC,F,7,3,3,4
12,Propuesta 12,Descripción detallada de la propuesta número 12,2025-04-13,RC,L,5,1,5,4
13,Propuesta 13,Descripción detallada de la propuesta número 13,2025-04-17,PR,T,8,5,2,2
14,Propuesta 14,Descripción detallada de la propuesta número 14,2025-04-27,AR,F,1,2,6,2
15,Propuesta 15,Descripción detallada de la propuesta número 15,2025-04-17,RC,L,6,5,7,5
16,Propuesta 16,Descripción detallada de la propuesta número 16,2025-04-27,PR,I,2,8,2,8
17,Propuesta 17,Descripción detallada de la propuesta número 17,2025-04-19,PR,I,5,4,6,5
18,Propuesta 18,Descripción detallada de la propuesta número 18,2025-04-03,PR,I,1,3,6,1
19,Propuesta 19,Descripción detallada de la propuesta número 19,2025-04-08,PA,I,1,3,7,7
20,Propuesta 20,Descripción detallada de la propuesta número 20,2025-04-24,AR,C,8,7,5,2
21,Propuesta 21,Descripción detallada de la propuesta número 21,2025-04-21,PA,C,5,1,5,1
22,Propuesta 22,Descripción detallada de la propuesta número 22,2025-04-22,AR,C,1,5,5,8
23,Propuesta 23,Descripción detallada de la propuesta número 23,2025-04-24,RC,I,8,4,3,8
24,Propuesta 24,Descripción detallada de la propuesta número 24,2025-04-26,AC,L,7,4,5,1
25,Propuesta 25,Descripción detallada de la propuesta número 25,2025-04-08,RC,F,7,4,2,2
26,Propuesta 26,Descripción detallada de la propuesta número 26,2025-04-09,BT,L,7,4,3,6
27,Propuesta 27,Descripción detallada de la propuesta número 27,2025-04-21,PA,C,2,6,6,3
28,Propuesta 28,Descripción detallada de la propuesta número 28,2025-05-01,RC,C,6,4,4,1
29,Propuesta 29,Descripción detallada de la propuesta número 29,2025-04-01,TA,F,7,4,6,3
30,Propuesta 30,Descripción detallada de la propuesta número 30,2025-04-11,BT,F,7,8,6,3
31,Propuesta 31,Descripción detallada de la propuesta número 31,2025-04-12,AC,T,3,7,8,3
32,Propuesta 32,Descripción detallada de la propuesta número 32,2025-05-01,PR,F,5,8,8,2
33,Propuesta 33,Descripción detallada de la propuesta número 33,2025-04-30,BT,I,8,8,5,3
34,Propuesta 34,Descripción detallada de la propuesta número 34,2025-04-20,AC,F,1,4,3,8
35,Propuesta 35,Descripción detallada de la propuesta número 35,2025-04-17,PA,I,5,3,8,2
36,Propuesta 36,Descripción detallada de la propuesta número 36,2025-04-15,PR,F,6,4,8,1
37,Propuesta 37,Descripción detallada de la propuesta número 37,2025-04-29,RC,C,7,2,5,3
38,Propuesta 38,Descripción detallada de la propuesta número 38,2025-04-06,PA,L,1,1,3,2
39,Propuesta 39,Descripción detallada de la propuesta número 39,2025-04-28,AR,L,1,2,6,2
40,Propuesta 40,Descripción detallada de la propuesta número 40,2025-04-28,BT,C,7,2,3,3
41,Propuesta 41,Descripción detallada de la propuesta número 41,2025-04-19,TA,F,8,4,8,4
42,Propuesta 42,Descripción detallada de la propuesta número 42,2025-04-16,RC,L,8,2,3,6
43,Propuesta 43,Descripción detallada de la propuesta número 43,2025-04-12,TA,C,6,5,4,3
44,Propuesta 44,Descripción detallada de la propuesta número 44,2025-04-21,AC,T,6,7,3,8
45,Propuesta 45,Descripción detallada de la propuesta número 45,2025-04-24,BT,T,6,6,1,4
46,Propuesta 46,Descripción detallada de la propuesta número 46,2025-04-13,TA,F,7,3,2,3
47,Propuesta 47,Descripción detallada de la propuesta número 47,2025-04-05,RC,I,6,5,2,6
48,Propuesta 48,Descripción detallada de la propuesta número 48,2025-04-10,AC,I,1,6,4,6
49,Propuesta 49,Descripción detallada de la propuesta número 49,2025-04-19,RC,C,5,1,1,2
50,Propuesta 50,Descripción detallada de la propuesta número 50,2025-04-05,BT,C,8,3,4,8
51,Propuesta 51,Descripción detallada de la propuesta número 51,2025-04-22,AC,I,3,6,1,6
52,Propuesta 52,Descripción detallada de la propuesta número 52,2025-04-11,TA,I,8,3,7,7
53,Propuesta 53,Descripción detallada de la propuesta número 53,2025-04-08,BT,C,6,2,1,6
54,Propuesta 54,Descripción detallada de la propuesta número 54,2025-04-09,PR,C,3,8,3,5
55,Propuesta 55,Descripción detallada de la propuesta número 55,2025-04-26,PA,C,3,5,5,7
56,Propuesta 56,Descripción detallada de la propuesta número 56,2025-04-14,AR,T,7,5,3,1
57,Propuesta 57,Descripción detallada de la propuesta número 57,2025-04-23,AR,L,3,2,1,2
58,Propuesta 58,Descripción detallada de la propuesta número 58,2025-04-22,PA,I,6,6,8,4
59,Propuesta 59,Descripción detallada de la propuesta número 59,2025-04-08,PA,F,6,3,1,4
60,Propuesta 60,Descripción detallada de la propuesta número 60,2025-04-22,TA,L,1,1,2,3
61,Propuesta 61,Descripción detallada de la propuesta número 61,2025-05-01,BT,F,7,7,5,3
62,Propuesta 62,Descripción detallada de la propuesta número 62,2025-04-13,AR,T,5,1,1,4
63,Propuesta 63,Descripción detallada de la propuesta número 63,2025-04-03,AC,T,7,5,4,3
64,Propuesta 64,Descripción detallada de la propuesta número 64,2025-04-02,TA,L,6,7,1,1
65,Propuesta 65,Descripción detallada de la propuesta número 65,2025-04-26,TA,I,1,6,6,8
66,Propuesta 66,Descripción detallada de la propuesta número 66,2025-04-18,PR,L,3,2,8,1
67,Propuesta 67,Descripción detallada de la propuesta número 67,2025-04-08,PR,I,2,3,3,3
68,Propuesta 68,Descripción detallada de la propuesta número 68,2025-04-16,AC,F,3,6,3,7
69,Propuesta 69,Descripción detallada de la propuesta número 69,2025-04-17,TA,T,7,6,1,3
70,Propuesta 70,Descripción detallada de la propuesta número 70,2025-04-01,BT,L,3,5,7,3
71,Propuesta 71,Descripción detallada de la propuesta número 71,2025-04-29,TA,C,3,2,6,2
72,Propuesta 72,Descripción detallada de la propuesta número 72,2025-04-12,PR,C,8,7,4,8
73,Propuesta 73,Descripción detallada de la propuesta número 73,2025-04-30,PA,I,1,1,4,8
74,Propuesta 74,Descripción detallada de la propuesta número 74,2025-04-16,RC,I,1,5,7,4
75,Propuesta 75,Descripción detallada de la propuesta número 75,2025-04-27,BT,L,4,7,5,7
76,Propuesta 76,Descripción detallada de la propuesta número 76,2025-04-21,BT,T,1,5,8,7
77,Propuesta 77,Descripción detallada de la propuesta número 77,2025-04-24,TA,L,2,1,6,7
78,Propuesta 78,Descripción detallada de la propuesta número 78,2025-04-20,PA,T,7,6,5,1
79,Propuesta 79,Descripción detallada de la propuesta número 79,2025-04-09,BT,I,4,2,6,2
80,Propuesta 80,Descripción detallada de la propuesta número 80,2025-04-26,TA,L,2,3,3,1
81,Propuesta 81,Descripción detallada de la propuesta número 81,2025-04-07,RC,C,6,6,7,6
82,Propuesta 82,Descripción detallada de la propuesta número 82,2025-04-30,AC,C,5,8,1,3
83,Propuesta 83,Descripción detallada de la propuesta número 83,2025-04-05,AC,C,6,7,5,6
84,Propuesta 84,Descripción detallada de la propuesta número 84,2025-04-29,PR,I,4,7,1,4
85,Propuesta 85,Descripción detallada de la propuesta número 85,2025-04-30,RC,L,3,2,6,7
86,Propuesta 86,Descripción detallada de la propuesta número 86,2025-04-21,PA,F,4,7,2,2
87,Propuesta 87,Descripción detallada de la propuesta número 87,2025-04-16,TA,F,8,3,7,2
88,Propuesta 88,Descripción detallada de la propuesta número 88,2025-04-12,AC,F,5,3,8,3
89,Propuesta 89,Descripción detallada de la propuesta número 89,2025-04-11,PR,I,6,5,2,6
90,Propuesta 90,Descripción detallada de la propuesta número 90,2025-04-25,AC,C,2,6,4,4
91,Propuesta 91,Descripción detallada de la propuesta número 91,2025-04-07,RC,C,4,7,8,1
92,Propuesta 92,Descripción detallada de la propuesta número 92,2025-04-09,TA,I,6,4,8,6
93,Propuesta 93,Descripción detallada de la propuesta número 93,2025-04-29,BT,T,8,5,4,1
94,Propuesta 94,Descripción detallada de la propuesta número 94,2025-04-05,RC,C,5,5,5,7
95,Propuesta 95,Descripción detallada de la propuesta número 95,2025-04-18,BT,I,2,7,3,4
96,Propuesta 96,Descripción detallada de la propuesta número 96,2025-04-14,AC,L,5,5,3,5
97,Propuesta 97,Descripción detallada de la propuesta número 97,2025-04-03,PA,T,8,5,3,3
98,Propuesta 98,Descripción detallada de la propuesta número 98,2025-04-24,AC,L,8,2,7,5
99,Propuesta 99,Descripción detallada de la propuesta número 99,2025-04-27,AC,L,6,8,7,3
100,Propuesta 100,Descripción detallada de la propuesta número 100,2025-04-19,BT,I,6,5,7,7
101,Propuesta 101,Descripción detallada de la propuesta número 101,2025-04-03,PA,C,5,1,8,7
102,Propuesta 102,Descripción detallada de la propuesta número 102,2025-04-27,TA,F,2,8,6,1
103,Propuesta 103,Descripción detallada de la propuesta número 103,2025-04-25,PR,F,4,3,3,6
104,Propuesta 104,Descripción detallada de la propuesta número 104,2025-04-30,TA,C,3,2,8,7
105,Propuesta 105,Descripción detallada de la propuesta número 105,2025-04-29,RC,C,5,6,1,2
106,Propuesta 106,Descripción detallada de la propuesta número 106,2025-04-15,RC,C,3,5,2,8
107,Propuesta 107,Descripción detallada de la propuesta número 107,2025-04-12,PR,T,7,4,7,4
108,Propuesta 108,Descripción detallada de la propuesta número 108,2025-04-03,AC,C,5,4,7,5
109,Propuesta 109,Descripción detallada de la propuesta número 109,2025-05-01,TA,L,1,7,2,2
110,Propuesta 110,Descripción detallada de la propuesta número 110,2025-04-10,TA,F,2,2,2,8
111,Propuesta 111,Descripción detallada de la propuesta número 111,2025-04-03,PR,F,6,5,4,4
112,Propuesta 112,Descripción detallada de la propuesta número 112,2025-04-12,AR,I,4,7,6,6
113,Propuesta 113,Descripción detallada de la propuesta número 113,2025-04-21,AC,I,6,1,4,6
114,Propuesta 114,Descripción detallada de la propuesta número 114,2025-04-28,BT,T,1,4,2,4
115,Propuesta 115,Descripción detallada de la propuesta número 115,2025-04-23,BT,C,7,1,3,2
116,Propuesta 116,Descripción detallada de la propuesta número 116,2025-04-10,RC,T,6,2,5,5
117,Propuesta 117,Descripción detallada de la propuesta número 117,2025-04-15,TA,I,4,2,6,8
118,Propuesta 118,Descripción detallada de la propuesta número 118,2025-04-15,BT,I,6,7,2,6
119,Propuesta 119,Descripción detallada de la propuesta número 119,2025-04-15,AR,L,6,2,1,4
120,Propuesta 120,Descripción detallada de la propuesta número 120,2025-04-04,BT,I,1,3,7,5
121,Propuesta 121,Descripción detallada de la propuesta número 121,2025-04-19,AR,T,3,1,8,3
122,Propuesta 122,Descripción detallada de la propuesta número 122,2025-04-18,PR,L,6,5,4,4
123,Propuesta 123,Descripción detallada de la propuesta número 123,2025-04-10,AR,L,8,7,5,1
124,Propuesta 124,Descripción detallada de la propuesta número 124,2025-04-17,AR,C,7,6,6,8
125,Propuesta 125,Descripción detallada de la propuesta número 125,2025-04-29,RC,T,1,1,3,4
126,Propuesta 126,Descripción detallada de la propuesta número 126,2025-04-22,AR,C,4,7,6,8
127,Propuesta 127,Descripción detallada de la propuesta número 127,2025-04-26,AR,L,8,5,5,3
128,Propuesta 128,Descripción detallada de la propuesta número 128,2025-04-09,PA,F,6,1,3,2
129,Propuesta 129,Descripción detallada de la propuesta número 129,2025-04-12,PA,C,4,6,6,6
130,Propuesta 130,Descripción detallada de la propuesta número 130,2025-04-20,AC,T,6,1,4,4
131,Propuesta 131,Descripción detallada de la propuesta número 131,2025-04-02,BT,C,7,2,4,2
132,Propuesta 132,Descripción detallada de la propuesta número 132,2025-04-07,TA,F,5,8,8,2
133,Propuesta 133,Descripción detallada de la propuesta número 133,2025-04-16,TA,L,2,6,4,7
134,Propuesta 134,Descripción detallada de la propuesta número 134,2025-04-03,TA,L,3,2,7,2
135,Propuesta 135,Descripción detallada de la propuesta número 135,2025-04-27,AC,I,6,2,1,5
136,Propuesta 136,Descripción detallada de la propuesta número 136,2025-04-26,RC,F,6,7,1,4
137,Propuesta 137,Descripción detallada de la propuesta número 137,2025-04-12,AR,T,8,7,4,7
138,Propuesta 138,Descripción detallada de la propuesta número 138,2025-04-16,TA,L,5,2,7,5
139,Propuesta 139,Descripción detallada de la propuesta número 139,2025-04-02,BT,L,3,3,5,5
140,Propuesta 140,Descripción detallada de la propuesta número 140,2025-04-26,PR,C,5,7,1,1
141,Propuesta 141,Descripción detallada de la propuesta número 141,2025-04-10,AC,C,7,6,4,8
142,Propuesta 142,Descripción detallada de la propuesta número 142,2025-04-29,AR,L,2,7,1,7
143,Propuesta 143,Descripción detallada de la propuesta número 143,2025-04-15,PA,T,1,2,7,2
144,Propuesta 144,Descripción detallada de la propuesta número 144,2025-04-15,PA,L,6,3,5,5
145,Propuesta 145,Descripción detallada de la propuesta número 145,2025-04-16,TA,T,1,6,4,7
146,Propuesta 146,Descripción detallada de la propuesta número 146,2025-04-01,BT,C,2,7,7,4
147,Propuesta 147,Descripción detallada de la propuesta número 147,2025-04-01,RC,F,4,6,8,4
148,Propuesta 148,Descripción detallada de la propuesta número 148,2025-04-20,PR,L,8,2,3,7
149,Propuesta 149,Descripción detallada de la propuesta número 149,2025-04-28,AR,L,6,1,1,7
150,Propuesta 150,Descripción detallada de la propuesta número 150,2025-04-26,AR,C,8,6,2,4
151,Propuesta 151,Descripción detallada de la propuesta número 151,2025-04-06,AR,I,1,8,8,7
152,Propuesta 152,Descripción detallada de la propuesta número 152,2025-04-27,AC,I,3,4,7,3
153,Propuesta 153,Descripción detallada de la propuesta número 153,2025-04-22,RC,F,8,6,2,2
154,Propuesta 154,Descripción detallada de la propuesta número 154,2025-04-22,AR,T,2,3,3,7
155,Propuesta 155,Descripción detallada de la propuesta número 155,2025-04-24,PA,I,5,2,5,1
156,Propuesta 156,Descripción detallada de la propuesta número 156,2025-04-25,RC,L,1,4,1,3
157,Propuesta 157,Descripción detallada de la propuesta número 157,2025-04-05,BT,F,6,5,6,4
158,Propuesta 158,Descripción detallada de la propuesta número 158,2025-04-21,AR,L,1,2,2,8
159,Propuesta 159,Descripción detallada de la propuesta número 159,2025-04-28,BT,C,7,5,8,8
160,Propuesta 160,Descripción detallada de la propuesta número 160,2025-04-02,TA,C,7,6,7,4
161,Propuesta 161,Descripción detallada de la propuesta número 161,2025-04-30,AR,C,3,6,7,2
162,Propuesta 162,Descripción detallada de la propuesta número 162,2025-04-09,PA,C,3,8,6,6
163,Propuesta 163,Descripción detallada de la propuesta número 163,2025-04-16,TA,C,3,6,3,1
164,Propuesta 164,Descripción detallada de la propuesta número 164,2025-04-04,TA,F,4,6,7,5
165,Propuesta 165,Descripción detallada de la propuesta número 165,2025-04-26,PA,L,1,6,1,6
166,Propuesta 166,Descripción detallada de la propuesta número 166,2025-04-13,TA,C,3,2,6,3
167,Propuesta 167,Descripción detallada de la propuesta número 167,2025-04-06,AC,L,8,7,2,6
168,Propuesta 168,Descripción detallada de la propuesta número 168,2025-04-13,PA,I,8,3,6,7
169,Propuesta 169,Descripción detallada de la propuesta número 169,2025-04-22,PA,C,1,3,3,4
170,Propuesta 170,Descripción detallada de la propuesta número 170,2025-04-25,AR,T,2,3,8,5
171,Propuesta 171,Descripción detallada de la propuesta número 171,2025-04-05,TA,C,7,3,4,4
172,Propuesta 172,Descripción detallada de la propuesta número 172,2025-04-20,PA,I,3,5,1,7
173,Propuesta 173,Descripción detallada de la propuesta número 173,2025-05-01,TA,T,2,2,8,6
174,Propuesta 174,Descripción detallada de la propuesta número 174,2025-04-18,AC,L,3,5,5,2
175,Propuesta 175,Descripción detallada de la propuesta número 175,2025-04-27,AR,I,6,4,3,2
176,Propuesta 176,Descripción detallada de la propuesta número 176,2025-04-25,PR,F,3,3,6,4
177,Propuesta 177,Descripción detallada de la propuesta número 177,2025-04-18,PR,I,8,7,3,5
178,Propuesta 178,Descripción detallada de la propuesta número 178,2025-04-20,PA,L,4,2,4,2
179,Propuesta 179,Descripción detallada de la propuesta número 179,2025-04-28,BT,T,7,4,8,5
180,Propuesta 180,Descripción detallada de la propuesta número 180,2025-04-12,PA,C,3,2,3,6
181,Propuesta 181,Descripción detallada de la propuesta número 181,2025-04-01,BT,I,7,4,2,5
182,Propuesta 182,Descripción detallada de la propuesta número 182,2025-04-22,RC,T,2,4,8,3
183,Propuesta 183,Descripción detallada de la propuesta número 183,2025-04-24,AC,C,7,2,1,4
184,Propuesta 184,Descripción detallada de la propuesta número 184,2025-04-26,BT,L,7,2,7,3
185,Propuesta 185,Descripción detallada de la propuesta número 185,2025-04-06,PA,T,8,3,2,2
186,Propuesta 186,Descripción detallada de la propuesta número 186,2025-04-29,BT,T,1,7,7,1
187,Propuesta 187,Descripción detallada de la propuesta número 187,2025-04-22,PR,F,1,5,3,8
188,Propuesta 188,Descripción detallada de la propuesta número 188,2025-04-22,PR,C,6,1,2,6
189,Propuesta 189,Descripción detallada de la propuesta número 189,2025-04-18,RC,L,4,4,4,2
190,Propuesta 190,Descripción detallada de la propuesta número 190,2025-04-26,RC,L,2,6,1,8
191,Propuesta 191,Descripción detallada de la propuesta número 191,2025-04-17,AR,I,2,2,6,2
192,Propuesta 192,Descripción detallada de la propuesta número 192,2025-04-27,AR,L,3,3,1,4
193,Propuesta 193,Descripción detallada de la propuesta número 193,2025-04-07,BT,I,6,3,2,1
194,Propuesta 194,Descripción detallada de la propuesta número 194,2025-04-27,AR,C,4,1,3,4
195,Propuesta 195,Descripción detallada de la propuesta número 195,2025-04-29,PR,C,7,3,1,1
196,Propuesta 196,Descripción detallada de la propuesta número 196,2025-04-28,RC,L,8,2,2,4
197,Propuesta 197,Descripción detallada de la propuesta número 197,2025-04-26,BT,I,2,5,7,2
198,Propuesta 198,Descripción detallada de la propuesta número 198,2025-04-14,PR,C,6,7,2,7
199,Propuesta 199,Descripción detallada de la propuesta número 199,2025-04-05,AC,L,7,3,5,8
200,Propuesta 200,Descripción detallada de la propuesta número 200,2025-04-18,RC,C,7,3,5,3
201,Propuesta 201,Descripción detallada de la propuesta número 201,2025-04-10,AC,C,6,4,2,1
202,Propuesta 202,Descripción detallada de la propuesta número 202,2025-04-08,TA,F,1,3,1,6
203,Propuesta 203,Descripción detallada de la propuesta número 203,2025-04-24,PR,C,7,6,8,8
204,Propuesta 204,Descripción detallada de la propuesta número 204,2025-04-12,RC,I,2,4,1,4
205,Propuesta 205,Descripción detallada de la propuesta número 205,2025-05-01,RC,I,2,3,2,5
206,Propuesta 206,Descripción detallada de la propuesta número 206,2025-04-04,RC,T,1,5,7,7
207,Propuesta 207,Descripción detallada de la propuesta número 207,2025-04-22,AR,T,2,8,6,3
208,Propuesta 208,Descripción detallada de la propuesta número 208,2025-04-22,BT,L,6,1,3,8
209,Propuesta 209,Descripción detallada de la propuesta número 209,2025-04-28,BT,C,3,7,1,1
210,Propuesta 210,Descripción detallada de la propuesta número 210,2025-04-12,TA,C,5,6,8,2
211,Propuesta 211,Descripción detallada de la propuesta número 211,2025-04-05,PA,F,1,2,7,4
212,Propuesta 212,Descripción detallada de la propuesta número 212,2025-04-01,AR,I,6,3,4,4
213,Propuesta 213,Descripción detallada de la propuesta número 213,2025-04-06,AC,F,5,1,8,3
214,Propuesta 214,Descripción detallada de la propuesta número 214,2025-04-25,PA,C,8,6,8,1
215,Propuesta 215,Descripción detallada de la propuesta número 215,2025-04-20,AR,C,6,3,7,7
216,Propuesta 216,Descripción detallada de la propuesta número 216,2025-04-30,TA,C,4,8,5,3
217,Propuesta 217,Descripción detallada de la propuesta número 217,2025-04-30,BT,C,7,1,1,4
218,Propuesta 218,Descripción detallada de la propuesta número 218,2025-04-03,RC,I,6,6,2,6
219,Propuesta 219,Descripción detallada de la propuesta número 219,2025-04-04,TA,C,5,2,1,1
220,Propuesta 220,Descripción detallada de la propuesta número 220,2025-04-09,AR,I,2,7,2,7
221,Propuesta 221,Descripción detallada de la propuesta número 221,2025-04-17,PR,F,3,1,5,2
222,Propuesta 222,Descripción detallada de la propuesta número 222,2025-04-18,PA,L,6,3,2,3
223,Propuesta 223,Descripción detallada de la propuesta número 223,2025-04-21,PR,L,6,6,7,5
224,Propuesta 224,Descripción detallada de la propuesta número 224,2025-04-28,AR,T,7,2,6,5
225,Propuesta 225,Descripción detallada de la propuesta número 225,2025-04-19,TA,F,2,3,7,5
226,Propuesta 226,Descripción detallada de la propuesta número 226,2025-04-03,RC,C,3,4,8,7
227,Propuesta 227,Descripción detallada de la propuesta número 227,2025-04-27,PR,L,2,7,5,1
228,Propuesta 228,Descripción detallada de la propuesta número 228,2025-04-02,BT,I,7,7,8,6
229,Propuesta 229,Descripción detallada de la propuesta número 229,2025-04-16,BT,F,7,6,4,7
230,Propuesta 230,Descripción detallada de la propuesta número 230,2025-04-28,TA,F,8,7,4,7
231,Propuesta 231,Descripción detallada de la propuesta número 231,2025-04-08,PR,F,6,4,1,8
232,Propuesta 232,Descripción detallada de la propuesta número 232,2025-04-19,AR,T,1,8,7,4
233,Propuesta 233,Descripción detallada de la propuesta número 233,2025-04-12,BT,T,2,5,5,2
234,Propuesta 234,Descripción detallada de la propuesta número 234,2025-04-23,PA,L,4,8,7,2
235,Propuesta 235,Descripción detallada de la propuesta número 235,2025-04-19,AR,L,3,2,8,1
236,Propuesta 236,Descripción detallada de la propuesta número 236,2025-04-01,BT,C,6,3,8,4
237,Propuesta 237,Descripción detallada de la propuesta número 237,2025-04-26,TA,I,2,7,2,1
238,Propuesta 238,Descripción detallada de la propuesta número 238,2025-04-30,RC,I,5,7,4,8
239,Propuesta 239,Descripción detallada de la propuesta número 239,2025-04-17,AC,I,5,2,6,2
240,Propuesta 240,Descripción detallada de la propuesta número 240,2025-04-07,TA,L,6,2,4,4
241,Propuesta 241,Descripción detallada de la propuesta número 241,2025-05-01,AC,L,8,4,5,7
242,Propuesta 242,Descripción detallada de la propuesta número 242,2025-04-19,RC,F,4,3,4,4
243,Propuesta 243,Descripción detallada de la propuesta número 243,2025-04-08,AC,F,4,1,2,3
244,Propuesta 244,Descripción detallada de la propuesta número 244,2025-04-26,TA,L,6,1,8,5
245,Propuesta 245,Descripción detallada de la propuesta número 245,2025-04-09,PR,C,4,6,2,7
246,Propuesta 246,Descripción detallada de la propuesta número 246,2025-04-10,PA,C,6,2,3,2
247,Propuesta 247,Descripción detallada de la propuesta número 247,2025-04-30,PA,I,1,4,4,6
248,Propuesta 248,Descripción detallada de la propuesta número 248,2025-04-07,AC,C,4,7,1,2
249,Propuesta 249,Descripción detallada de la propuesta número 249,2025-04-28,AR,T,2,8,3,5
250,Propuesta 250,Descripción detallada de la propuesta número 250,2025-04-09,AC,T,3,7,2,8
251,Propuesta 251,Descripción detallada de la propuesta número 251,2025-04-22,PR,F,4,5,2,4
252,Propuesta 252,Descripción detallada de la propuesta número 252,2025-04-28,RC,I,3,8,5,6
253,Propuesta 253,Descripción detallada de la propuesta número 253,2025-04-30,PA,T,2,4,8,4
254,Propuesta 254,Descripción detallada de la propuesta número 254,2025-04-14,PR,T,7,1,4,2
255,Propuesta 255,Descripción detallada de la propuesta número 255,2025-04-22,PA,I,1,8,6,4
256,Propuesta 256,Descripción detallada de la propuesta número 256,2025-04-05,PR,C,1,5,7,5
257,Propuesta 257,Descripción detallada de la propuesta número 257,2025-04-25,RC,T,1,1,2,2
258,Propuesta 258,Descripción detallada de la propuesta número 258,2025-04-14,RC,F,8,1,4,4
259,Propuesta 259,Descripción detallada de la propuesta número 259,2025-04-08,PA,L,5,6,3,1
260,Propuesta 260,Descripción detallada de la propuesta número 260,2025-04-03,PA,T,2,8,7,3
261,Propuesta 261,Descripción detallada de la propuesta número 261,2025-04-30,BT,F,2,3,4,8
262,Propuesta 262,Descripción detallada de la propuesta número 262,2025-04-02,AC,I,5,7,5,7
263,Propuesta 263,Descripción detallada de la propuesta número 263,2025-04-23,PA,C,3,8,3,1
264,Propuesta 264,Descripción detallada de la propuesta número 264,2025-04-07,AR,L,5,4,3,4
265,Propuesta 265,Descripción detallada de la propuesta número 265,2025-04-17,AC,T,2,7,2,6
266,Propuesta 266,Descripción detallada de la propuesta número 266,2025-04-11,BT,T,8,7,3,3
267,Propuesta 267,Descripción detallada de la propuesta número 267,2025-04-15,TA,C,8,7,6,8
268,Propuesta 268,Descripción detallada de la propuesta número 268,2025-05-01,PR,T,2,8,5,1
269,Propuesta 269,Descripción detallada de la propuesta número 269,2025-04-29,AR,T,1,4,1,5
270,Propuesta 270,Descripción detallada de la propuesta número 270,2025-04-03,TA,I,3,1,2,5
271,Propuesta 271,Descripción detallada de la propuesta número 271,2025-04-02,AR,F,4,7,1,2
272,Propuesta 272,Descripción detallada de la propuesta número 272,2025-04-26,RC,T,1,4,2,4
273,Propuesta 273,Descripción detallada de la propuesta número 273,2025-04-20,AR,T,8,6,7,5
274,Propuesta 274,Descripción detallada de la propuesta número 274,2025-04-05,AC,L,8,8,4,8
275,Propuesta 275,Descripción detallada de la propuesta número 275,2025-04-23,PR,L,3,1,2,3
276,Propuesta 276,Descripción detallada de la propuesta número 276,2025-04-04,TA,T,2,4,4,3
277,Propuesta 277,Descripción detallada de la propuesta número 277,2025-04-02,PA,T,7,3,1,3
278,Propuesta 278,Descripción detallada de la propuesta número 278,2025-04-30,AC,F,1,2,1,7
279,Propuesta 279,Descripción detallada de la propuesta número 279,2025-04-20,AR,L,3,7,8,4
280,Propuesta 280,Descripción detallada de la propuesta número 280,2025-04-14,PR,L,3,4,3,5
281,Propuesta 281,Descripción detallada de la propuesta número 281,2025-04-23,PR,C,3,5,7,6
282,Propuesta 282,Descripción detallada de la propuesta número 282,2025-04-27,RC,T,7,1,4,4
283,Propuesta 283,Descripción detallada de la propuesta número 283,2025-04-18,PA,T,7,4,6,5
284,Propuesta 284,Descripción detallada de la propuesta número 284,2025-05-01,RC,I,7,6,2,4
285,Propuesta 285,Descripción detallada de la propuesta número 285,2025-04-26,TA,L,8,5,6,3
286,Propuesta 286,Descripción detallada de la propuesta número 286,2025-04-22,BT,T,1,4,1,3
287,Propuesta 287,Descripción detallada de la propuesta número 287,2025-04-28,AC,C,7,2,1,2
288,Propuesta 288,Descripción detallada de la propuesta número 288,2025-04-04,AR,F,2,4,3,1
289,Propuesta 289,Descripción detallada de la propuesta número 289,2025-04-28,PR,F,8,6,5,8
290,Propuesta 290,Descripción detallada de la propuesta número 290,2025-04-04,PR,C,3,1,1,6
291,Propuesta 291,Descripción detallada de la propuesta número 291,2025-04-21,PR,T,2,1,8,2
292,Propuesta 292,Descripción detallada de la propuesta número 292,2025-05-01,AR,I,6,7,5,4
293,Propuesta 293,Descripción detallada de la propuesta número 293,2025-04-22,AR,L,5,5,2,7
294,Propuesta 294,Descripción detallada de la propuesta número 294,2025-04-01,PA,I,2,1,3,3
295,Propuesta 295,Descripción detallada de la propuesta número 295,2025-04-17,RC,F,4,7,1,8
296,Propuesta 296,Descripción detallada de la propuesta número 296,2025-04-26,PA,L,1,6,6,4
297,Propuesta 297,Descripción detallada de la propuesta número 297,2025-04-02,RC,L,4,1,3,3
298,Propuesta 298,Descripción detallada de la propuesta número 298,2025-04-25,AC,F,3,2,8,6
299,Propuesta 299,Descripción detallada de la propuesta número 299,2025-04-08,PR,L,2,4,3,2
300,Propuesta 300,Descripción detallada de la propuesta número 300,2025-04-01,PR,C,8,5,5,4
301,Propuesta 301,Descripción detallada de la propuesta número 301,2025-04-08,PR,T,8,3,6,7
302,Propuesta 302,Descripción detallada de la propuesta número 302,2025-04-05,BT,T,1,4,5,2
303,Propuesta 303,Descripción detallada de la propuesta número 303,2025-04-04,PR,I,8,7,7,7
304,Propuesta 304,Descripción detallada de la propuesta número 304,2025-04-01,PR,C,7,3,1,7
305,Propuesta 305,Descripción detallada de la propuesta número 305,2025-04-01,PA,F,1,7,7,2
306,Propuesta 306,Descripción detallada de la propuesta número 306,2025-04-17,AC,F,8,4,5,2
307,Propuesta 307,Descripción detallada de la propuesta número 307,2025-04-26,PR,C,6,6,8,4
308,Propuesta 308,Descripción detallada de la propuesta número 308,2025-04-29,PA,T,1,5,7,8
309,Propuesta 309,Descripción detallada de la propuesta número 309,2025-04-14,PR,I,6,2,2,3
310,Propuesta 310,Descripción detallada de la propuesta número 310,2025-04-16,BT,C,5,4,3,4
311,Propuesta 311,Descripción detallada de la propuesta número 311,2025-04-16,TA,T,6,7,8,7
312,Propuesta 312,Descripción detallada de la propuesta número 312,2025-04-24,AR,I,6,4,3,5
313,Propuesta 313,Descripción detallada de la propuesta número 313,2025-04-13,AC,F,2,7,2,8
314,Propuesta 314,Descripción detallada de la propuesta número 314,2025-04-11,PR,C,8,1,7,7
315,Propuesta 315,Descripción detallada de la propuesta número 315,2025-04-17,RC,I,8,1,6,3
316,Propuesta 316,Descripción detallada de la propuesta número 316,2025-04-25,TA,L,4,6,6,7
317,Propuesta 317,Descripción detallada de la propuesta número 317,2025-04-18,PR,F,4,4,3,5
318,Propuesta 318,Descripción detallada de la propuesta número 318,2025-04-15,AC,L,7,8,2,7
319,Propuesta 319,Descripción detallada de la propuesta número 319,2025-04-25,AR,T,3,2,3,6
320,Propuesta 320,Descripción detallada de la propuesta número 320,2025-04-18,PR,C,7,4,3,8
321,Propuesta 321,Descripción detallada de la propuesta número 321,2025-04-01,RC,T,4,2,8,3
322,Propuesta 322,Descripción detallada de la propuesta número 322,2025-04-24,AC,C,8,1,3,1
323,Propuesta 323,Descripción detallada de la propuesta número 323,2025-04-05,RC,T,7,3,1,2
324,Propuesta 324,Descripción detallada de la propuesta número 324,2025-04-24,TA,C,3,2,3,3
325,Propuesta 325,Descripción detallada de la propuesta número 325,2025-04-30,AC,L,8,1,4,6
326,Propuesta 326,Descripción detallada de la propuesta número 326,2025-04-21,AR,F,5,3,4,7
327,Propuesta 327,Descripción detallada de la propuesta número 327,2025-04-10,AC,F,1,4,6,3
328,Propuesta 328,Descripción detallada de la propuesta número 328,2025-04-08,PA,F,4,3,8,8
329,Propuesta 329,Descripción detallada de la propuesta número 329,2025-04-11,TA,I,7,3,4,6
330,Propuesta 330,Descripción detallada de la propuesta número 330,2025-04-24,PA,L,5,1,8,8
331,Propuesta 331,Descripción detallada de la propuesta número 331,2025-04-07,TA,F,2,6,6,6
332,Propuesta 332,Descripción detallada de la propuesta número 332,2025-04-04,PR,T,5,8,3,6
333,Propuesta 333,Descripción detallada de la propuesta número 333,2025-04-15,TA,C,2,4,3,2
334,Propuesta 334,Descripción detallada de la propuesta número 334,2025-04-16,RC,L,3,3,4,8
335,Propuesta 335,Descripción detallada de la propuesta número 335,2025-04-25,PA,T,5,7,2,1
336,Propuesta 336,Descripción detallada de la propuesta número 336,2025-04-23,AC,F,6,4,7,3
337,Propuesta 337,Descripción detallada de la propuesta número 337,2025-04-22,TA,T,5,2,3,5
338,Propuesta 338,Descripción detallada de la propuesta número 338,2025-04-13,BT,T,3,2,8,6
339,Propuesta 339,Descripción detallada de la propuesta número 339,2025-04-22,BT,I,7,4,2,5
340,Propuesta 340,Descripción detallada de la propuesta número 340,2025-04-11,AC,F,6,8,8,5
341,Propuesta 341,Descripción detallada de la propuesta número 341,2025-04-07,AC,I,4,2,8,3
342,Propuesta 342,Descripción detallada de la propuesta número 342,2025-04-28,AC,T,8,5,2,6
343,Propuesta 343,Descripción detallada de la propuesta número 343,2025-04-05,TA,C,3,4,6,3
344,Propuesta 344,Descripción detallada de la propuesta número 344,2025-04-20,PA,I,6,4,7,6
345,Propuesta 345,Descripción detallada de la propuesta número 345,2025-04-17,RC,C,3,5,8,1
346,Propuesta 346,Descripción detallada de la propuesta número 346,2025-04-01,PA,I,6,4,7,7
347,Propuesta 347,Descripción detallada de la propuesta número 347,2025-04-17,PR,F,3,2,6,8
348,Propuesta 348,Descripción detallada de la propuesta número 348,2025-04-13,PA,L,6,7,1,7
349,Propuesta 349,Descripción detallada de la propuesta número 349,2025-04-03,AC,L,8,6,2,5
350,Propuesta 350,Descripción detallada de la propuesta número 350,2025-04-09,PA,L,2,5,4,8
351,Propuesta 351,Descripción detallada de la propuesta número 351,2025-04-22,RC,F,3,3,3,6
352,Propuesta 352,Descripción detallada de la propuesta número 352,2025-04-25,PA,F,2,6,3,8
353,Propuesta 353,Descripción detallada de la propuesta número 353,2025-04-11,TA,T,1,1,7,3
354,Propuesta 354,Descripción detallada de la propuesta número 354,2025-04-26,PR,I,6,4,5,2
355,Propuesta 355,Descripción detallada de la propuesta número 355,2025-04-07,BT,F,6,6,5,5
356,Propuesta 356,Descripción detallada de la propuesta número 356,2025-04-15,PA,L,7,6,2,5
357,Propuesta 357,Descripción detallada de la propuesta número 357,2025-04-15,BT,L,3,2,2,1
358,Propuesta 358,Descripción detallada de la propuesta número 358,2025-04-29,PR,L,1,6,6,4
359,Propuesta 359,Descripción detallada de la propuesta número 359,2025-04-27,RC,I,6,6,3,2
360,Propuesta 360,Descripción detallada de la propuesta número 360,2025-04-22,RC,T,8,1,7,5
361,Propuesta 361,Descripción detallada de la propuesta número 361,2025-04-06,BT,T,3,7,6,4
362,Propuesta 362,Descripción detallada de la propuesta número 362,2025-04-11,AR,L,1,3,6,6
363,Propuesta 363,Descripción detallada de la propuesta número 363,2025-04-17,PA,C,8,5,1,1
364,Propuesta 364,Descripción detallada de la propuesta número 364,2025-04-10,AC,C,5,4,2,6
365,Propuesta 365,Descripción detallada de la propuesta número 365,2025-04-06,AC,F,1,3,3,6
366,Propuesta 366,Descripción detallada de la propuesta número 366,2025-05-01,PR,F,2,7,4,7
367,Propuesta 367,Descripción detallada de la propuesta número 367,2025-04-30,RC,C,5,5,3,8
368,Propuesta 368,Descripción detallada de la propuesta número 368,2025-04-26,AC,I,4,4,6,7
369,Propuesta 369,Descripción detallada de la propuesta número 369,2025-04-21,AC,L,8,4,5,8
370,Propuesta 370,Descripción detallada de la propuesta número 370,2025-04-28,PA,F,7,1,3,1
371,Propuesta 371,Descripción detallada de la propuesta número 371,2025-04-07,RC,C,3,6,3,5
372,Propuesta 372,Descripción detallada de la propuesta número 372,2025-04-24,AC,I,2,7,5,4
373,Propuesta 373,Descripción detallada de la propuesta número 373,2025-04-22,AC,C,7,6,2,8
374,Propuesta 374,Descripción detallada de la propuesta número 374,2025-04-24,RC,F,7,1,6,4
375,Propuesta 375,Descripción detallada de la propuesta número 375,2025-04-28,PR,T,3,8,3,8
376,Propuesta 376,Descripción detallada de la propuesta número 376,2025-04-21,AC,T,1,7,8,2
377,Propuesta 377,Descripción detallada de la propuesta número 377,2025-04-11,AC,T,5,3,3,3
378,Propuesta 378,Descripción detallada de la propuesta número 378,2025-04-18,AC,C,1,6,4,8
379,Propuesta 379,Descripción detallada de la propuesta número 379,2025-04-10,PR,L,5,7,2,6
380,Propuesta 380,Descripción detallada de la propuesta número 380,2025-04-04,RC,T,5,3,4,5
381,Propuesta 381,Descripción detallada de la propuesta número 381,2025-04-29,TA,I,7,4,1,7
382,Propuesta 382,Descripción detallada de la propuesta número 382,2025-04-28,PR,F,5,2,3,6
383,Propuesta 383,Descripción detallada de la propuesta número 383,2025-04-17,PR,F,3,6,6,1
384,Propuesta 384,Descripción detallada de la propuesta número 384,2025-04-18,AC,T,3,5,6,4
385,Propuesta 385,Descripción detallada de la propuesta número 385,2025-04-13,RC,C,4,6,4,6
386,Propuesta 386,Descripción detallada de la propuesta número 386,2025-05-01,PA,C,4,5,2,4
387,Propuesta 387,Descripción detallada de la propuesta número 387,2025-04-13,AC,L,7,7,5,1
388,Propuesta 388,Descripción detallada de la propuesta número 388,2025-04-29,BT,L,3,8,4,1
389,Propuesta 389,Descripción detallada de la propuesta número 389,2025-04-01,AC,T,1,1,6,7
390,Propuesta 390,Descripción detallada de la propuesta número 390,2025-04-08,PR,L,4,1,3,8
391,Propuesta 391,Descripción detallada de la propuesta número 391,2025-04-14,AC,L,8,7,1,4
392,Propuesta 392,Descripción detallada de la propuesta número 392,2025-04-24,TA,C,7,5,3,2
393,Propuesta 393,Descripción detallada de la propuesta número 393,2025-04-10,PA,C,5,7,2,3
394,Propuesta 394,Descripción detallada de la propuesta número 394,2025-04-11,AC,L,4,6,5,2
395,Propuesta 395,Descripción detallada de la propuesta número 395,2025-05-01,AC,L,8,6,1,7
396,Propuesta 396,Descripción detallada de la propuesta número 396,2025-04-16,TA,C,3,5,1,8
397,Propuesta 397,Descripción detallada de la propuesta número 397,2025-04-19,TA,C,3,3,1,8
398,Propuesta 398,Descripción detallada de la propuesta número 398,2025-04-11,AC,C,7,5,5,8
399,Propuesta 399,Descripción detallada de la propuesta número 399,2025-04-11,AR,T,6,4,1,3
400,Propuesta 400,Descripción detallada de la propuesta número 400,2025-04-29,PR,L,6,2,8,3
401,Propuesta 401,Descripción detallada de la propuesta número 401,2025-04-25,TA,F,4,2,4,6
402,Propuesta 402,Descripción detallada de la propuesta número 402,2025-04-15,PR,I,1,4,5,8
403,Propuesta 403,Descripción detallada de la propuesta número 403,2025-04-16,AR,L,3,2,3,3
404,Propuesta 404,Descripción detallada de la propuesta número 404,2025-04-18,PR,F,5,5,2,3
405,Propuesta 405,Descripción detallada de la propuesta número 405,2025-04-16,RC,C,8,4,4,8
406,Propuesta 406,Descripción detallada de la propuesta número 406,2025-04-11,RC,L,2,4,1,6
407,Propuesta 407,Descripción detallada de la propuesta número 407,2025-04-20,PR,I,7,8,3,8
408,Propuesta 408,Descripción detallada de la propuesta número 408,2025-04-19,BT,I,6,3,7,4
409,Propuesta 409,Descripción detallada de la propuesta número 409,2025-04-17,AR,L,8,6,8,8
410,Propuesta 410,Descripción detallada de la propuesta número 410,2025-04-16,TA,I,8,5,7,5
411,Propuesta 411,Descripción detallada de la propuesta número 411,2025-04-05,AC,F,5,2,7,2
412,Propuesta 412,Descripción detallada de la propuesta número 412,2025-04-10,AR,C,7,3,7,7
413,Propuesta 413,Descripción detallada de la propuesta número 413,2025-04-19,PR,I,1,5,1,8
414,Propuesta 414,Descripción detallada de la propuesta número 414,2025-04-13,RC,T,3,6,1,2
415,Propuesta 415,Descripción detallada de la propuesta número 415,2025-04-10,PA,T,4,5,6,1
416,Propuesta 416,Descripción detallada de la propuesta número 416,2025-04-04,AC,F,3,8,5,2
417,Propuesta 417,Descripción detallada de la propuesta número 417,2025-04-29,PR,C,1,3,1,6
418,Propuesta 418,Descripción detallada de la propuesta número 418,2025-04-04,BT,L,6,8,3,2
419,Propuesta 419,Descripción detallada de la propuesta número 419,2025-04-27,PR,I,3,7,4,4
420,Propuesta 420,Descripción detallada de la propuesta número 420,2025-04-13,BT,L,2,6,5,8
421,Propuesta 421,Descripción detallada de la propuesta número 421,2025-04-24,BT,I,4,3,2,1
422,Propuesta 422,Descripción detallada de la propuesta número 422,2025-04-28,TA,F,2,5,3,1
423,Propuesta 423,Descripción detallada de la propuesta número 423,2025-04-26,AR,C,4,6,4,6
424,Propuesta 424,Descripción detallada de la propuesta número 424,2025-04-05,AC,C,5,6,2,3
425,Propuesta 425,Descripción detallada de la propuesta número 425,2025-04-25,AC,T,4,4,2,5
426,Propuesta 426,Descripción detallada de la propuesta número 426,2025-04-12,PA,L,6,2,4,6
427,Propuesta 427,Descripción detallada de la propuesta número 427,2025-04-10,RC,T,7,5,4,4
428,Propuesta 428,Descripción detallada de la propuesta número 428,2025-04-24,PA,T,2,7,1,1
429,Propuesta 429,Descripción detallada de la propuesta número 429,2025-04-09,BT,F,4,5,5,1
430,Propuesta 430,Descripción detallada de la propuesta número 430,2025-04-26,TA,C,2,1,2,1
431,Propuesta 431,Descripción detallada de la propuesta número 431,2025-04-19,AR,C,8,1,2,4
432,Propuesta 432,Descripción detallada de la propuesta número 432,2025-04-27,AC,T,6,8,4,8
433,Propuesta 433,Descripción detallada de la propuesta número 433,2025-04-17,AR,C,3,7,1,8
434,Propuesta 434,Descripción detallada de la propuesta número 434,2025-04-15,AC,C,1,1,6,2
435,Propuesta 435,Descripción detallada de la propuesta número 435,2025-04-14,BT,F,7,1,3,5
436,Propuesta 436,Descripción detallada de la propuesta número 436,2025-04-08,PR,C,8,6,2,8
437,Propuesta 437,Descripción detallada de la propuesta número 437,2025-04-19,AC,C,3,4,5,7
438,Propuesta 438,Descripción detallada de la propuesta número 438,2025-04-10,BT,L,1,7,8,8
439,Propuesta 439,Descripción detallada de la propuesta número 439,2025-04-10,BT,I,5,2,5,8
440,Propuesta 440,Descripción detallada de la propuesta número 440,2025-04-20,TA,L,6,7,5,5
441,Propuesta 441,Descripción detallada de la propuesta número 441,2025-04-10,RC,C,7,2,4,4
442,Propuesta 442,Descripción detallada de la propuesta número 442,2025-04-07,TA,C,8,1,1,4
443,Propuesta 443,Descripción detallada de la propuesta número 443,2025-04-06,PA,L,5,4,7,6
444,Propuesta 444,Descripción detallada de la propuesta número 444,2025-04-08,AR,F,6,1,1,2
445,Propuesta 445,Descripción detallada de la propuesta número 445,2025-04-23,BT,C,5,3,8,8
446,Propuesta 446,Descripción detallada de la propuesta número 446,2025-04-17,PA,T,7,4,5,2
447,Propuesta 447,Descripción detallada de la propuesta número 447,2025-04-24,PA,F,5,8,3,3
448,Propuesta 448,Descripción detallada de la propuesta número 448,2025-04-10,AR,C,4,7,3,2
449,Propuesta 449,Descripción detallada de la propuesta número 449,2025-04-08,PA,L,5,3,8,2
450,Propuesta 450,Descripción detallada de la propuesta número 450,2025-04-25,AC,T,8,2,6,2
451,Propuesta 451,Descripción detallada de la propuesta número 451,2025-04-25,PA,L,6,4,6,2
452,Propuesta 452,Descripción detallada de la propuesta número 452,2025-04-08,AR,I,8,2,4,1
453,Propuesta 453,Descripción detallada de la propuesta número 453,2025-04-22,TA,I,2,5,2,1
454,Propuesta 454,Descripción detallada de la propuesta número 454,2025-04-22,AR,C,2,2,4,2
455,Propuesta 455,Descripción detallada de la propuesta número 455,2025-04-05,AR,L,7,3,8,1
456,Propuesta 456,Descripción detallada de la propuesta número 456,2025-04-15,RC,L,8,2,8,7
457,Propuesta 457,Descripción detallada de la propuesta número 457,2025-04-10,AC,I,6,3,7,6
458,Propuesta 458,Descripción detallada de la propuesta número 458,2025-04-21,AR,F,8,8,3,3
459,Propuesta 459,Descripción detallada de la propuesta número 459,2025-04-12,AR,L,2,6,6,3
460,Propuesta 460,Descripción detallada de la propuesta número 460,2025-04-02,BT,F,1,7,3,1
461,Propuesta 461,Descripción detallada de la propuesta número 461,2025-04-24,AC,C,3,1,2,5
462,Propuesta 462,Descripción detallada de la propuesta número 462,2025-04-03,RC,T,5,1,1,8
463,Propuesta 463,Descripción detallada de la propuesta número 463,2025-04-09,AR,F,3,1,8,2
464,Propuesta 464,Descripción detallada de la propuesta número 464,2025-05-01,BT,T,7,8,5,5
465,Propuesta 465,Descripción detallada de la propuesta número 465,2025-04-04,AC,C,7,8,5,2
466,Propuesta 466,Descripción detallada de la propuesta número 466,2025-04-06,RC,L,3,3,5,2
467,Propuesta 467,Descripción detallada de la propuesta número 467,2025-04-15,PR,I,6,8,1,6
468,Propuesta 468,Descripción detallada de la propuesta número 468,2025-04-25,TA,I,4,4,5,3
469,Propuesta 469,Descripción detallada de la propuesta número 469,2025-04-19,TA,F,1,6,1,1
470,Propuesta 470,Descripción detallada de la propuesta número 470,2025-04-19,TA,C,6,5,1,6
471,Propuesta 471,Descripción detallada de la propuesta número 471,2025-04-15,PA,I,5,3,6,3
472,Propuesta 472,Descripción detallada de la propuesta número 472,2025-04-06,AR,C,1,6,2,5
473,Propuesta 473,Descripción detallada de la propuesta número 473,2025-04-04,BT,F,3,2,7,7
474,Propuesta 474,Descripción detallada de la propuesta número 474,2025-04-08,TA,L,7,6,5,1
475,Propuesta 475,Descripción detallada de la propuesta número 475,2025-04-12,PA,T,2,8,6,2
476,Propuesta 476,Descripción detallada de la propuesta número 476,2025-04-07,AR,I,8,6,1,1
477,Propuesta 477,Descripción detallada de la propuesta número 477,2025-04-26,AR,F,1,2,3,2
478,Propuesta 478,Descripción detallada de la propuesta número 478,2025-05-01,PA,C,5,8,7,5
479,Propuesta 479,Descripción detallada de la propuesta número 479,2025-04-19,AR,C,3,7,7,3
480,Propuesta 480,Descripción detallada de la propuesta número 480,2025-04-27,RC,C,5,1,7,3
481,Propuesta 481,Descripción detallada de la propuesta número 481,2025-04-08,AR,F,1,5,5,7
482,Propuesta 482,Descripción detallada de la propuesta número 482,2025-04-18,PR,L,1,5,5,4
483,Propuesta 483,Descripción detallada de la propuesta número 483,2025-04-29,TA,F,8,3,5,4
484,Propuesta 484,Descripción detallada de la propuesta número 484,2025-04-21,RC,L,6,3,5,8
485,Propuesta 485,Descripción detallada de la propuesta número 485,2025-04-20,AR,L,2,4,2,8
486,Propuesta 486,Descripción detallada de la propuesta número 486,2025-04-13,AC,T,6,8,2,3
487,Propuesta 487,Descripción detallada de la propuesta número 487,2025-04-07,TA,I,1,1,7,2
488,Propuesta 488,Descripción detallada de la propuesta número 488,2025-05-01,PA,C,5,5,2,5
489,Propuesta 489,Descripción detallada de la propuesta número 489,2025-04-21,AC,T,8,3,6,8
490,Propuesta 490,Descripción detallada de la propuesta número 490,2025-04-27,AC,L,5,4,7,6
491,Propuesta 491,Descripción detallada de la propuesta número 491,2025-04-12,PA,L,2,5,5,5
492,Propuesta 492,Descripción detallada de la propuesta número 492,2025-04-25,BT,I,3,4,6,3
493,Propuesta 493,Descripción detallada de la propuesta número 493,2025-04-02,AR,L,8,5,3,2
494,Propuesta 494,Descripción detallada de la propuesta número 494,2025-04-13,AR,L,1,1,6,1
495,Propuesta 495,Descripción detallada de la propuesta número 495,2025-04-22,BT,I,5,7,2,7
496,Propuesta 496,Descripción detallada de la propuesta número 496,2025-04-20,AC,C,7,2,3,4
497,Propuesta 497,Descripción detallada de la propuesta número 497,2025-04-19,TA,F,3,8,2,4
498,Propuesta 498,Descripción detallada de la propuesta número 498,2025-04-06,RC,I,2,6,7,1
499,Propuesta 499,Descripción detallada de la propuesta número 499,2025-04-24,BT,T,2,2,6,2
500,Propuesta 500,Descripción detallada de la propuesta número 500,2025-04-04,AR,F,3,7,7,4
501,Propuesta 501,Descripción detallada de la propuesta número 501,2025-04-15,TA,F,1,8,5,5
502,Propuesta 502,Descripción detallada de la propuesta número 502,2025-04-11,AC,C,5,5,6,4
503,Propuesta 503,Descripción detallada de la propuesta número 503,2025-04-30,AC,F,7,6,5,1
504,Propuesta 504,Descripción detallada de la propuesta número 504,2025-04-06,PR,T,7,8,7,7
505,Propuesta 505,Descripción detallada de la propuesta número 505,2025-04-23,PR,C,4,8,1,7
506,Propuesta 506,Descripción detallada de la propuesta número 506,2025-05-01,TA,I,2,3,8,1
507,Propuesta 507,Descripción detallada de la propuesta número 507,2025-04-15,AC,C,7,7,6,2
508,Propuesta 508,Descripción detallada de la propuesta número 508,2025-04-06,AC,T,3,6,6,8
509,Propuesta 509,Descripción detallada de la propuesta número 509,2025-04-08,TA,F,8,3,1,3
510,Propuesta 510,Descripción detallada de la propuesta número 510,2025-04-03,BT,F,7,4,4,6
511,Propuesta 511,Descripción detallada de la propuesta número 511,2025-04-25,AR,T,1,7,8,8
512,Propuesta 512,Descripción detallada de la propuesta número 512,2025-04-03,PA,L,6,7,2,1
513,Propuesta 513,Descripción detallada de la propuesta número 513,2025-04-02,AR,C,2,8,5,5
514,Propuesta 514,Descripción detallada de la propuesta número 514,2025-04-24,TA,L,8,7,4,8
515,Propuesta 515,Descripción detallada de la propuesta número 515,2025-04-25,TA,F,3,5,5,2
516,Propuesta 516,Descripción detallada de la propuesta número 516,2025-04-29,BT,T,6,2,1,6
517,Propuesta 517,Descripción detallada de la propuesta número 517,2025-04-11,PR,L,2,1,2,6
518,Propuesta 518,Descripción detallada de la propuesta número 518,2025-04-29,AR,L,4,4,5,8
519,Propuesta 519,Descripción detallada de la propuesta número 519,2025-04-03,PR,L,7,5,1,8
520,Propuesta 520,Descripción detallada de la propuesta número 520,2025-04-15,PA,F,2,4,1,7
521,Propuesta 521,Descripción detallada de la propuesta número 521,2025-04-02,RC,I,3,6,4,8
522,Propuesta 522,Descripción detallada de la propuesta número 522,2025-04-19,PA,F,6,3,5,3
523,Propuesta 523,Descripción detallada de la propuesta número 523,2025-05-01,AR,L,5,6,5,8
524,Propuesta 524,Descripción detallada de la propuesta número 524,2025-04-13,TA,L,5,4,3,4
525,Propuesta 525,Descripción detallada de la propuesta número 525,2025-04-05,AR,F,6,6,2,5
526,Propuesta 526,Descripción detallada de la propuesta número 526,2025-04-18,PA,C,7,3,8,2
527,Propuesta 527,Descripción detallada de la propuesta número 527,2025-04-16,RC,L,1,3,8,4
528,Propuesta 528,Descripción detallada de la propuesta número 528,2025-04-30,AC,F,5,4,5,1
529,Propuesta 529,Descripción detallada de la propuesta número 529,2025-04-17,RC,T,3,2,6,8
530,Propuesta 530,Descripción detallada de la propuesta número 530,2025-04-30,TA,F,5,8,8,4
531,Propuesta 531,Descripción detallada de la propuesta número 531,2025-04-09,PR,C,6,5,8,5
532,Propuesta 532,Descripción detallada de la propuesta número 532,2025-04-21,AR,L,1,4,1,2
533,Propuesta 533,Descripción detallada de la propuesta número 533,2025-04-20,PR,F,2,8,3,6
534,Propuesta 534,Descripción detallada de la propuesta número 534,2025-04-30,RC,T,4,1,4,5
535,Propuesta 535,Descripción detallada de la propuesta número 535,2025-04-25,BT,I,7,4,5,5
536,Propuesta 536,Descripción detallada de la propuesta número 536,2025-04-07,AC,I,4,1,1,5
537,Propuesta 537,Descripción detallada de la propuesta número 537,2025-04-27,AR,L,5,8,4,2
538,Propuesta 538,Descripción detallada de la propuesta número 538,2025-04-11,PA,T,2,2,3,7
539,Propuesta 539,Descripción detallada de la propuesta número 539,2025-04-15,AR,F,5,7,1,2
540,Propuesta 540,Descripción detallada de la propuesta número 540,2025-04-06,PR,T,2,6,5,4
541,Propuesta 541,Descripción detallada de la propuesta número 541,2025-04-20,BT,C,6,3,5,7
542,Propuesta 542,Descripción detallada de la propuesta número 542,2025-04-27,BT,I,4,8,1,1
543,Propuesta 543,Descripción detallada de la propuesta número 543,2025-04-09,RC,F,5,4,1,2
544,Propuesta 544,Descripción detallada de la propuesta número 544,2025-04-23,RC,C,3,3,4,3
545,Propuesta 545,Descripción detallada de la propuesta número 545,2025-04-07,AC,I,7,4,7,7
546,Propuesta 546,Descripción detallada de la propuesta número 546,2025-04-21,RC,C,5,3,3,7
547,Propuesta 547,Descripción detallada de la propuesta número 547,2025-04-29,AC,F,1,4,6,1
548,Propuesta 548,Descripción detallada de la propuesta número 548,2025-04-14,RC,F,8,6,4,3
549,Propuesta 549,Descripción detallada de la propuesta número 549,2025-04-20,AC,F,3,8,2,6
550,Propuesta 550,Descripción detallada de la propuesta número 550,2025-04-21,PR,L,1,2,4,2
551,Propuesta 551,Descripción detallada de la propuesta número 551,2025-04-01,AC,T,2,2,2,3
552,Propuesta 552,Descripción detallada de la propuesta número 552,2025-04-30,PR,L,7,7,5,1
553,Propuesta 553,Descripción detallada de la propuesta número 553,2025-04-02,BT,L,4,7,8,8
554,Propuesta 554,Descripción detallada de la propuesta número 554,2025-04-27,TA,T,6,4,8,2
555,Propuesta 555,Descripción detallada de la propuesta número 555,2025-04-15,PR,I,2,4,7,7
556,Propuesta 556,Descripción detallada de la propuesta número 556,2025-04-02,BT,T,1,2,8,2
557,Propuesta 557,Descripción detallada de la propuesta número 557,2025-04-12,PA,I,8,3,3,2
558,Propuesta 558,Descripción detallada de la propuesta número 558,2025-04-16,RC,L,7,8,8,3
559,Propuesta 559,Descripción detallada de la propuesta número 559,2025-04-22,AR,C,4,7,6,3
560,Propuesta 560,Descripción detallada de la propuesta número 560,2025-04-10,AR,C,5,8,4,7
561,Propuesta 561,Descripción detallada de la propuesta número 561,2025-04-04,AC,L,8,8,4,2
562,Propuesta 562,Descripción detallada de la propuesta número 562,2025-04-08,AR,F,8,3,1,4
563,Propuesta 563,Descripción detallada de la propuesta número 563,2025-04-26,PA,I,1,7,8,4
564,Propuesta 564,Descripción detallada de la propuesta número 564,2025-04-01,PR,L,8,2,8,1
565,Propuesta 565,Descripción detallada de la propuesta número 565,2025-04-07,PR,L,6,1,3,2
566,Propuesta 566,Descripción detallada de la propuesta número 566,2025-04-07,TA,L,4,8,8,8
567,Propuesta 567,Descripción detallada de la propuesta número 567,2025-04-03,TA,T,1,5,5,4
568,Propuesta 568,Descripción detallada de la propuesta número 568,2025-04-28,RC,C,8,7,1,4
569,Propuesta 569,Descripción detallada de la propuesta número 569,2025-04-17,AC,F,6,5,3,5
570,Propuesta 570,Descripción detallada de la propuesta número 570,2025-04-26,RC,I,2,8,6,6
571,Propuesta 571,Descripción detallada de la propuesta número 571,2025-04-03,PR,I,3,5,1,8
572,Propuesta 572,Descripción detallada de la propuesta número 572,2025-04-26,RC,T,6,7,4,7
573,Propuesta 573,Descripción detallada de la propuesta número 573,2025-04-13,AC,C,5,2,7,3
574,Propuesta 574,Descripción detallada de la propuesta número 574,2025-04-26,PR,T,8,4,6,6
575,Propuesta 575,Descripción detallada de la propuesta número 575,2025-04-06,TA,F,2,4,4,3
576,Propuesta 576,Descripción detallada de la propuesta número 576,2025-04-15,PA,C,5,4,4,5
577,Propuesta 577,Descripción detallada de la propuesta número 577,2025-04-01,PR,I,6,3,4,7
578,Propuesta 578,Descripción detallada de la propuesta número 578,2025-04-13,PA,C,3,4,8,2
579,Propuesta 579,Descripción detallada de la propuesta número 579,2025-04-23,TA,C,6,2,6,5
580,Propuesta 580,Descripción detallada de la propuesta número 580,2025-04-14,PA,F,4,7,3,3
581,Propuesta 581,Descripción detallada de la propuesta número 581,2025-04-07,BT,F,8,3,3,7
582,Propuesta 582,Descripción detallada de la propuesta número 582,2025-04-05,AR,L,5,1,1,8
583,Propuesta 583,Descripción detallada de la propuesta número 583,2025-04-04,PR,L,4,8,1,3
584,Propuesta 584,Descripción detallada de la propuesta número 584,2025-04-13,BT,F,5,5,4,1
585,Propuesta 585,Descripción detallada de la propuesta número 585,2025-04-27,AR,I,1,7,2,4
586,Propuesta 586,Descripción detallada de la propuesta número 586,2025-04-08,AC,I,5,3,5,6
587,Propuesta 587,Descripción detallada de la propuesta número 587,2025-04-12,PA,L,8,1,6,4
588,Propuesta 588,Descripción detallada de la propuesta número 588,2025-04-20,AC,T,7,6,5,8
589,Propuesta 589,Descripción detallada de la propuesta número 589,2025-04-01,TA,T,6,1,8,4
590,Propuesta 590,Descripción detallada de la propuesta número 590,2025-04-09,TA,I,4,3,5,5
591,Propuesta 591,Descripción detallada de la propuesta número 591,2025-04-09,PR,I,8,3,1,7
592,Propuesta 592,Descripción detallada de la propuesta número 592,2025-04-26,PA,F,1,2,1,5
593,Propuesta 593,Descripción detallada de la propuesta número 593,2025-04-23,AC,T,3,4,7,4
594,Propuesta 594,Descripción detallada de la propuesta número 594,2025-04-22,TA,F,5,2,5,5
595,Propuesta 595,Descripción detallada de la propuesta número 595,2025-04-16,PA,T,8,3,7,6
596,Propuesta 596,Descripción detallada de la propuesta número 596,2025-04-26,RC,L,6,5,3,1
597,Propuesta 597,Descripción detallada de la propuesta número 597,2025-04-17,BT,I,2,4,2,2
598,Propuesta 598,Descripción detallada de la propuesta número 598,2025-04-09,AR,T,7,1,6,2
599,Propuesta 599,Descripción detallada de la propuesta número 599,2025-04-03,AC,L,1,8,5,7
600,Propuesta 600,Descripción detallada de la propuesta número 600,2025-04-29,PA,C,3,5,5,5
601,Propuesta 601,Descripción detallada de la propuesta número 601,2025-04-24,TA,C,5,4,4,5
602,Propuesta 602,Descripción detallada de la propuesta número 602,2025-04-14,RC,T,5,6,3,1
603,Propuesta 603,Descripción detallada de la propuesta número 603,2025-04-02,PA,T,8,5,2,3
604,Propuesta 604,Descripción detallada de la propuesta número 604,2025-05-01,AR,L,1,6,2,8
605,Propuesta 605,Descripción detallada de la propuesta número 605,2025-04-01,AR,I,3,1,8,6
606,Propuesta 606,Descripción detallada de la propuesta número 606,2025-04-18,PA,T,8,8,3,6
607,Propuesta 607,Descripción detallada de la propuesta número 607,2025-04-14,AR,C,5,4,7,1
608,Propuesta 608,Descripción detallada de la propuesta número 608,2025-04-06,PA,L,7,5,4,4
609,Propuesta 609,Descripción detallada de la propuesta número 609,2025-04-01,AR,C,4,4,1,1
610,Propuesta 610,Descripción detallada de la propuesta número 610,2025-04-04,AR,F,4,5,5,1
611,Propuesta 611,Descripción detallada de la propuesta número 611,2025-04-13,TA,I,7,6,7,7
612,Propuesta 612,Descripción detallada de la propuesta número 612,2025-04-09,RC,L,8,6,4,1
613,Propuesta 613,Descripción detallada de la propuesta número 613,2025-04-12,BT,I,4,7,1,6
614,Propuesta 614,Descripción detallada de la propuesta número 614,2025-04-12,RC,L,6,5,1,5
615,Propuesta 615,Descripción detallada de la propuesta número 615,2025-04-09,BT,L,7,6,8,5
616,Propuesta 616,Descripción detallada de la propuesta número 616,2025-04-13,TA,I,7,5,2,1
617,Propuesta 617,Descripción detallada de la propuesta número 617,2025-04-04,TA,I,4,4,8,6
618,Propuesta 618,Descripción detallada de la propuesta número 618,2025-05-01,AC,I,4,7,5,6
619,Propuesta 619,Descripción detallada de la propuesta número 619,2025-04-27,RC,F,4,4,1,6
620,Propuesta 620,Descripción detallada de la propuesta número 620,2025-04-18,AC,L,8,7,1,4
621,Propuesta 621,Descripción detallada de la propuesta número 621,2025-04-08,AR,L,1,3,7,5
622,Propuesta 622,Descripción detallada de la propuesta número 622,2025-04-07,PR,L,7,4,3,6
623,Propuesta 623,Descripción detallada de la propuesta número 623,2025-04-14,TA,T,3,6,6,5
624,Propuesta 624,Descripción detallada de la propuesta número 624,2025-04-25,PR,L,2,7,2,6
625,Propuesta 625,Descripción detallada de la propuesta número 625,2025-04-07,PR,C,7,5,2,2
626,Propuesta 626,Descripción detallada de la propuesta número 626,2025-04-28,TA,I,2,6,8,4
627,Propuesta 627,Descripción detallada de la propuesta número 627,2025-04-19,BT,F,4,2,4,1
628,Propuesta 628,Descripción detallada de la propuesta número 628,2025-04-25,TA,L,8,3,2,2
629,Propuesta 629,Descripción detallada de la propuesta número 629,2025-04-03,AC,L,2,8,1,7
630,Propuesta 630,Descripción detallada de la propuesta número 630,2025-04-03,PR,I,7,1,4,6
631,Propuesta 631,Descripción detallada de la propuesta número 631,2025-04-08,AC,C,4,4,1,2
632,Propuesta 632,Descripción detallada de la propuesta número 632,2025-04-09,PA,I,5,5,8,4
633,Propuesta 633,Descripción detallada de la propuesta número 633,2025-05-01,AC,F,4,5,6,5
634,Propuesta 634,Descripción detallada de la propuesta número 634,2025-05-01,AC,C,6,5,2,5
635,Propuesta 635,Descripción detallada de la propuesta número 635,2025-04-24,PR,T,1,6,1,7
636,Propuesta 636,Descripción detallada de la propuesta número 636,2025-04-29,AC,I,2,8,3,3
637,Propuesta 637,Descripción detallada de la propuesta número 637,2025-04-03,PA,F,5,5,2,6
638,Propuesta 638,Descripción detallada de la propuesta número 638,2025-04-02,BT,C,2,6,1,7
639,Propuesta 639,Descripción detallada de la propuesta número 639,2025-04-11,AC,F,5,8,1,4
640,Propuesta 640,Descripción detallada de la propuesta número 640,2025-04-25,AR,L,8,7,2,7
641,Propuesta 641,Descripción detallada de la propuesta número 641,2025-04-27,AR,T,4,2,6,4
642,Propuesta 642,Descripción detallada de la propuesta número 642,2025-04-25,PA,C,7,5,3,5
643,Propuesta 643,Descripción detallada de la propuesta número 643,2025-04-10,AC,C,1,2,7,7
644,Propuesta 644,Descripción detallada de la propuesta número 644,2025-04-22,RC,I,3,1,3,5
645,Propuesta 645,Descripción detallada de la propuesta número 645,2025-04-06,PR,C,8,7,7,5
646,Propuesta 646,Descripción detallada de la propuesta número 646,2025-04-30,RC,C,1,8,5,5
647,Propuesta 647,Descripción detallada de la propuesta número 647,2025-04-11,PR,L,7,1,5,8
648,Propuesta 648,Descripción detallada de la propuesta número 648,2025-04-03,BT,F,5,8,3,7
649,Propuesta 649,Descripción detallada de la propuesta número 649,2025-04-01,BT,C,4,2,7,6
650,Propuesta 650,Descripción detallada de la propuesta número 650,2025-04-05,BT,F,6,8,5,4
651,Propuesta 651,Descripción detallada de la propuesta número 651,2025-04-05,AC,I,7,8,7,5
652,Propuesta 652,Descripción detallada de la propuesta número 652,2025-04-13,TA,T,6,5,7,3
653,Propuesta 653,Descripción detallada de la propuesta número 653,2025-04-10,AR,C,4,1,5,2
654,Propuesta 654,Descripción detallada de la propuesta número 654,2025-04-02,RC,I,4,7,2,6
655,Propuesta 655,Descripción detallada de la propuesta número 655,2025-04-02,AR,T,8,1,7,3
656,Propuesta 656,Descripción detallada de la propuesta número 656,2025-04-22,AC,F,7,4,8,7
657,Propuesta 657,Descripción detallada de la propuesta número 657,2025-04-23,AR,T,8,1,4,6
658,Propuesta 658,Descripción detallada de la propuesta número 658,2025-04-23,PR,C,6,8,5,7
659,Propuesta 659,Descripción detallada de la propuesta número 659,2025-04-03,AC,C,8,8,5,6
660,Propuesta 660,Descripción detallada de la propuesta número 660,2025-04-14,AR,L,3,7,7,3
661,Propuesta 661,Descripción detallada de la propuesta número 661,2025-04-19,RC,C,1,1,3,8
662,Propuesta 662,Descripción detallada de la propuesta número 662,2025-04-15,RC,C,2,1,2,2
663,Propuesta 663,Descripción detallada de la propuesta número 663,2025-04-22,AR,F,2,4,8,4
664,Propuesta 664,Descripción detallada de la propuesta número 664,2025-04-27,RC,T,3,7,1,5
665,Propuesta 665,Descripción detallada de la propuesta número 665,2025-04-01,RC,F,8,6,8,1
666,Propuesta 666,Descripción detallada de la propuesta número 666,2025-05-01,AR,T,1,8,5,4
667,Propuesta 667,Descripción detallada de la propuesta número 667,2025-04-28,BT,T,3,4,3,5
668,Propuesta 668,Descripción detallada de la propuesta número 668,2025-04-05,AC,F,3,5,2,8
669,Propuesta 669,Descripción detallada de la propuesta número 669,2025-04-07,AC,T,2,3,1,4
670,Propuesta 670,Descripción detallada de la propuesta número 670,2025-04-07,PR,L,8,1,1,8
671,Propuesta 671,Descripción detallada de la propuesta número 671,2025-04-25,PA,I,8,1,1,8
672,Propuesta 672,Descripción detallada de la propuesta número 672,2025-04-03,AC,L,6,8,5,6
673,Propuesta 673,Descripción detallada de la propuesta número 673,2025-04-22,AC,L,2,4,7,6
674,Propuesta 674,Descripción detallada de la propuesta número 674,2025-04-24,TA,I,6,4,8,3
675,Propuesta 675,Descripción detallada de la propuesta número 675,2025-04-01,PR,I,2,5,1,7
676,Propuesta 676,Descripción detallada de la propuesta número 676,2025-04-23,AC,F,3,4,8,2
677,Propuesta 677,Descripción detallada de la propuesta número 677,2025-04-27,TA,L,1,5,3,6
678,Propuesta 678,Descripción detallada de la propuesta número 678,2025-04-16,RC,F,8,3,5,2
679,Propuesta 679,Descripción detallada de la propuesta número 679,2025-04-19,AR,T,1,5,8,3
680,Propuesta 680,Descripción detallada de la propuesta número 680,2025-04-22,AC,T,2,3,7,4
681,Propuesta 681,Descripción detallada de la propuesta número 681,2025-04-23,PR,C,4,5,5,5
682,Propuesta 682,Descripción detallada de la propuesta número 682,2025-04-20,BT,C,5,3,5,6
683,Propuesta 683,Descripción detallada de la propuesta número 683,2025-04-26,TA,L,7,3,2,3
684,Propuesta 684,Descripción detallada de la propuesta número 684,2025-04-11,TA,L,8,1,6,4
685,Propuesta 685,Descripción detallada de la propuesta número 685,2025-04-04,BT,C,7,8,3,8
686,Propuesta 686,Descripción detallada de la propuesta número 686,2025-04-10,PR,T,4,7,6,7
687,Propuesta 687,Descripción detallada de la propuesta número 687,2025-04-20,AR,C,6,4,4,2
688,Propuesta 688,Descripción detallada de la propuesta número 688,2025-04-23,AR,L,1,2,2,1
689,Propuesta 689,Descripción detallada de la propuesta número 689,2025-04-17,RC,T,2,1,4,8
690,Propuesta 690,Descripción detallada de la propuesta número 690,2025-04-13,PA,F,1,5,1,2
691,Propuesta 691,Descripción detallada de la propuesta número 691,2025-04-08,BT,L,8,6,1,6
692,Propuesta 692,Descripción detallada de la propuesta número 692,2025-04-28,AR,C,7,7,6,8
693,Propuesta 693,Descripción detallada de la propuesta número 693,2025-04-04,TA,L,1,1,8,4
694,Propuesta 694,Descripción detallada de la propuesta número 694,2025-04-17,PR,L,5,2,5,1
695,Propuesta 695,Descripción detallada de la propuesta número 695,2025-04-24,PR,F,5,3,5,7
696,Propuesta 696,Descripción detallada de la propuesta número 696,2025-04-04,PA,T,1,5,7,1
697,Propuesta 697,Descripción detallada de la propuesta número 697,2025-04-29,RC,T,2,5,5,5
698,Propuesta 698,Descripción detallada de la propuesta número 698,2025-04-17,AR,C,8,4,4,5
699,Propuesta 699,Descripción detallada de la propuesta número 699,2025-04-03,AC,T,7,4,1,8
700,Propuesta 700,Descripción detallada de la propuesta número 700,2025-04-02,PA,C,5,7,2,7
701,Propuesta 701,Descripción detallada de la propuesta número 701,2025-04-24,AR,T,1,4,1,7
702,Propuesta 702,Descripción detallada de la propuesta número 702,2025-04-02,AC,I,7,1,5,2
703,Propuesta 703,Descripción detallada de la propuesta número 703,2025-04-27,PR,T,1,3,1,8
704,Propuesta 704,Descripción detallada de la propuesta número 704,2025-04-21,PA,C,8,2,2,1
705,Propuesta 705,Descripción detallada de la propuesta número 705,2025-04-15,AR,C,2,6,3,6
706,Propuesta 706,Descripción detallada de la propuesta número 706,2025-04-19,PA,L,6,3,3,8
707,Propuesta 707,Descripción detallada de la propuesta número 707,2025-05-01,TA,C,2,5,7,8
708,Propuesta 708,Descripción detallada de la propuesta número 708,2025-04-04,RC,C,3,1,3,3
709,Propuesta 709,Descripción detallada de la propuesta número 709,2025-04-30,PR,I,8,5,2,6
710,Propuesta 710,Descripción detallada de la propuesta número 710,2025-04-04,AR,L,7,8,8,4
711,Propuesta 711,Descripción detallada de la propuesta número 711,2025-04-11,PR,C,3,6,3,6
712,Propuesta 712,Descripción detallada de la propuesta número 712,2025-04-03,PR,C,3,2,8,6
713,Propuesta 713,Descripción detallada de la propuesta número 713,2025-04-24,PA,T,8,3,3,6
714,Propuesta 714,Descripción detallada de la propuesta número 714,2025-04-08,TA,F,2,5,4,4
715,Propuesta 715,Descripción detallada de la propuesta número 715,2025-04-10,BT,C,2,7,3,6
716,Propuesta 716,Descripción detallada de la propuesta número 716,2025-04-10,AR,L,6,3,6,8
717,Propuesta 717,Descripción detallada de la propuesta número 717,2025-04-05,PR,F,7,5,1,6
718,Propuesta 718,Descripción detallada de la propuesta número 718,2025-04-19,AC,T,4,7,4,8
719,Propuesta 719,Descripción detallada de la propuesta número 719,2025-04-07,PR,T,7,7,6,5
720,Propuesta 720,Descripción detallada de la propuesta número 720,2025-04-23,PA,I,1,7,5,5
721,Propuesta 721,Descripción detallada de la propuesta número 721,2025-04-14,AC,C,7,4,6,7
722,Propuesta 722,Descripción detallada de la propuesta número 722,2025-04-19,PA,I,4,5,6,7
723,Propuesta 723,Descripción detallada de la propuesta número 723,2025-04-16,AR,L,4,7,3,3
724,Propuesta 724,Descripción detallada de la propuesta número 724,2025-04-01,AR,C,1,4,7,8
725,Propuesta 725,Descripción detallada de la propuesta número 725,2025-04-26,PA,T,6,5,7,6
726,Propuesta 726,Descripción detallada de la propuesta número 726,2025-04-16,AR,T,5,4,2,4
727,Propuesta 727,Descripción detallada de la propuesta número 727,2025-04-11,BT,L,7,4,5,7
728,Propuesta 728,Descripción detallada de la propuesta número 728,2025-04-12,PR,F,4,2,1,4
729,Propuesta 729,Descripción detallada de la propuesta número 729,2025-04-12,AC,F,6,6,4,4
730,Propuesta 730,Descripción detallada de la propuesta número 730,2025-04-22,PR,F,1,1,3,7
731,Propuesta 731,Descripción detallada de la propuesta número 731,2025-04-17,AR,T,8,5,1,3
732,Propuesta 732,Descripción detallada de la propuesta número 732,2025-04-15,AR,T,1,5,7,5
733,Propuesta 733,Descripción detallada de la propuesta número 733,2025-04-24,AR,I,7,3,4,1
734,Propuesta 734,Descripción detallada de la propuesta número 734,2025-04-04,AR,I,4,7,2,7
735,Propuesta 735,Descripción detallada de la propuesta número 735,2025-05-01,AC,T,3,7,7,7
736,Propuesta 736,Descripción detallada de la propuesta número 736,2025-04-15,PA,C,4,8,7,8
737,Propuesta 737,Descripción detallada de la propuesta número 737,2025-04-23,AR,F,6,7,1,5
738,Propuesta 738,Descripción detallada de la propuesta número 738,2025-04-13,AC,F,8,6,8,8
739,Propuesta 739,Descripción detallada de la propuesta número 739,2025-04-22,AR,C,7,1,1,2
740,Propuesta 740,Descripción detallada de la propuesta número 740,2025-04-09,PA,F,2,6,1,1
741,Propuesta 741,Descripción detallada de la propuesta número 741,2025-04-10,AC,I,5,6,8,3
742,Propuesta 742,Descripción detallada de la propuesta número 742,2025-04-10,RC,F,2,2,2,7
743,Propuesta 743,Descripción detallada de la propuesta número 743,2025-04-08,RC,C,7,6,2,5
744,Propuesta 744,Descripción detallada de la propuesta número 744,2025-04-01,TA,C,6,5,2,5
745,Propuesta 745,Descripción detallada de la propuesta número 745,2025-05-01,TA,F,8,7,8,2
746,Propuesta 746,Descripción detallada de la propuesta número 746,2025-04-09,PR,C,6,5,3,2
747,Propuesta 747,Descripción detallada de la propuesta número 747,2025-04-19,PA,C,5,4,5,2
748,Propuesta 748,Descripción detallada de la propuesta número 748,2025-04-24,PR,I,8,1,8,1
749,Propuesta 749,Descripción detallada de la propuesta número 749,2025-04-18,PR,C,3,3,2,8
750,Propuesta 750,Descripción detallada de la propuesta número 750,2025-04-19,PR,C,3,1,5,8
751,Propuesta 751,Descripción detallada de la propuesta número 751,2025-04-04,RC,T,2,5,7,7
752,Propuesta 752,Descripción detallada de la propuesta número 752,2025-04-06,BT,I,8,4,3,3
753,Propuesta 753,Descripción detallada de la propuesta número 753,2025-05-01,AR,C,6,1,7,3
754,Propuesta 754,Descripción detallada de la propuesta número 754,2025-04-30,BT,C,1,7,5,2
755,Propuesta 755,Descripción detallada de la propuesta número 755,2025-04-03,RC,I,5,2,8,8
756,Propuesta 756,Descripción detallada de la propuesta número 756,2025-04-08,PA,C,7,6,1,2
757,Propuesta 757,Descripción detallada de la propuesta número 757,2025-05-01,AR,F,7,2,1,7
758,Propuesta 758,Descripción detallada de la propuesta número 758,2025-04-08,PR,C,4,1,1,5
759,Propuesta 759,Descripción detallada de la propuesta número 759,2025-04-10,PA,L,8,5,6,3
760,Propuesta 760,Descripción detallada de la propuesta número 760,2025-04-25,BT,C,1,6,2,1
761,Propuesta 761,Descripción detallada de la propuesta número 761,2025-04-19,PA,T,6,1,5,6
762,Propuesta 762,Descripción detallada de la propuesta número 762,2025-04-15,BT,T,5,7,6,7
763,Propuesta 763,Descripción detallada de la propuesta número 763,2025-04-16,PR,L,3,1,7,1
764,Propuesta 764,Descripción detallada de la propuesta número 764,2025-04-21,AC,C,8,5,7,5
765,Propuesta 765,Descripción detallada de la propuesta número 765,2025-04-01,PA,L,6,2,2,5
766,Propuesta 766,Descripción detallada de la propuesta número 766,2025-04-30,BT,I,8,7,2,1
767,Propuesta 767,Descripción detallada de la propuesta número 767,2025-04-25,AR,L,6,3,5,6
768,Propuesta 768,Descripción detallada de la propuesta número 768,2025-04-09,TA,L,4,5,3,1
769,Propuesta 769,Descripción detallada de la propuesta número 769,2025-04-19,BT,I,6,8,7,4
770,Propuesta 770,Descripción detallada de la propuesta número 770,2025-04-24,TA,C,1,4,1,8
771,Propuesta 771,Descripción detallada de la propuesta número 771,2025-04-02,PR,C,7,3,1,7
772,Propuesta 772,Descripción detallada de la propuesta número 772,2025-04-08,PR,F,3,8,8,8
773,Propuesta 773,Descripción detallada de la propuesta número 773,2025-04-01,RC,F,6,1,4,7
774,Propuesta 774,Descripción detallada de la propuesta número 774,2025-04-02,AR,F,5,3,3,1
775,Propuesta 775,Descripción detallada de la propuesta número 775,2025-04-25,PA,I,8,7,3,3
776,Propuesta 776,Descripción detallada de la propuesta número 776,2025-04-26,PA,I,5,1,7,4
777,Propuesta 777,Descripción detallada de la propuesta número 777,2025-04-11,PA,C,8,3,2,2
778,Propuesta 778,Descripción detallada de la propuesta número 778,2025-04-16,RC,C,3,8,3,7
779,Propuesta 779,Descripción detallada de la propuesta número 779,2025-04-01,AC,C,6,6,1,7
780,Propuesta 780,Descripción detallada de la propuesta número 780,2025-04-13,PR,F,8,8,7,5
781,Propuesta 781,Descripción detallada de la propuesta número 781,2025-04-17,PA,F,5,3,6,2
782,Propuesta 782,Descripción detallada de la propuesta número 782,2025-04-26,AR,T,8,4,2,7
783,Propuesta 783,Descripción detallada de la propuesta número 783,2025-04-21,TA,C,1,1,7,2
784,Propuesta 784,Descripción detallada de la propuesta número 784,2025-04-11,RC,L,3,8,2,2
785,Propuesta 785,Descripción detallada de la propuesta número 785,2025-04-19,AC,L,5,5,5,3
786,Propuesta 786,Descripción detallada de la propuesta número 786,2025-04-13,PA,I,5,2,8,8
787,Propuesta 787,Descripción detallada de la propuesta número 787,2025-04-18,TA,F,1,2,8,7
788,Propuesta 788,Descripción detallada de la propuesta número 788,2025-04-26,PR,C,1,8,2,1
789,Propuesta 789,Descripción detallada de la propuesta número 789,2025-04-08,PR,C,1,6,1,3
790,Propuesta 790,Descripción detallada de la propuesta número 790,2025-04-21,BT,F,6,4,3,2
791,Propuesta 791,Descripción detallada de la propuesta número 791,2025-04-02,PA,L,3,8,3,4
792,Propuesta 792,Descripción detallada de la propuesta número 792,2025-04-25,BT,L,8,6,2,5
793,Propuesta 793,Descripción detallada de la propuesta número 793,2025-04-14,RC,L,8,3,6,3
794,Propuesta 794,Descripción detallada de la propuesta número 794,2025-04-01,PR,C,8,8,1,7
795,Propuesta 795,Descripción detallada de la propuesta número 795,2025-04-11,PA,C,1,5,6,1
796,Propuesta 796,Descripción detallada de la propuesta número 796,2025-04-15,TA,T,4,4,6,2
797,Propuesta 797,Descripción detallada de la propuesta número 797,2025-04-28,AR,T,4,5,7,4
798,Propuesta 798,Descripción detallada de la propuesta número 798,2025-04-10,PA,C,2,5,8,7
799,Propuesta 799,Descripción detallada de la propuesta número 799,2025-04-09,RC,I,8,3,5,5
800,Propuesta 800,Descripción detallada de la propuesta número 800,2025-04-01,PR,I,2,3,3,7
801,Propuesta 801,Descripción detallada de la propuesta número 801,2025-04-05,AC,C,7,4,4,4
802,Propuesta 802,Descripción detallada de la propuesta número 802,2025-04-20,AC,C,6,5,4,3
803,Propuesta 803,Descripción detallada de la propuesta número 803,2025-04-27,PA,C,5,6,7,2
804,Propuesta 804,Descripción detallada de la propuesta número 804,2025-04-06,TA,F,6,4,6,8
805,Propuesta 805,Descripción detallada de la propuesta número 805,2025-04-15,TA,I,2,3,1,6
806,Propuesta 806,Descripción detallada de la propuesta número 806,2025-04-27,AR,C,4,6,3,7
807,Propuesta 807,Descripción detallada de la propuesta número 807,2025-04-02,PR,C,2,2,4,5
808,Propuesta 808,Descripción detallada de la propuesta número 808,2025-04-02,BT,C,3,5,1,3
809,Propuesta 809,Descripción detallada de la propuesta número 809,2025-04-16,PR,L,6,7,2,5
810,Propuesta 810,Descripción detallada de la propuesta número 810,2025-04-14,AC,I,2,3,7,3
811,Propuesta 811,Descripción detallada de la propuesta número 811,2025-04-30,AC,L,3,8,8,4
812,Propuesta 812,Descripción detallada de la propuesta número 812,2025-04-25,AC,T,8,3,4,3
813,Propuesta 813,Descripción detallada de la propuesta número 813,2025-04-19,PA,F,2,4,3,3
814,Propuesta 814,Descripción detallada de la propuesta número 814,2025-04-12,PA,F,3,4,5,2
815,Propuesta 815,Descripción detallada de la propuesta número 815,2025-04-21,AC,T,2,3,7,1
816,Propuesta 816,Descripción detallada de la propuesta número 816,2025-04-16,AR,I,4,4,8,1
817,Propuesta 817,Descripción detallada de la propuesta número 817,2025-04-02,BT,C,3,5,2,6
818,Propuesta 818,Descripción detallada de la propuesta número 818,2025-04-07,BT,T,1,5,4,1
819,Propuesta 819,Descripción detallada de la propuesta número 819,2025-04-25,BT,T,4,8,6,2
820,Propuesta 820,Descripción detallada de la propuesta número 820,2025-04-14,TA,C,6,7,1,6
821,Propuesta 821,Descripción detallada de la propuesta número 821,2025-04-04,TA,T,5,7,5,7
822,Propuesta 822,Descripción detallada de la propuesta número 822,2025-04-30,TA,L,1,8,5,8
823,Propuesta 823,Descripción detallada de la propuesta número 823,2025-04-01,PR,L,2,7,5,7
824,Propuesta 824,Descripción detallada de la propuesta número 824,2025-04-17,BT,L,7,7,8,1
825,Propuesta 825,Descripción detallada de la propuesta número 825,2025-04-15,TA,C,2,1,3,7
826,Propuesta 826,Descripción detallada de la propuesta número 826,2025-04-18,BT,L,4,2,1,4
827,Propuesta 827,Descripción detallada de la propuesta número 827,2025-04-15,AC,C,4,5,1,1
828,Propuesta 828,Descripción detallada de la propuesta número 828,2025-04-28,TA,L,8,1,3,4
829,Propuesta 829,Descripción detallada de la propuesta número 829,2025-04-13,PR,L,4,8,7,2
830,Propuesta 830,Descripción detallada de la propuesta número 830,2025-04-22,PA,L,2,8,5,7
831,Propuesta 831,Descripción detallada de la propuesta número 831,2025-04-22,PR,L,4,6,2,1
832,Propuesta 832,Descripción detallada de la propuesta número 832,2025-04-20,PR,F,1,7,2,5
833,Propuesta 833,Descripción detallada de la propuesta número 833,2025-04-07,PA,I,7,4,6,5
834,Propuesta 834,Descripción detallada de la propuesta número 834,2025-04-06,AC,I,3,5,1,7
835,Propuesta 835,Descripción detallada de la propuesta número 835,2025-04-23,AR,F,2,2,7,1
836,Propuesta 836,Descripción detallada de la propuesta número 836,2025-04-23,AR,C,4,8,4,6
837,Propuesta 837,Descripción detallada de la propuesta número 837,2025-04-29,TA,T,3,7,1,3
838,Propuesta 838,Descripción detallada de la propuesta número 838,2025-04-08,BT,F,5,8,8,8
839,Propuesta 839,Descripción detallada de la propuesta número 839,2025-04-15,BT,C,8,3,6,2
840,Propuesta 840,Descripción detallada de la propuesta número 840,2025-04-25,RC,C,5,7,6,4
841,Propuesta 841,Descripción detallada de la propuesta número 841,2025-04-10,BT,T,4,6,7,8
842,Propuesta 842,Descripción detallada de la propuesta número 842,2025-04-29,PR,L,2,6,6,1
843,Propuesta 843,Descripción detallada de la propuesta número 843,2025-04-17,PR,F,2,3,3,7
844,Propuesta 844,Descripción detallada de la propuesta número 844,2025-04-21,TA,L,3,5,1,4
845,Propuesta 845,Descripción detallada de la propuesta número 845,2025-04-21,BT,T,6,5,1,6
846,Propuesta 846,Descripción detallada de la propuesta número 846,2025-04-11,RC,T,3,3,8,3
847,Propuesta 847,Descripción detallada de la propuesta número 847,2025-04-27,PR,C,4,7,5,2
848,Propuesta 848,Descripción detallada de la propuesta número 848,2025-04-05,AC,I,6,6,2,6
849,Propuesta 849,Descripción detallada de la propuesta número 849,2025-04-13,AR,I,1,8,1,7
850,Propuesta 850,Descripción detallada de la propuesta número 850,2025-04-16,BT,F,6,8,1,3
851,Propuesta 851,Descripción detallada de la propuesta número 851,2025-05-01,PR,C,1,8,4,2
852,Propuesta 852,Descripción detallada de la propuesta número 852,2025-04-22,AC,T,6,2,8,1
853,Propuesta 853,Descripción detallada de la propuesta número 853,2025-04-09,RC,F,2,7,8,1
854,Propuesta 854,Descripción detallada de la propuesta número 854,2025-04-24,RC,I,2,5,4,2
855,Propuesta 855,Descripción detallada de la propuesta número 855,2025-04-18,TA,I,6,8,6,8
856,Propuesta 856,Descripción detallada de la propuesta número 856,2025-04-27,PA,F,6,6,3,6
857,Propuesta 857,Descripción detallada de la propuesta número 857,2025-04-23,RC,I,2,7,5,8
858,Propuesta 858,Descripción detallada de la propuesta número 858,2025-04-21,AC,C,7,6,5,7
859,Propuesta 859,Descripción detallada de la propuesta número 859,2025-04-22,AC,C,2,6,1,7
860,Propuesta 860,Descripción detallada de la propuesta número 860,2025-04-13,BT,F,6,8,6,2
861,Propuesta 861,Descripción detallada de la propuesta número 861,2025-04-14,TA,C,4,1,2,8
862,Propuesta 862,Descripción detallada de la propuesta número 862,2025-04-10,PR,L,8,6,8,8
863,Propuesta 863,Descripción detallada de la propuesta número 863,2025-04-01,PR,T,7,3,1,1
864,Propuesta 864,Descripción detallada de la propuesta número 864,2025-04-08,AR,L,2,5,8,6
865,Propuesta 865,Descripción detallada de la propuesta número 865,2025-04-05,AC,L,3,2,7,8
866,Propuesta 866,Descripción detallada de la propuesta número 866,2025-04-17,AC,F,4,1,1,5
867,Propuesta 867,Descripción detallada de la propuesta número 867,2025-04-12,BT,C,7,4,3,4
868,Propuesta 868,Descripción detallada de la propuesta número 868,2025-04-04,AR,C,2,7,3,1
869,Propuesta 869,Descripción detallada de la propuesta número 869,2025-04-24,RC,C,3,1,7,2
870,Propuesta 870,Descripción detallada de la propuesta número 870,2025-04-09,PR,I,7,5,3,8
871,Propuesta 871,Descripción detallada de la propuesta número 871,2025-04-05,AR,C,6,8,6,4
872,Propuesta 872,Descripción detallada de la propuesta número 872,2025-04-17,BT,T,8,6,6,1
873,Propuesta 873,Descripción detallada de la propuesta número 873,2025-04-08,AC,I,8,6,4,6
874,Propuesta 874,Descripción detallada de la propuesta número 874,2025-04-29,TA,C,4,4,3,4
875,Propuesta 875,Descripción detallada de la propuesta número 875,2025-04-14,AR,F,5,2,8,6
876,Propuesta 876,Descripción detallada de la propuesta número 876,2025-04-01,BT,L,7,8,3,4
877,Propuesta 877,Descripción detallada de la propuesta número 877,2025-04-11,AC,C,3,8,8,8
878,Propuesta 878,Descripción detallada de la propuesta número 878,2025-04-19,BT,T,7,6,6,4
879,Propuesta 879,Descripción detallada de la propuesta número 879,2025-04-11,AR,T,3,2,2,3
880,Propuesta 880,Descripción detallada de la propuesta número 880,2025-04-03,TA,C,6,8,4,5
881,Propuesta 881,Descripción detallada de la propuesta número 881,2025-04-20,TA,T,4,1,8,8
882,Propuesta 882,Descripción detallada de la propuesta número 882,2025-04-06,PR,L,2,6,3,2
883,Propuesta 883,Descripción detallada de la propuesta número 883,2025-04-01,PA,L,1,7,6,6
884,Propuesta 884,Descripción detallada de la propuesta número 884,2025-04-02,BT,I,4,2,1,2
885,Propuesta 885,Descripción detallada de la propuesta número 885,2025-04-03,AC,I,8,4,8,6
886,Propuesta 886,Descripción detallada de la propuesta número 886,2025-04-29,TA,C,3,2,5,5
887,Propuesta 887,Descripción detallada de la propuesta número 887,2025-04-15,BT,F,7,6,3,4
888,Propuesta 888,Descripción detallada de la propuesta número 888,2025-04-13,TA,I,1,5,8,6
889,Propuesta 889,Descripción detallada de la propuesta número 889,2025-04-17,PR,I,4,8,3,5
890,Propuesta 890,Descripción detallada de la propuesta número 890,2025-04-13,AR,C,4,1,1,7
891,Propuesta 891,Descripción detallada de la propuesta número 891,2025-04-03,AC,C,6,5,5,8
892,Propuesta 892,Descripción detallada de la propuesta número 892,2025-04-26,PR,I,2,4,4,6
893,Propuesta 893,Descripción detallada de la propuesta número 893,2025-04-21,TA,T,4,5,6,4
894,Propuesta 894,Descripción detallada de la propuesta número 894,2025-04-07,AR,C,7,3,1,1
895,Propuesta 895,Descripción detallada de la propuesta número 895,2025-05-01,PR,L,6,5,4,1
896,Propuesta 896,Descripción detallada de la propuesta número 896,2025-04-12,BT,F,2,6,2,5
897,Propuesta 897,Descripción detallada de la propuesta número 897,2025-04-21,TA,I,2,4,7,4
898,Propuesta 898,Descripción detallada de la propuesta número 898,2025-04-04,PR,T,1,6,5,7
899,Propuesta 899,Descripción detallada de la propuesta número 899,2025-04-26,RC,F,3,7,1,7
900,Propuesta 900,Descripción detallada de la propuesta número 900,2025-04-08,PR,I,7,1,8,8
901,Propuesta 901,Descripción detallada de la propuesta número 901,2025-04-16,TA,F,6,6,6,3
902,Propuesta 902,Descripción detallada de la propuesta número 902,2025-04-26,AC,I,4,7,7,4
903,Propuesta 903,Descripción detallada de la propuesta número 903,2025-04-28,RC,C,4,3,8,6
904,Propuesta 904,Descripción detallada de la propuesta número 904,2025-04-15,TA,F,6,7,7,3
905,Propuesta 905,Descripción detallada de la propuesta número 905,2025-04-01,BT,L,4,2,6,6
906,Propuesta 906,Descripción detallada de la propuesta número 906,2025-04-05,AC,L,6,5,7,6
907,Propuesta 907,Descripción detallada de la propuesta número 907,2025-04-24,RC,I,5,2,4,1
908,Propuesta 908,Descripción detallada de la propuesta número 908,2025-04-12,BT,F,8,3,8,5
909,Propuesta 909,Descripción detallada de la propuesta número 909,2025-04-12,PA,T,4,1,3,7
910,Propuesta 910,Descripción detallada de la propuesta número 910,2025-04-28,AR,T,2,1,5,4
911,Propuesta 911,Descripción detallada de la propuesta número 911,2025-04-07,PA,L,8,1,6,3
912,Propuesta 912,Descripción detallada de la propuesta número 912,2025-04-29,BT,F,5,3,8,6
913,Propuesta 913,Descripción detallada de la propuesta número 913,2025-04-16,AC,F,3,7,2,6
914,Propuesta 914,Descripción detallada de la propuesta número 914,2025-04-16,TA,T,7,7,8,3
915,Propuesta 915,Descripción detallada de la propuesta número 915,2025-04-08,RC,L,7,4,6,5
916,Propuesta 916,Descripción detallada de la propuesta número 916,2025-04-22,BT,I,4,2,8,1
917,Propuesta 917,Descripción detallada de la propuesta número 917,2025-04-10,TA,L,4,5,3,3
918,Propuesta 918,Descripción detallada de la propuesta número 918,2025-04-12,TA,F,7,6,2,3
919,Propuesta 919,Descripción detallada de la propuesta número 919,2025-04-12,AC,L,1,6,4,2
920,Propuesta 920,Descripción detallada de la propuesta número 920,2025-04-06,BT,L,7,5,6,3
921,Propuesta 921,Descripción detallada de la propuesta número 921,2025-04-11,PR,I,6,5,6,5
922,Propuesta 922,Descripción detallada de la propuesta número 922,2025-04-02,PR,C,8,3,5,8
923,Propuesta 923,Descripción detallada de la propuesta número 923,2025-04-07,AR,T,6,4,3,2
924,Propuesta 924,Descripción detallada de la propuesta número 924,2025-04-03,TA,F,2,4,7,2
925,Propuesta 925,Descripción detallada de la propuesta número 925,2025-04-13,PR,T,4,6,8,7
926,Propuesta 926,Descripción detallada de la propuesta número 926,2025-04-03,PA,I,1,1,7,8
927,Propuesta 927,Descripción detallada de la propuesta número 927,2025-04-29,BT,C,6,6,7,2
928,Propuesta 928,Descripción detallada de la propuesta número 928,2025-04-14,PA,L,6,5,8,7
929,Propuesta 929,Descripción detallada de la propuesta número 929,2025-05-01,AC,L,3,8,7,7
930,Propuesta 930,Descripción detallada de la propuesta número 930,2025-04-22,PR,C,7,1,2,3
931,Propuesta 931,Descripción detallada de la propuesta número 931,2025-04-14,RC,L,5,6,3,8
932,Propuesta 932,Descripción detallada de la propuesta número 932,2025-05-01,AR,I,4,5,3,6
933,Propuesta 933,Descripción detallada de la propuesta número 933,2025-04-16,TA,F,1,7,8,4
934,Propuesta 934,Descripción detallada de la propuesta número 934,2025-04-20,BT,T,8,4,5,1
935,Propuesta 935,Descripción detallada de la propuesta número 935,2025-04-22,BT,I,4,4,7,4
936,Propuesta 936,Descripción detallada de la propuesta número 936,2025-04-21,RC,I,3,6,1,4
937,Propuesta 937,Descripción detallada de la propuesta número 937,2025-04-02,AR,I,3,6,5,8
938,Propuesta 938,Descripción detallada de la propuesta número 938,2025-05-01,AC,T,7,4,6,6
939,Propuesta 939,Descripción detallada de la propuesta número 939,2025-04-29,PA,F,4,2,1,1
940,Propuesta 940,Descripción detallada de la propuesta número 940,2025-04-27,BT,L,2,6,3,2
941,Propuesta 941,Descripción detallada de la propuesta número 941,2025-04-17,PA,C,1,6,5,7
942,Propuesta 942,Descripción detallada de la propuesta número 942,2025-04-04,PR,L,2,3,5,6
943,Propuesta 943,Descripción detallada de la propuesta número 943,2025-04-11,RC,F,2,2,3,5
944,Propuesta 944,Descripción detallada de la propuesta número 944,2025-04-07,BT,I,6,3,3,7
945,Propuesta 945,Descripción detallada de la propuesta número 945,2025-04-28,AC,T,3,8,5,5
946,Propuesta 946,Descripción detallada de la propuesta número 946,2025-04-04,PA,F,8,4,5,6
947,Propuesta 947,Descripción detallada de la propuesta número 947,2025-04-07,BT,F,8,2,7,8
948,Propuesta 948,Descripción detallada de la propuesta número 948,2025-04-30,PA,T,5,6,4,4
949,Propuesta 949,Descripción detallada de la propuesta número 949,2025-04-14,BT,I,2,2,6,8
950,Propuesta 950,Descripción detallada de la propuesta número 950,2025-04-13,PR,L,6,3,8,2
951,Propuesta 951,Descripción detallada de la propuesta número 951,2025-04-25,RC,I,4,6,8,7
952,Propuesta 952,Descripción detallada de la propuesta número 952,2025-04-26,TA,I,2,4,3,4
953,Propuesta 953,Descripción detallada de la propuesta número 953,2025-04-02,AC,I,2,7,4,7
954,Propuesta 954,Descripción detallada de la propuesta número 954,2025-04-30,PA,L,6,3,4,1
955,Propuesta 955,Descripción detallada de la propuesta número 955,2025-04-07,TA,T,3,7,7,7
956,Propuesta 956,Descripción detallada de la propuesta número 956,2025-04-22,TA,T,3,4,4,7
957,Propuesta 957,Descripción detallada de la propuesta número 957,2025-04-20,TA,I,5,5,3,1
958,Propuesta 958,Descripción detallada de la propuesta número 958,2025-04-03,RC,F,1,7,2,1
959,Propuesta 959,Descripción detallada de la propuesta número 959,2025-04-02,AC,T,8,4,4,8
960,Propuesta 960,Descripción detallada de la propuesta número 960,2025-05-01,BT,L,7,2,2,8
961,Propuesta 961,Descripción detallada de la propuesta número 961,2025-04-26,TA,F,1,7,1,6
962,Propuesta 962,Descripción detallada de la propuesta número 962,2025-04-10,TA,C,3,8,8,5
963,Propuesta 963,Descripción detallada de la propuesta número 963,2025-04-27,TA,C,5,6,2,5
964,Propuesta 964,Descripción detallada de la propuesta número 964,2025-04-01,PA,F,7,8,1,2
965,Propuesta 965,Descripción detallada de la propuesta número 965,2025-05-01,RC,L,8,2,5,6
966,Propuesta 966,Descripción detallada de la propuesta número 966,2025-04-15,AR,F,4,5,4,3
967,Propuesta 967,Descripción detallada de la propuesta número 967,2025-04-21,RC,T,7,8,3,8
968,Propuesta 968,Descripción detallada de la propuesta número 968,2025-04-29,BT,T,4,7,4,7
969,Propuesta 969,Descripción detallada de la propuesta número 969,2025-04-02,AR,F,2,1,8,7
970,Propuesta 970,Descripción detallada de la propuesta número 970,2025-04-16,PR,F,8,4,7,3
971,Propuesta 971,Descripción detallada de la propuesta número 971,2025-04-12,BT,L,4,5,1,3
972,Propuesta 972,Descripción detallada de la propuesta número 972,2025-04-06,RC,L,4,4,4,3
973,Propuesta 973,Descripción detallada de la propuesta número 973,2025-04-06,RC,T,7,8,6,7
974,Propuesta 974,Descripción detallada de la propuesta número 974,2025-04-18,AC,I,4,1,7,2
975,Propuesta 975,Descripción detallada de la propuesta número 975,2025-04-27,RC,F,1,3,6,2
976,Propuesta 976,Descripción detallada de la propuesta número 976,2025-04-30,RC,I,1,3,1,5
977,Propuesta 977,Descripción detallada de la propuesta número 977,2025-04-23,PR,C,3,7,2,2
978,Propuesta 978,Descripción detallada de la propuesta número 978,2025-04-15,BT,I,5,7,4,8
979,Propuesta 979,Descripción detallada de la propuesta número 979,2025-04-19,PA,C,5,5,8,7
980,Propuesta 980,Descripción detallada de la propuesta número 980,2025-04-14,TA,F,6,5,1,4
981,Propuesta 981,Descripción detallada de la propuesta número 981,2025-04-23,PR,I,1,5,4,8
982,Propuesta 982,Descripción detallada de la propuesta número 982,2025-04-11,TA,L,4,8,8,1
983,Propuesta 983,Descripción detallada de la propuesta número 983,2025-04-16,PA,C,1,3,7,7
984,Propuesta 984,Descripción detallada de la propuesta número 984,2025-04-18,TA,C,7,6,1,3
985,Propuesta 985,Descripción detallada de la propuesta número 985,2025-04-19,BT,T,4,7,3,6
986,Propuesta 986,Descripción detallada de la propuesta número 986,2025-04-30,TA,T,8,6,3,8
987,Propuesta 987,Descripción detallada de la propuesta número 987,2025-04-04,BT,L,8,1,2,2
988,Propuesta 988,Descripción detallada de la propuesta número 988,2025-04-24,RC,L,5,8,1,2
989,Propuesta 989,Descripción detallada de la propuesta número 989,2025-04-23,BT,I,6,1,6,8
990,Propuesta 990,Descripción detallada de la propuesta número 990,2025-04-07,AC,L,6,2,7,3
991,Propuesta 991,Descripción detallada de la propuesta número 991,2025-04-16,BT,L,1,3,1,1
992,Propuesta 992,Descripción detallada de la propuesta número 992,2025-04-07,RC,T,2,1,3,1
993,Propuesta 993,Descripción detallada de la propuesta número 993,2025-04-26,AC,L,4,6,4,5
994,Propuesta 994,Descripción detallada de la propuesta número 994,2025-04-23,PR,L,2,2,7,8
995,Propuesta 995,Descripción detallada de la propuesta número 995,2025-04-27,AR,I,3,6,3,2
996,Propuesta 996,Descripción detallada de la propuesta número 996,2025-04-16,AC,F,4,6,5,7
997,Propuesta 997,Descripción detallada de la propuesta número 997,2025-04-13,TA,C,3,3,6,4
998,Propuesta 998,Descripción detallada de la propuesta número 998,2025-04-09,BT,C,7,3,7,2
999,Propuesta 999,Descripción detallada de la propuesta número 999,2025-04-18,TA,F,2,1,5,5
1000,Propuesta 1000,Descripción detallada de la propuesta número 1000,2025-04-29,PA,T,7,3,3,1
