id_requisitos,descripcion_r,prioridad_requisito,fecha_registro,estado_r,historial_cambios,fecha_actualizacion,id_cliente
11,Requisito funcional número 11,1,2024-05-31,Activo,Cambios revisión 3,2024-08-04,1
12,Requisito funcional número 12,2,2024-05-11,Nuevo,Cambios revisión 3,2024-07-31,1
13,Requisito funcional número 13,5,2024-05-01,Cerrado,Cambios revisión 4,2024-07-25,8
14,Requisito funcional número 14,1,2024-05-10,Revisado,Cambios revisión 1,2024-08-19,9
15,Requisito funcional número 15,5,2024-06-21,Revisado,Cambios revisión 3,2024-08-24,7
16,Requisito funcional número 16,3,2024-06-01,Revisado,Cambios revisión 2,2024-07-18,4
17,Requisito funcional número 17,1,2024-06-10,Pend,Cambios revisión 2,2024-07-17,2
18,Requisito funcional número 18,5,2024-06-24,Cerrado,Cambios revisión 2,2024-08-27,8
19,Requisito funcional número 19,4,2024-06-01,Activo,Cambios revisión 5,2024-07-04,1
20,Requisito funcional número 20,1,2024-05-03,Revisado,Cambios revisión 1,2024-08-25,9
21,Requisito funcional número 21,4,2024-06-27,Pend,Cambios revisión 2,2024-07-15,9
22,Requisito funcional número 22,2,2024-06-21,Activo,Cambios revisión 3,2024-07-26,9
23,Requisito funcional número 23,2,2024-06-27,Nuevo,Cambios revisión 5,2024-07-26,8
24,Requisito funcional número 24,1,2024-05-14,Activo,Cambios revisión 1,2024-08-04,7
25,Requisito funcional número 25,3,2024-06-26,Revisado,Cambios revisión 5,2024-08-19,3
26,Requisito funcional número 26,2,2024-05-24,Pend,Cambios revisión 4,2024-08-12,10
27,Requisito funcional número 27,2,2024-06-27,Activo,Cambios revisión 2,2024-07-24,4
28,Requisito funcional número 28,4,2024-05-07,Pend,Cambios revisión 1,2024-08-20,5
29,Requisito funcional número 29,3,2024-06-04,Pend,Cambios revisión 4,2024-08-19,3
30,Requisito funcional número 30,3,2024-05-10,Activo,Cambios revisión 1,2024-07-15,1
31,Requisito funcional número 31,5,2024-05-02,Nuevo,Cambios revisión 5,2024-08-17,6
32,Requisito funcional número 32,5,2024-06-23,Activo,Cambios revisión 1,2024-07-25,9
33,Requisito funcional número 33,5,2024-05-04,Cerrado,Cambios revisión 5,2024-08-14,10
34,Requisito funcional número 34,3,2024-05-01,Revisado,Cambios revisión 2,2024-07-15,4
35,Requisito funcional número 35,1,2024-05-11,Nuevo,Cambios revisión 3,2024-08-13,4
36,Requisito funcional número 36,1,2024-05-28,Activo,Cambios revisión 5,2024-07-26,8
37,Requisito funcional número 37,4,2024-05-25,Nuevo,Cambios revisión 3,2024-08-12,1
38,Requisito funcional número 38,1,2024-06-27,Pend,Cambios revisión 3,2024-08-04,4
39,Requisito funcional número 39,5,2024-05-10,Nuevo,Cambios revisión 2,2024-08-12,8
40,Requisito funcional número 40,1,2024-06-30,Cerrado,Cambios revisión 5,2024-08-16,3
41,Requisito funcional número 41,4,2024-05-07,Nuevo,Cambios revisión 3,2024-08-06,1
42,Requisito funcional número 42,3,2024-06-22,Cerrado,Cambios revisión 5,2024-07-25,1
43,Requisito funcional número 43,4,2024-05-02,Revisado,Cambios revisión 4,2024-08-06,5
44,Requisito funcional número 44,4,2024-05-04,Cerrado,Cambios revisión 5,2024-07-11,3
45,Requisito funcional número 45,5,2024-06-21,Cerrado,Cambios revisión 3,2024-07-11,1
46,Requisito funcional número 46,2,2024-06-06,Nuevo,Cambios revisión 5,2024-07-23,7
47,Requisito funcional número 47,4,2024-05-16,Cerrado,Cambios revisión 3,2024-07-23,3
48,Requisito funcional número 48,2,2024-05-29,Nuevo,Cambios revisión 4,2024-07-20,7
49,Requisito funcional número 49,5,2024-05-30,Nuevo,Cambios revisión 3,2024-07-16,7
50,Requisito funcional número 50,5,2024-06-17,Nuevo,Cambios revisión 3,2024-07-14,6
51,Requisito funcional número 51,5,2024-05-26,Cerrado,Cambios revisión 1,2024-07-06,9
52,Requisito funcional número 52,5,2024-06-24,Revisado,Cambios revisión 1,2024-07-25,2
53,Requisito funcional número 53,2,2024-06-10,Activo,Cambios revisión 5,2024-08-10,1
54,Requisito funcional número 54,4,2024-05-27,Activo,Cambios revisión 4,2024-07-22,8
55,Requisito funcional número 55,4,2024-06-02,Revisado,Cambios revisión 1,2024-08-12,1
56,Requisito funcional número 56,4,2024-06-18,Activo,Cambios revisión 4,2024-07-07,8
57,Requisito funcional número 57,3,2024-05-29,Pend,Cambios revisión 1,2024-07-27,10
58,Requisito funcional número 58,5,2024-05-12,Pend,Cambios revisión 5,2024-08-16,4
59,Requisito funcional número 59,4,2024-06-13,Cerrado,Cambios revisión 1,2024-07-27,1
60,Requisito funcional número 60,4,2024-05-23,Revisado,Cambios revisión 3,2024-08-26,7
61,Requisito funcional número 61,5,2024-05-08,Cerrado,Cambios revisión 1,2024-07-06,2
62,Requisito funcional número 62,4,2024-06-27,Revisado,Cambios revisión 3,2024-08-08,5
63,Requisito funcional número 63,4,2024-05-01,Cerrado,Cambios revisión 2,2024-07-12,1
64,Requisito funcional número 64,3,2024-05-10,Pend,Cambios revisión 4,2024-07-21,7
65,Requisito funcional número 65,2,2024-06-02,Activo,Cambios revisión 4,2024-07-29,10
66,Requisito funcional número 66,5,2024-06-18,Nuevo,Cambios revisión 5,2024-07-10,3
67,Requisito funcional número 67,4,2024-05-15,Pend,Cambios revisión 3,2024-07-28,1
68,Requisito funcional número 68,5,2024-05-28,Activo,Cambios revisión 3,2024-08-07,2
69,Requisito funcional número 69,1,2024-05-04,Nuevo,Cambios revisión 3,2024-07-13,1
70,Requisito funcional número 70,4,2024-06-15,Activo,Cambios revisión 4,2024-07-10,8
71,Requisito funcional número 71,5,2024-06-25,Pend,Cambios revisión 3,2024-08-01,7
72,Requisito funcional número 72,2,2024-05-09,Revisado,Cambios revisión 1,2024-07-25,1
73,Requisito funcional número 73,3,2024-06-06,Revisado,Cambios revisión 2,2024-08-05,3
74,Requisito funcional número 74,5,2024-06-08,Nuevo,Cambios revisión 4,2024-07-07,2
75,Requisito funcional número 75,5,2024-06-01,Revisado,Cambios revisión 5,2024-07-02,8
76,Requisito funcional número 76,2,2024-05-08,Nuevo,Cambios revisión 2,2024-08-07,4
77,Requisito funcional número 77,1,2024-05-05,Cerrado,Cambios revisión 1,2024-08-21,5
78,Requisito funcional número 78,3,2024-06-10,Pend,Cambios revisión 3,2024-08-15,9
79,Requisito funcional número 79,4,2024-05-16,Pend,Cambios revisión 1,2024-08-14,5
80,Requisito funcional número 80,4,2024-05-12,Pend,Cambios revisión 4,2024-08-02,5
81,Requisito funcional número 81,3,2024-06-01,Activo,Cambios revisión 1,2024-07-30,7
82,Requisito funcional número 82,2,2024-05-24,Activo,Cambios revisión 4,2024-07-22,2
83,Requisito funcional número 83,3,2024-06-05,Nuevo,Cambios revisión 4,2024-08-24,3
84,Requisito funcional número 84,2,2024-05-23,Pend,Cambios revisión 4,2024-07-02,1
85,Requisito funcional número 85,1,2024-06-11,Nuevo,Cambios revisión 1,2024-07-15,4
86,Requisito funcional número 86,5,2024-06-05,Nuevo,Cambios revisión 5,2024-07-21,8
87,Requisito funcional número 87,4,2024-05-23,Nuevo,Cambios revisión 3,2024-07-29,3
88,Requisito funcional número 88,2,2024-06-30,Cerrado,Cambios revisión 2,2024-08-20,1
89,Requisito funcional número 89,3,2024-06-05,Cerrado,Cambios revisión 1,2024-08-28,8
90,Requisito funcional número 90,5,2024-05-12,Activo,Cambios revisión 3,2024-07-10,8
91,Requisito funcional número 91,2,2024-06-05,Cerrado,Cambios revisión 5,2024-07-11,3
92,Requisito funcional número 92,3,2024-06-01,Revisado,Cambios revisión 4,2024-08-14,1
93,Requisito funcional número 93,2,2024-06-16,Cerrado,Cambios revisión 2,2024-07-22,7
94,Requisito funcional número 94,5,2024-05-31,Cerrado,Cambios revisión 3,2024-08-29,8
95,Requisito funcional número 95,1,2024-05-27,Revisado,Cambios revisión 4,2024-07-02,2
96,Requisito funcional número 96,1,2024-06-16,Nuevo,Cambios revisión 5,2024-08-17,5
97,Requisito funcional número 97,5,2024-05-23,Revisado,Cambios revisión 4,2024-07-25,1
98,Requisito funcional número 98,2,2024-05-08,Cerrado,Cambios revisión 3,2024-08-07,8
99,Requisito funcional número 99,2,2024-06-07,Revisado,Cambios revisión 2,2024-08-22,4
100,Requisito funcional número 100,2,2024-06-27,Nuevo,Cambios revisión 5,2024-07-24,4
101,Requisito funcional número 101,5,2024-06-26,Revisado,Cambios revisión 1,2024-08-04,1
102,Requisito funcional número 102,4,2024-06-23,Nuevo,Cambios revisión 5,2024-08-13,6
103,Requisito funcional número 103,5,2024-06-26,Activo,Cambios revisión 3,2024-07-04,7
104,Requisito funcional número 104,2,2024-05-28,Activo,Cambios revisión 3,2024-08-14,10
105,Requisito funcional número 105,5,2024-05-15,Pend,Cambios revisión 5,2024-07-18,4
106,Requisito funcional número 106,2,2024-06-22,Nuevo,Cambios revisión 4,2024-08-05,1
107,Requisito funcional número 107,5,2024-06-07,Revisado,Cambios revisión 5,2024-08-26,10
108,Requisito funcional número 108,5,2024-05-15,Cerrado,Cambios revisión 2,2024-08-18,10
109,Requisito funcional número 109,5,2024-06-29,Revisado,Cambios revisión 4,2024-07-24,6
110,Requisito funcional número 110,1,2024-06-13,Revisado,Cambios revisión 4,2024-08-28,4
111,Requisito funcional número 111,2,2024-06-26,Nuevo,Cambios revisión 2,2024-08-07,6
112,Requisito funcional número 112,2,2024-05-07,Activo,Cambios revisión 5,2024-07-05,10
113,Requisito funcional número 113,5,2024-05-04,Cerrado,Cambios revisión 5,2024-07-17,1
114,Requisito funcional número 114,2,2024-05-09,Nuevo,Cambios revisión 2,2024-07-09,1
115,Requisito funcional número 115,3,2024-05-15,Revisado,Cambios revisión 4,2024-08-05,8
116,Requisito funcional número 116,3,2024-05-25,Revisado,Cambios revisión 5,2024-07-26,6
117,Requisito funcional número 117,4,2024-06-29,Nuevo,Cambios revisión 1,2024-07-02,8
118,Requisito funcional número 118,4,2024-05-13,Pend,Cambios revisión 1,2024-07-09,4
119,Requisito funcional número 119,4,2024-05-19,Nuevo,Cambios revisión 3,2024-07-13,10
120,Requisito funcional número 120,5,2024-05-22,Nuevo,Cambios revisión 3,2024-07-12,10
121,Requisito funcional número 121,1,2024-05-09,Activo,Cambios revisión 4,2024-08-17,5
122,Requisito funcional número 122,5,2024-06-06,Revisado,Cambios revisión 4,2024-07-16,4
123,Requisito funcional número 123,3,2024-05-17,Cerrado,Cambios revisión 5,2024-08-05,8
124,Requisito funcional número 124,2,2024-06-30,Activo,Cambios revisión 1,2024-07-11,7
125,Requisito funcional número 125,4,2024-05-23,Pend,Cambios revisión 3,2024-08-19,1
126,Requisito funcional número 126,5,2024-05-13,Nuevo,Cambios revisión 4,2024-07-02,1
127,Requisito funcional número 127,1,2024-06-25,Nuevo,Cambios revisión 1,2024-07-19,3
128,Requisito funcional número 128,3,2024-06-11,Nuevo,Cambios revisión 2,2024-08-15,6
129,Requisito funcional número 129,5,2024-06-08,Nuevo,Cambios revisión 2,2024-07-29,8
130,Requisito funcional número 130,2,2024-05-04,Nuevo,Cambios revisión 2,2024-07-24,2
131,Requisito funcional número 131,1,2024-05-04,Nuevo,Cambios revisión 4,2024-07-01,8
132,Requisito funcional número 132,2,2024-05-17,Revisado,Cambios revisión 3,2024-08-13,5
133,Requisito funcional número 133,4,2024-05-20,Cerrado,Cambios revisión 1,2024-07-30,7
134,Requisito funcional número 134,5,2024-06-23,Pend,Cambios revisión 4,2024-07-10,3
135,Requisito funcional número 135,4,2024-05-06,Cerrado,Cambios revisión 5,2024-07-10,3
136,Requisito funcional número 136,3,2024-05-21,Activo,Cambios revisión 4,2024-07-02,4
137,Requisito funcional número 137,2,2024-05-02,Revisado,Cambios revisión 2,2024-08-13,9
138,Requisito funcional número 138,2,2024-06-22,Activo,Cambios revisión 5,2024-07-05,2
139,Requisito funcional número 139,2,2024-05-24,Activo,Cambios revisión 3,2024-08-28,6
140,Requisito funcional número 140,4,2024-05-28,Pend,Cambios revisión 4,2024-07-02,3
141,Requisito funcional número 141,1,2024-06-19,Revisado,Cambios revisión 1,2024-08-17,6
142,Requisito funcional número 142,3,2024-06-05,Pend,Cambios revisión 1,2024-07-10,2
143,Requisito funcional número 143,5,2024-06-11,Activo,Cambios revisión 3,2024-08-11,4
144,Requisito funcional número 144,4,2024-06-20,Activo,Cambios revisión 5,2024-08-05,6
145,Requisito funcional número 145,1,2024-05-26,Pend,Cambios revisión 4,2024-08-07,2
146,Requisito funcional número 146,2,2024-05-28,Pend,Cambios revisión 1,2024-07-28,9
147,Requisito funcional número 147,4,2024-05-28,Pend,Cambios revisión 3,2024-08-12,4
148,Requisito funcional número 148,3,2024-06-08,Cerrado,Cambios revisión 2,2024-08-11,10
149,Requisito funcional número 149,5,2024-05-03,Revisado,Cambios revisión 4,2024-08-22,8
150,Requisito funcional número 150,3,2024-05-14,Revisado,Cambios revisión 1,2024-08-21,4
151,Requisito funcional número 151,3,2024-06-10,Revisado,Cambios revisión 2,2024-08-23,7
152,Requisito funcional número 152,4,2024-05-13,Nuevo,Cambios revisión 2,2024-07-22,7
153,Requisito funcional número 153,4,2024-06-24,Activo,Cambios revisión 5,2024-08-15,10
154,Requisito funcional número 154,1,2024-06-07,Revisado,Cambios revisión 3,2024-07-23,4
155,Requisito funcional número 155,5,2024-06-25,Activo,Cambios revisión 1,2024-07-11,2
156,Requisito funcional número 156,4,2024-05-31,Pend,Cambios revisión 2,2024-07-31,3
157,Requisito funcional número 157,1,2024-06-19,Activo,Cambios revisión 5,2024-08-17,4
158,Requisito funcional número 158,3,2024-05-13,Nuevo,Cambios revisión 3,2024-07-27,3
159,Requisito funcional número 159,1,2024-06-13,Nuevo,Cambios revisión 3,2024-07-13,1
160,Requisito funcional número 160,4,2024-05-07,Nuevo,Cambios revisión 2,2024-07-29,7
161,Requisito funcional número 161,2,2024-05-22,Nuevo,Cambios revisión 1,2024-08-20,5
162,Requisito funcional número 162,4,2024-05-22,Nuevo,Cambios revisión 1,2024-07-22,1
163,Requisito funcional número 163,4,2024-06-08,Activo,Cambios revisión 2,2024-07-12,6
164,Requisito funcional número 164,5,2024-06-07,Cerrado,Cambios revisión 2,2024-08-02,2
165,Requisito funcional número 165,5,2024-05-18,Nuevo,Cambios revisión 5,2024-07-07,2
166,Requisito funcional número 166,2,2024-05-23,Activo,Cambios revisión 2,2024-07-21,5
167,Requisito funcional número 167,1,2024-06-29,Revisado,Cambios revisión 2,2024-07-22,10
168,Requisito funcional número 168,5,2024-05-10,Revisado,Cambios revisión 4,2024-08-10,4
169,Requisito funcional número 169,3,2024-06-21,Revisado,Cambios revisión 2,2024-07-01,10
170,Requisito funcional número 170,1,2024-06-05,Nuevo,Cambios revisión 3,2024-08-11,2
171,Requisito funcional número 171,3,2024-05-25,Activo,Cambios revisión 4,2024-07-09,8
172,Requisito funcional número 172,5,2024-06-25,Nuevo,Cambios revisión 1,2024-08-13,3
173,Requisito funcional número 173,4,2024-05-12,Cerrado,Cambios revisión 3,2024-07-06,2
174,Requisito funcional número 174,3,2024-06-15,Pend,Cambios revisión 5,2024-08-03,10
175,Requisito funcional número 175,1,2024-06-10,Activo,Cambios revisión 3,2024-07-03,3
176,Requisito funcional número 176,4,2024-06-09,Activo,Cambios revisión 4,2024-07-25,4
177,Requisito funcional número 177,2,2024-05-18,Pend,Cambios revisión 2,2024-07-15,6
178,Requisito funcional número 178,2,2024-05-03,Pend,Cambios revisión 2,2024-08-11,1
179,Requisito funcional número 179,3,2024-05-18,Revisado,Cambios revisión 4,2024-08-15,3
180,Requisito funcional número 180,5,2024-05-26,Revisado,Cambios revisión 2,2024-08-18,4
181,Requisito funcional número 181,5,2024-06-02,Nuevo,Cambios revisión 3,2024-07-10,2
182,Requisito funcional número 182,4,2024-06-24,Nuevo,Cambios revisión 1,2024-07-10,7
183,Requisito funcional número 183,4,2024-05-30,Activo,Cambios revisión 1,2024-08-01,3
184,Requisito funcional número 184,4,2024-06-09,Revisado,Cambios revisión 5,2024-08-13,9
185,Requisito funcional número 185,1,2024-06-10,Nuevo,Cambios revisión 4,2024-08-15,5
186,Requisito funcional número 186,5,2024-06-11,Cerrado,Cambios revisión 4,2024-08-02,5
187,Requisito funcional número 187,5,2024-06-07,Activo,Cambios revisión 2,2024-07-07,3
188,Requisito funcional número 188,3,2024-05-10,Pend,Cambios revisión 3,2024-07-04,8
189,Requisito funcional número 189,5,2024-05-26,Pend,Cambios revisión 3,2024-07-10,6
190,Requisito funcional número 190,5,2024-05-06,Cerrado,Cambios revisión 3,2024-08-29,5
191,Requisito funcional número 191,5,2024-06-07,Nuevo,Cambios revisión 2,2024-08-13,8
192,Requisito funcional número 192,5,2024-05-02,Nuevo,Cambios revisión 1,2024-08-29,9
193,Requisito funcional número 193,4,2024-06-13,Pend,Cambios revisión 3,2024-08-03,3
194,Requisito funcional número 194,2,2024-05-05,Activo,Cambios revisión 5,2024-08-15,2
195,Requisito funcional número 195,4,2024-06-19,Revisado,Cambios revisión 4,2024-08-24,10
196,Requisito funcional número 196,2,2024-06-03,Activo,Cambios revisión 3,2024-07-31,8
197,Requisito funcional número 197,2,2024-05-10,Cerrado,Cambios revisión 1,2024-07-30,1
198,Requisito funcional número 198,5,2024-06-24,Nuevo,Cambios revisión 5,2024-08-05,4
199,Requisito funcional número 199,2,2024-06-22,Activo,Cambios revisión 4,2024-08-26,1
200,Requisito funcional número 200,4,2024-06-19,Revisado,Cambios revisión 1,2024-08-20,2
201,Requisito funcional número 201,4,2024-05-13,Nuevo,Cambios revisión 4,2024-08-03,5
202,Requisito funcional número 202,4,2024-05-29,Cerrado,Cambios revisión 2,2024-07-30,7
203,Requisito funcional número 203,5,2024-06-16,Pend,Cambios revisión 2,2024-07-02,2
204,Requisito funcional número 204,3,2024-06-25,Activo,Cambios revisión 5,2024-08-02,7
205,Requisito funcional número 205,3,2024-05-21,Revisado,Cambios revisión 1,2024-08-29,5
206,Requisito funcional número 206,3,2024-06-28,Nuevo,Cambios revisión 5,2024-08-16,4
207,Requisito funcional número 207,5,2024-06-17,Pend,Cambios revisión 4,2024-08-12,4
208,Requisito funcional número 208,1,2024-06-18,Cerrado,Cambios revisión 1,2024-07-07,4
209,Requisito funcional número 209,3,2024-06-27,Cerrado,Cambios revisión 2,2024-08-03,7
210,Requisito funcional número 210,3,2024-05-05,Nuevo,Cambios revisión 4,2024-08-11,10
211,Requisito funcional número 211,2,2024-05-10,Nuevo,Cambios revisión 2,2024-08-17,10
212,Requisito funcional número 212,4,2024-06-06,Cerrado,Cambios revisión 4,2024-07-13,9
213,Requisito funcional número 213,1,2024-06-11,Revisado,Cambios revisión 3,2024-08-03,8
214,Requisito funcional número 214,2,2024-05-19,Revisado,Cambios revisión 3,2024-07-30,6
215,Requisito funcional número 215,4,2024-06-12,Nuevo,Cambios revisión 4,2024-08-04,2
216,Requisito funcional número 216,5,2024-05-24,Activo,Cambios revisión 2,2024-07-10,1
217,Requisito funcional número 217,2,2024-06-09,Revisado,Cambios revisión 3,2024-07-24,1
218,Requisito funcional número 218,4,2024-05-13,Revisado,Cambios revisión 5,2024-08-15,4
219,Requisito funcional número 219,1,2024-05-11,Activo,Cambios revisión 4,2024-07-28,7
220,Requisito funcional número 220,5,2024-06-28,Activo,Cambios revisión 2,2024-08-15,8
221,Requisito funcional número 221,3,2024-05-24,Cerrado,Cambios revisión 5,2024-08-20,3
222,Requisito funcional número 222,3,2024-05-26,Cerrado,Cambios revisión 4,2024-08-14,8
223,Requisito funcional número 223,4,2024-05-18,Activo,Cambios revisión 3,2024-08-28,3
224,Requisito funcional número 224,5,2024-05-11,Pend,Cambios revisión 2,2024-08-01,2
225,Requisito funcional número 225,3,2024-05-13,Nuevo,Cambios revisión 4,2024-07-05,6
226,Requisito funcional número 226,1,2024-05-22,Nuevo,Cambios revisión 3,2024-07-03,3
227,Requisito funcional número 227,4,2024-05-24,Cerrado,Cambios revisión 5,2024-08-01,4
228,Requisito funcional número 228,3,2024-06-07,Activo,Cambios revisión 5,2024-07-09,7
229,Requisito funcional número 229,5,2024-05-01,Activo,Cambios revisión 3,2024-08-25,4
230,Requisito funcional número 230,5,2024-06-15,Cerrado,Cambios revisión 4,2024-08-08,9
231,Requisito funcional número 231,3,2024-05-24,Nuevo,Cambios revisión 5,2024-07-20,5
232,Requisito funcional número 232,3,2024-05-13,Revisado,Cambios revisión 1,2024-08-29,2
233,Requisito funcional número 233,5,2024-06-17,Pend,Cambios revisión 4,2024-07-04,7
234,Requisito funcional número 234,5,2024-05-16,Revisado,Cambios revisión 4,2024-08-24,7
235,Requisito funcional número 235,5,2024-05-27,Pend,Cambios revisión 2,2024-08-19,9
236,Requisito funcional número 236,1,2024-06-04,Nuevo,Cambios revisión 3,2024-08-10,2
237,Requisito funcional número 237,4,2024-06-06,Activo,Cambios revisión 2,2024-08-15,7
238,Requisito funcional número 238,1,2024-05-01,Revisado,Cambios revisión 4,2024-07-08,3
239,Requisito funcional número 239,3,2024-05-25,Revisado,Cambios revisión 2,2024-07-09,5
240,Requisito funcional número 240,2,2024-05-13,Revisado,Cambios revisión 4,2024-07-11,6
241,Requisito funcional número 241,4,2024-06-09,Revisado,Cambios revisión 3,2024-08-05,5
242,Requisito funcional número 242,4,2024-06-11,Nuevo,Cambios revisión 4,2024-07-10,1
243,Requisito funcional número 243,5,2024-05-20,Cerrado,Cambios revisión 5,2024-07-18,6
244,Requisito funcional número 244,5,2024-05-11,Pend,Cambios revisión 3,2024-08-10,3
245,Requisito funcional número 245,1,2024-05-06,Pend,Cambios revisión 2,2024-08-24,1
246,Requisito funcional número 246,1,2024-06-05,Revisado,Cambios revisión 4,2024-07-27,1
247,Requisito funcional número 247,2,2024-06-22,Nuevo,Cambios revisión 5,2024-08-20,9
248,Requisito funcional número 248,4,2024-06-18,Pend,Cambios revisión 5,2024-08-29,5
249,Requisito funcional número 249,3,2024-06-10,Pend,Cambios revisión 4,2024-07-09,7
250,Requisito funcional número 250,3,2024-06-02,Pend,Cambios revisión 4,2024-07-03,1
251,Requisito funcional número 251,1,2024-06-05,Revisado,Cambios revisión 4,2024-07-15,2
252,Requisito funcional número 252,4,2024-06-16,Nuevo,Cambios revisión 4,2024-07-26,2
253,Requisito funcional número 253,3,2024-06-22,Nuevo,Cambios revisión 1,2024-07-28,3
254,Requisito funcional número 254,2,2024-05-07,Nuevo,Cambios revisión 5,2024-08-23,5
255,Requisito funcional número 255,5,2024-06-11,Nuevo,Cambios revisión 4,2024-08-03,10
256,Requisito funcional número 256,1,2024-05-05,Nuevo,Cambios revisión 3,2024-08-08,9
257,Requisito funcional número 257,3,2024-06-24,Revisado,Cambios revisión 2,2024-07-17,2
258,Requisito funcional número 258,3,2024-06-18,Activo,Cambios revisión 4,2024-08-13,5
259,Requisito funcional número 259,1,2024-06-29,Revisado,Cambios revisión 4,2024-08-09,3
260,Requisito funcional número 260,4,2024-05-07,Revisado,Cambios revisión 5,2024-08-10,1
261,Requisito funcional número 261,1,2024-06-21,Revisado,Cambios revisión 5,2024-08-11,3
262,Requisito funcional número 262,5,2024-06-05,Activo,Cambios revisión 2,2024-08-16,5
263,Requisito funcional número 263,3,2024-06-17,Revisado,Cambios revisión 2,2024-08-20,6
264,Requisito funcional número 264,2,2024-06-11,Pend,Cambios revisión 5,2024-08-03,5
265,Requisito funcional número 265,4,2024-05-01,Activo,Cambios revisión 1,2024-08-20,6
266,Requisito funcional número 266,3,2024-05-23,Pend,Cambios revisión 1,2024-07-05,4
267,Requisito funcional número 267,1,2024-05-30,Nuevo,Cambios revisión 1,2024-07-18,4
268,Requisito funcional número 268,5,2024-06-08,Revisado,Cambios revisión 4,2024-08-26,8
269,Requisito funcional número 269,2,2024-06-21,Cerrado,Cambios revisión 3,2024-08-07,2
270,Requisito funcional número 270,5,2024-06-10,Cerrado,Cambios revisión 1,2024-07-17,4
271,Requisito funcional número 271,3,2024-06-25,Activo,Cambios revisión 3,2024-08-01,7
272,Requisito funcional número 272,3,2024-05-03,Pend,Cambios revisión 4,2024-08-24,6
273,Requisito funcional número 273,1,2024-05-23,Nuevo,Cambios revisión 5,2024-07-06,1
274,Requisito funcional número 274,2,2024-06-06,Revisado,Cambios revisión 1,2024-07-26,4
275,Requisito funcional número 275,1,2024-06-16,Revisado,Cambios revisión 3,2024-08-03,8
276,Requisito funcional número 276,5,2024-06-13,Cerrado,Cambios revisión 2,2024-08-13,7
277,Requisito funcional número 277,4,2024-05-20,Activo,Cambios revisión 3,2024-08-19,5
278,Requisito funcional número 278,4,2024-06-15,Pend,Cambios revisión 3,2024-07-06,2
279,Requisito funcional número 279,1,2024-06-21,Nuevo,Cambios revisión 2,2024-08-08,5
280,Requisito funcional número 280,2,2024-06-12,Activo,Cambios revisión 3,2024-07-24,2
281,Requisito funcional número 281,4,2024-05-23,Pend,Cambios revisión 4,2024-08-08,8
282,Requisito funcional número 282,3,2024-05-04,Pend,Cambios revisión 4,2024-08-10,2
283,Requisito funcional número 283,2,2024-05-26,Pend,Cambios revisión 5,2024-07-28,1
284,Requisito funcional número 284,3,2024-05-01,Cerrado,Cambios revisión 4,2024-08-09,10
285,Requisito funcional número 285,1,2024-06-14,Pend,Cambios revisión 3,2024-07-27,7
286,Requisito funcional número 286,2,2024-05-24,Cerrado,Cambios revisión 5,2024-07-21,9
287,Requisito funcional número 287,1,2024-06-25,Cerrado,Cambios revisión 3,2024-07-26,2
288,Requisito funcional número 288,5,2024-06-21,Revisado,Cambios revisión 4,2024-07-19,2
289,Requisito funcional número 289,2,2024-05-25,Pend,Cambios revisión 4,2024-07-07,6
290,Requisito funcional número 290,1,2024-05-23,Cerrado,Cambios revisión 3,2024-08-13,7
291,Requisito funcional número 291,4,2024-06-03,Activo,Cambios revisión 1,2024-07-19,2
292,Requisito funcional número 292,3,2024-05-05,Revisado,Cambios revisión 3,2024-07-28,5
293,Requisito funcional número 293,3,2024-05-16,Pend,Cambios revisión 4,2024-08-12,1
294,Requisito funcional número 294,2,2024-05-05,Revisado,Cambios revisión 1,2024-07-24,8
295,Requisito funcional número 295,3,2024-06-27,Cerrado,Cambios revisión 2,2024-07-26,4
296,Requisito funcional número 296,5,2024-05-08,Cerrado,Cambios revisión 2,2024-07-03,8
297,Requisito funcional número 297,1,2024-06-26,Revisado,Cambios revisión 5,2024-08-23,3
298,Requisito funcional número 298,1,2024-06-13,Cerrado,Cambios revisión 2,2024-08-13,5
299,Requisito funcional número 299,2,2024-05-18,Nuevo,Cambios revisión 2,2024-07-23,6
300,Requisito funcional número 300,2,2024-05-06,Cerrado,Cambios revisión 5,2024-08-18,2
301,Requisito funcional número 301,3,2024-06-06,Cerrado,Cambios revisión 5,2024-07-20,3
302,Requisito funcional número 302,2,2024-05-22,Pend,Cambios revisión 5,2024-08-24,7
303,Requisito funcional número 303,2,2024-05-11,Pend,Cambios revisión 3,2024-07-12,1
304,Requisito funcional número 304,5,2024-06-17,Cerrado,Cambios revisión 2,2024-08-12,4
305,Requisito funcional número 305,2,2024-06-30,Pend,Cambios revisión 4,2024-08-02,5
306,Requisito funcional número 306,2,2024-05-10,Cerrado,Cambios revisión 5,2024-07-10,3
307,Requisito funcional número 307,2,2024-05-24,Pend,Cambios revisión 4,2024-07-28,8
308,Requisito funcional número 308,3,2024-05-16,Nuevo,Cambios revisión 2,2024-08-09,8
309,Requisito funcional número 309,2,2024-06-02,Activo,Cambios revisión 2,2024-08-16,7
310,Requisito funcional número 310,5,2024-05-29,Revisado,Cambios revisión 5,2024-08-23,1
311,Requisito funcional número 311,1,2024-05-25,Pend,Cambios revisión 4,2024-07-13,7
312,Requisito funcional número 312,5,2024-06-15,Pend,Cambios revisión 4,2024-07-12,6
313,Requisito funcional número 313,5,2024-05-10,Pend,Cambios revisión 5,2024-07-24,6
314,Requisito funcional número 314,2,2024-06-29,Pend,Cambios revisión 3,2024-07-18,5
315,Requisito funcional número 315,1,2024-05-19,Activo,Cambios revisión 2,2024-08-27,4
316,Requisito funcional número 316,1,2024-06-20,Cerrado,Cambios revisión 2,2024-07-18,1
317,Requisito funcional número 317,3,2024-05-06,Revisado,Cambios revisión 3,2024-07-27,9
318,Requisito funcional número 318,5,2024-06-13,Activo,Cambios revisión 2,2024-08-06,3
319,Requisito funcional número 319,5,2024-06-08,Revisado,Cambios revisión 4,2024-07-03,7
320,Requisito funcional número 320,1,2024-05-23,Pend,Cambios revisión 5,2024-07-23,6
321,Requisito funcional número 321,4,2024-05-28,Revisado,Cambios revisión 4,2024-07-06,1
322,Requisito funcional número 322,4,2024-06-23,Revisado,Cambios revisión 1,2024-07-05,9
323,Requisito funcional número 323,1,2024-05-11,Cerrado,Cambios revisión 1,2024-08-06,9
324,Requisito funcional número 324,3,2024-06-25,Nuevo,Cambios revisión 5,2024-08-12,2
325,Requisito funcional número 325,4,2024-06-04,Cerrado,Cambios revisión 5,2024-08-29,7
326,Requisito funcional número 326,1,2024-05-30,Activo,Cambios revisión 1,2024-08-23,1
327,Requisito funcional número 327,5,2024-05-08,Revisado,Cambios revisión 4,2024-07-20,1
328,Requisito funcional número 328,5,2024-05-29,Cerrado,Cambios revisión 3,2024-08-14,8
329,Requisito funcional número 329,2,2024-05-09,Cerrado,Cambios revisión 5,2024-08-21,7
330,Requisito funcional número 330,4,2024-06-28,Activo,Cambios revisión 2,2024-07-23,5
331,Requisito funcional número 331,1,2024-05-25,Cerrado,Cambios revisión 2,2024-07-20,2
332,Requisito funcional número 332,2,2024-06-19,Activo,Cambios revisión 1,2024-08-13,6
333,Requisito funcional número 333,5,2024-05-22,Cerrado,Cambios revisión 3,2024-08-16,10
334,Requisito funcional número 334,1,2024-05-14,Revisado,Cambios revisión 2,2024-07-21,9
335,Requisito funcional número 335,2,2024-06-24,Cerrado,Cambios revisión 2,2024-07-12,8
336,Requisito funcional número 336,3,2024-06-15,Revisado,Cambios revisión 1,2024-07-11,2
337,Requisito funcional número 337,3,2024-05-17,Pend,Cambios revisión 2,2024-08-01,3
338,Requisito funcional número 338,3,2024-05-29,Activo,Cambios revisión 5,2024-07-17,1
339,Requisito funcional número 339,2,2024-06-09,Nuevo,Cambios revisión 2,2024-07-02,4
340,Requisito funcional número 340,5,2024-05-07,Revisado,Cambios revisión 1,2024-07-25,1
341,Requisito funcional número 341,1,2024-06-20,Cerrado,Cambios revisión 4,2024-08-19,2
342,Requisito funcional número 342,4,2024-05-01,Activo,Cambios revisión 4,2024-07-26,6
343,Requisito funcional número 343,4,2024-05-12,Activo,Cambios revisión 1,2024-08-21,8
344,Requisito funcional número 344,3,2024-05-21,Pend,Cambios revisión 4,2024-08-17,6
345,Requisito funcional número 345,4,2024-05-08,Nuevo,Cambios revisión 3,2024-08-11,10
346,Requisito funcional número 346,3,2024-06-24,Nuevo,Cambios revisión 4,2024-08-17,3
347,Requisito funcional número 347,5,2024-05-11,Cerrado,Cambios revisión 4,2024-08-06,10
348,Requisito funcional número 348,5,2024-06-05,Cerrado,Cambios revisión 1,2024-08-05,2
349,Requisito funcional número 349,5,2024-05-16,Nuevo,Cambios revisión 4,2024-07-21,5
350,Requisito funcional número 350,1,2024-05-03,Activo,Cambios revisión 4,2024-08-29,1
351,Requisito funcional número 351,2,2024-06-30,Nuevo,Cambios revisión 4,2024-08-24,7
352,Requisito funcional número 352,1,2024-06-15,Revisado,Cambios revisión 3,2024-07-31,7
353,Requisito funcional número 353,5,2024-05-21,Cerrado,Cambios revisión 3,2024-07-23,3
354,Requisito funcional número 354,3,2024-05-14,Pend,Cambios revisión 2,2024-08-14,1
355,Requisito funcional número 355,5,2024-06-11,Nuevo,Cambios revisión 1,2024-07-18,3
356,Requisito funcional número 356,3,2024-06-29,Activo,Cambios revisión 3,2024-08-27,4
357,Requisito funcional número 357,3,2024-05-07,Nuevo,Cambios revisión 4,2024-08-21,9
358,Requisito funcional número 358,4,2024-06-16,Nuevo,Cambios revisión 3,2024-07-26,9
359,Requisito funcional número 359,2,2024-06-04,Activo,Cambios revisión 1,2024-08-20,2
360,Requisito funcional número 360,5,2024-05-15,Nuevo,Cambios revisión 3,2024-07-31,6
361,Requisito funcional número 361,3,2024-06-24,Revisado,Cambios revisión 1,2024-07-22,5
362,Requisito funcional número 362,5,2024-06-20,Revisado,Cambios revisión 2,2024-07-25,6
363,Requisito funcional número 363,2,2024-06-11,Activo,Cambios revisión 3,2024-08-26,5
364,Requisito funcional número 364,4,2024-06-26,Nuevo,Cambios revisión 4,2024-07-06,5
365,Requisito funcional número 365,4,2024-05-22,Nuevo,Cambios revisión 5,2024-08-22,10
366,Requisito funcional número 366,5,2024-06-17,Revisado,Cambios revisión 2,2024-08-01,4
367,Requisito funcional número 367,2,2024-06-17,Nuevo,Cambios revisión 4,2024-08-17,1
368,Requisito funcional número 368,1,2024-06-18,Activo,Cambios revisión 4,2024-07-19,3
369,Requisito funcional número 369,4,2024-05-11,Nuevo,Cambios revisión 1,2024-07-31,1
370,Requisito funcional número 370,5,2024-06-29,Nuevo,Cambios revisión 4,2024-07-22,4
371,Requisito funcional número 371,3,2024-05-03,Cerrado,Cambios revisión 3,2024-07-13,10
372,Requisito funcional número 372,1,2024-06-24,Activo,Cambios revisión 5,2024-08-06,6
373,Requisito funcional número 373,5,2024-06-02,Revisado,Cambios revisión 2,2024-08-28,1
374,Requisito funcional número 374,2,2024-05-04,Cerrado,Cambios revisión 5,2024-07-19,9
375,Requisito funcional número 375,1,2024-05-16,Cerrado,Cambios revisión 3,2024-08-04,1
376,Requisito funcional número 376,5,2024-06-15,Revisado,Cambios revisión 5,2024-08-06,3
377,Requisito funcional número 377,3,2024-05-12,Cerrado,Cambios revisión 5,2024-08-28,6
378,Requisito funcional número 378,3,2024-06-25,Nuevo,Cambios revisión 1,2024-07-24,10
379,Requisito funcional número 379,4,2024-05-29,Cerrado,Cambios revisión 3,2024-07-03,10
380,Requisito funcional número 380,3,2024-06-20,Cerrado,Cambios revisión 5,2024-07-14,6
381,Requisito funcional número 381,1,2024-06-13,Revisado,Cambios revisión 1,2024-07-11,6
382,Requisito funcional número 382,2,2024-05-15,Nuevo,Cambios revisión 4,2024-08-22,6
383,Requisito funcional número 383,4,2024-05-13,Pend,Cambios revisión 1,2024-07-30,6
384,Requisito funcional número 384,1,2024-05-16,Cerrado,Cambios revisión 4,2024-07-22,7
385,Requisito funcional número 385,4,2024-05-08,Activo,Cambios revisión 3,2024-07-18,10
386,Requisito funcional número 386,1,2024-05-01,Cerrado,Cambios revisión 4,2024-07-28,1
387,Requisito funcional número 387,5,2024-06-09,Pend,Cambios revisión 5,2024-07-21,9
388,Requisito funcional número 388,2,2024-05-20,Activo,Cambios revisión 2,2024-08-18,8
389,Requisito funcional número 389,2,2024-06-07,Revisado,Cambios revisión 3,2024-08-12,10
390,Requisito funcional número 390,4,2024-06-04,Nuevo,Cambios revisión 3,2024-07-12,9
391,Requisito funcional número 391,3,2024-06-11,Nuevo,Cambios revisión 2,2024-07-24,1
392,Requisito funcional número 392,2,2024-05-06,Cerrado,Cambios revisión 5,2024-08-05,2
393,Requisito funcional número 393,4,2024-05-14,Cerrado,Cambios revisión 1,2024-08-06,2
394,Requisito funcional número 394,4,2024-05-21,Activo,Cambios revisión 3,2024-07-15,9
395,Requisito funcional número 395,4,2024-06-15,Cerrado,Cambios revisión 1,2024-08-12,8
396,Requisito funcional número 396,4,2024-06-23,Pend,Cambios revisión 2,2024-07-26,8
397,Requisito funcional número 397,2,2024-05-07,Activo,Cambios revisión 5,2024-08-06,1
398,Requisito funcional número 398,2,2024-06-23,Pend,Cambios revisión 1,2024-07-23,5
399,Requisito funcional número 399,5,2024-05-15,Nuevo,Cambios revisión 2,2024-07-21,8
400,Requisito funcional número 400,5,2024-05-21,Revisado,Cambios revisión 5,2024-07-02,9
401,Requisito funcional número 401,5,2024-05-13,Revisado,Cambios revisión 3,2024-07-26,7
402,Requisito funcional número 402,4,2024-06-15,Nuevo,Cambios revisión 5,2024-08-02,5
403,Requisito funcional número 403,4,2024-05-27,Revisado,Cambios revisión 1,2024-08-16,5
404,Requisito funcional número 404,5,2024-05-06,Cerrado,Cambios revisión 3,2024-07-01,7
405,Requisito funcional número 405,2,2024-05-06,Cerrado,Cambios revisión 2,2024-07-12,1
406,Requisito funcional número 406,5,2024-05-29,Revisado,Cambios revisión 2,2024-07-17,6
407,Requisito funcional número 407,5,2024-05-17,Revisado,Cambios revisión 5,2024-08-07,1
408,Requisito funcional número 408,2,2024-06-11,Activo,Cambios revisión 3,2024-07-04,10
409,Requisito funcional número 409,5,2024-05-25,Revisado,Cambios revisión 1,2024-08-21,4
410,Requisito funcional número 410,1,2024-06-29,Pend,Cambios revisión 5,2024-07-16,3
411,Requisito funcional número 411,3,2024-05-20,Cerrado,Cambios revisión 4,2024-07-13,4
412,Requisito funcional número 412,2,2024-05-07,Cerrado,Cambios revisión 4,2024-08-06,10
413,Requisito funcional número 413,1,2024-05-14,Revisado,Cambios revisión 3,2024-07-18,7
414,Requisito funcional número 414,1,2024-06-05,Pend,Cambios revisión 3,2024-08-19,7
415,Requisito funcional número 415,5,2024-06-28,Pend,Cambios revisión 5,2024-08-22,9
416,Requisito funcional número 416,1,2024-06-06,Nuevo,Cambios revisión 1,2024-08-09,5
417,Requisito funcional número 417,3,2024-05-10,Revisado,Cambios revisión 4,2024-07-15,2
418,Requisito funcional número 418,4,2024-06-11,Cerrado,Cambios revisión 2,2024-08-15,5
419,Requisito funcional número 419,2,2024-05-04,Revisado,Cambios revisión 4,2024-07-28,4
420,Requisito funcional número 420,5,2024-05-29,Cerrado,Cambios revisión 5,2024-08-09,8
421,Requisito funcional número 421,4,2024-05-20,Activo,Cambios revisión 2,2024-07-16,8
422,Requisito funcional número 422,2,2024-06-08,Nuevo,Cambios revisión 1,2024-08-01,3
423,Requisito funcional número 423,4,2024-06-05,Pend,Cambios revisión 4,2024-08-08,8
424,Requisito funcional número 424,1,2024-05-12,Activo,Cambios revisión 2,2024-08-21,6
425,Requisito funcional número 425,4,2024-06-14,Activo,Cambios revisión 2,2024-07-10,9
426,Requisito funcional número 426,2,2024-05-22,Pend,Cambios revisión 5,2024-08-09,3
427,Requisito funcional número 427,5,2024-06-25,Revisado,Cambios revisión 4,2024-07-20,10
428,Requisito funcional número 428,3,2024-05-04,Activo,Cambios revisión 4,2024-08-17,1
429,Requisito funcional número 429,2,2024-06-25,Pend,Cambios revisión 1,2024-08-19,8
430,Requisito funcional número 430,3,2024-06-12,Nuevo,Cambios revisión 5,2024-08-10,1
431,Requisito funcional número 431,4,2024-05-31,Pend,Cambios revisión 1,2024-08-03,9
432,Requisito funcional número 432,3,2024-05-07,Cerrado,Cambios revisión 1,2024-08-03,3
433,Requisito funcional número 433,5,2024-06-29,Revisado,Cambios revisión 3,2024-07-01,8
434,Requisito funcional número 434,1,2024-05-11,Nuevo,Cambios revisión 5,2024-07-19,7
435,Requisito funcional número 435,5,2024-05-24,Nuevo,Cambios revisión 5,2024-08-15,4
436,Requisito funcional número 436,3,2024-05-02,Cerrado,Cambios revisión 5,2024-08-18,3
437,Requisito funcional número 437,5,2024-05-07,Cerrado,Cambios revisión 2,2024-08-24,1
438,Requisito funcional número 438,5,2024-06-17,Activo,Cambios revisión 1,2024-07-05,1
439,Requisito funcional número 439,5,2024-05-03,Revisado,Cambios revisión 2,2024-07-23,8
440,Requisito funcional número 440,2,2024-05-18,Nuevo,Cambios revisión 3,2024-08-10,5
441,Requisito funcional número 441,4,2024-06-10,Activo,Cambios revisión 4,2024-08-17,6
442,Requisito funcional número 442,3,2024-05-28,Nuevo,Cambios revisión 4,2024-08-13,8
443,Requisito funcional número 443,1,2024-06-02,Pend,Cambios revisión 2,2024-07-25,8
444,Requisito funcional número 444,4,2024-05-25,Pend,Cambios revisión 5,2024-08-01,7
445,Requisito funcional número 445,5,2024-05-22,Activo,Cambios revisión 2,2024-07-18,8
446,Requisito funcional número 446,2,2024-05-09,Cerrado,Cambios revisión 3,2024-07-27,1
447,Requisito funcional número 447,3,2024-06-29,Nuevo,Cambios revisión 2,2024-08-11,1
448,Requisito funcional número 448,5,2024-05-28,Activo,Cambios revisión 3,2024-07-14,1
449,Requisito funcional número 449,5,2024-06-09,Pend,Cambios revisión 4,2024-07-29,4
450,Requisito funcional número 450,1,2024-06-26,Activo,Cambios revisión 3,2024-08-06,7
451,Requisito funcional número 451,1,2024-06-03,Revisado,Cambios revisión 2,2024-08-05,1
452,Requisito funcional número 452,4,2024-05-10,Revisado,Cambios revisión 4,2024-07-24,4
453,Requisito funcional número 453,5,2024-06-21,Pend,Cambios revisión 4,2024-08-22,5
454,Requisito funcional número 454,2,2024-05-25,Cerrado,Cambios revisión 2,2024-07-18,2
455,Requisito funcional número 455,3,2024-05-01,Revisado,Cambios revisión 1,2024-07-04,6
456,Requisito funcional número 456,2,2024-05-03,Revisado,Cambios revisión 3,2024-07-03,7
457,Requisito funcional número 457,4,2024-06-01,Pend,Cambios revisión 2,2024-07-12,10
458,Requisito funcional número 458,1,2024-05-22,Nuevo,Cambios revisión 3,2024-08-15,4
459,Requisito funcional número 459,2,2024-06-01,Cerrado,Cambios revisión 2,2024-08-06,8
460,Requisito funcional número 460,4,2024-05-18,Revisado,Cambios revisión 2,2024-08-11,3
461,Requisito funcional número 461,2,2024-05-27,Revisado,Cambios revisión 5,2024-08-07,4
462,Requisito funcional número 462,4,2024-05-22,Activo,Cambios revisión 1,2024-08-20,3
463,Requisito funcional número 463,1,2024-05-04,Pend,Cambios revisión 2,2024-08-15,1
464,Requisito funcional número 464,3,2024-06-12,Activo,Cambios revisión 2,2024-08-04,3
465,Requisito funcional número 465,2,2024-05-22,Revisado,Cambios revisión 5,2024-07-24,4
466,Requisito funcional número 466,4,2024-06-23,Cerrado,Cambios revisión 1,2024-08-26,10
467,Requisito funcional número 467,2,2024-05-14,Pend,Cambios revisión 3,2024-08-23,5
468,Requisito funcional número 468,2,2024-05-31,Nuevo,Cambios revisión 3,2024-07-29,8
469,Requisito funcional número 469,1,2024-06-14,Pend,Cambios revisión 2,2024-08-09,3
470,Requisito funcional número 470,3,2024-06-24,Pend,Cambios revisión 1,2024-08-08,1
471,Requisito funcional número 471,3,2024-05-02,Cerrado,Cambios revisión 3,2024-08-13,8
472,Requisito funcional número 472,2,2024-06-02,Activo,Cambios revisión 4,2024-07-02,5
473,Requisito funcional número 473,2,2024-06-02,Cerrado,Cambios revisión 3,2024-07-21,9
474,Requisito funcional número 474,3,2024-06-21,Revisado,Cambios revisión 3,2024-08-11,5
475,Requisito funcional número 475,5,2024-05-11,Cerrado,Cambios revisión 5,2024-08-27,6
476,Requisito funcional número 476,2,2024-05-20,Nuevo,Cambios revisión 1,2024-07-22,9
477,Requisito funcional número 477,4,2024-05-04,Nuevo,Cambios revisión 5,2024-08-23,9
478,Requisito funcional número 478,3,2024-05-29,Revisado,Cambios revisión 5,2024-07-09,1
479,Requisito funcional número 479,3,2024-05-12,Nuevo,Cambios revisión 2,2024-07-29,3
480,Requisito funcional número 480,5,2024-05-08,Cerrado,Cambios revisión 1,2024-07-31,8
481,Requisito funcional número 481,5,2024-05-01,Activo,Cambios revisión 1,2024-07-08,3
482,Requisito funcional número 482,2,2024-06-09,Cerrado,Cambios revisión 1,2024-08-22,9
483,Requisito funcional número 483,4,2024-06-23,Cerrado,Cambios revisión 3,2024-07-30,10
484,Requisito funcional número 484,4,2024-05-07,Pend,Cambios revisión 1,2024-08-21,4
485,Requisito funcional número 485,2,2024-05-26,Revisado,Cambios revisión 1,2024-08-03,7
486,Requisito funcional número 486,1,2024-06-01,Cerrado,Cambios revisión 2,2024-08-06,3
487,Requisito funcional número 487,5,2024-05-27,Cerrado,Cambios revisión 2,2024-08-27,7
488,Requisito funcional número 488,2,2024-05-07,Pend,Cambios revisión 4,2024-07-17,3
489,Requisito funcional número 489,2,2024-05-28,Pend,Cambios revisión 3,2024-07-04,9
490,Requisito funcional número 490,5,2024-05-06,Activo,Cambios revisión 3,2024-08-23,3
491,Requisito funcional número 491,1,2024-05-28,Pend,Cambios revisión 3,2024-08-06,7
492,Requisito funcional número 492,4,2024-05-04,Nuevo,Cambios revisión 3,2024-07-16,7
493,Requisito funcional número 493,3,2024-06-20,Revisado,Cambios revisión 5,2024-08-03,1
494,Requisito funcional número 494,3,2024-05-24,Pend,Cambios revisión 3,2024-08-01,10
495,Requisito funcional número 495,2,2024-06-30,Cerrado,Cambios revisión 2,2024-08-22,9
496,Requisito funcional número 496,4,2024-05-29,Nuevo,Cambios revisión 4,2024-08-10,6
497,Requisito funcional número 497,3,2024-06-11,Pend,Cambios revisión 3,2024-07-15,8
498,Requisito funcional número 498,4,2024-05-17,Cerrado,Cambios revisión 3,2024-08-11,1
499,Requisito funcional número 499,4,2024-06-27,Pend,Cambios revisión 4,2024-07-26,3
500,Requisito funcional número 500,4,2024-06-02,Nuevo,Cambios revisión 4,2024-07-29,4
501,Requisito funcional número 501,4,2024-05-20,Activo,Cambios revisión 4,2024-07-22,5
502,Requisito funcional número 502,3,2024-06-03,Nuevo,Cambios revisión 3,2024-08-13,7
503,Requisito funcional número 503,5,2024-06-06,Nuevo,Cambios revisión 3,2024-07-30,3
504,Requisito funcional número 504,4,2024-05-28,Nuevo,Cambios revisión 2,2024-08-25,3
505,Requisito funcional número 505,5,2024-06-12,Cerrado,Cambios revisión 3,2024-07-08,4
506,Requisito funcional número 506,4,2024-05-16,Cerrado,Cambios revisión 4,2024-07-04,7
507,Requisito funcional número 507,2,2024-05-10,Activo,Cambios revisión 1,2024-07-05,7
508,Requisito funcional número 508,5,2024-06-10,Activo,Cambios revisión 3,2024-07-22,7
509,Requisito funcional número 509,5,2024-05-08,Activo,Cambios revisión 4,2024-07-25,7
510,Requisito funcional número 510,5,2024-06-05,Revisado,Cambios revisión 1,2024-08-18,2
511,Requisito funcional número 511,1,2024-06-09,Pend,Cambios revisión 2,2024-07-02,9
512,Requisito funcional número 512,2,2024-05-11,Activo,Cambios revisión 2,2024-08-25,1
513,Requisito funcional número 513,2,2024-05-30,Pend,Cambios revisión 5,2024-08-25,3
514,Requisito funcional número 514,1,2024-05-10,Cerrado,Cambios revisión 2,2024-08-09,10
515,Requisito funcional número 515,4,2024-05-01,Pend,Cambios revisión 3,2024-07-07,7
516,Requisito funcional número 516,5,2024-05-02,Cerrado,Cambios revisión 5,2024-08-17,5
517,Requisito funcional número 517,3,2024-06-27,Revisado,Cambios revisión 3,2024-08-08,5
518,Requisito funcional número 518,4,2024-06-01,Pend,Cambios revisión 3,2024-08-07,3
519,Requisito funcional número 519,5,2024-06-08,Activo,Cambios revisión 3,2024-08-26,8
520,Requisito funcional número 520,5,2024-06-04,Activo,Cambios revisión 3,2024-07-19,10
521,Requisito funcional número 521,4,2024-05-26,Nuevo,Cambios revisión 1,2024-07-15,5
522,Requisito funcional número 522,1,2024-06-27,Revisado,Cambios revisión 2,2024-08-10,7
523,Requisito funcional número 523,4,2024-05-19,Pend,Cambios revisión 4,2024-07-06,10
524,Requisito funcional número 524,4,2024-05-30,Activo,Cambios revisión 2,2024-07-10,1
525,Requisito funcional número 525,5,2024-05-20,Nuevo,Cambios revisión 3,2024-07-07,7
526,Requisito funcional número 526,1,2024-06-12,Revisado,Cambios revisión 5,2024-08-03,1
527,Requisito funcional número 527,2,2024-05-03,Revisado,Cambios revisión 5,2024-08-26,3
528,Requisito funcional número 528,2,2024-05-24,Pend,Cambios revisión 2,2024-08-14,7
529,Requisito funcional número 529,4,2024-05-29,Activo,Cambios revisión 1,2024-08-28,2
530,Requisito funcional número 530,1,2024-05-13,Activo,Cambios revisión 5,2024-07-08,3
531,Requisito funcional número 531,5,2024-06-23,Revisado,Cambios revisión 5,2024-08-15,6
532,Requisito funcional número 532,4,2024-05-24,Revisado,Cambios revisión 1,2024-07-25,1
533,Requisito funcional número 533,2,2024-06-17,Activo,Cambios revisión 1,2024-07-25,4
534,Requisito funcional número 534,2,2024-05-26,Pend,Cambios revisión 3,2024-07-05,3
535,Requisito funcional número 535,4,2024-06-11,Activo,Cambios revisión 2,2024-07-23,10
536,Requisito funcional número 536,3,2024-06-28,Revisado,Cambios revisión 1,2024-07-02,9
537,Requisito funcional número 537,3,2024-05-23,Revisado,Cambios revisión 5,2024-07-25,1
538,Requisito funcional número 538,5,2024-05-08,Cerrado,Cambios revisión 3,2024-08-15,6
539,Requisito funcional número 539,5,2024-05-14,Cerrado,Cambios revisión 3,2024-07-12,7
540,Requisito funcional número 540,3,2024-05-17,Activo,Cambios revisión 1,2024-07-12,4
541,Requisito funcional número 541,3,2024-05-11,Pend,Cambios revisión 5,2024-07-07,3
542,Requisito funcional número 542,1,2024-06-21,Cerrado,Cambios revisión 5,2024-07-22,9
543,Requisito funcional número 543,4,2024-05-03,Pend,Cambios revisión 1,2024-07-21,5
544,Requisito funcional número 544,1,2024-05-07,Nuevo,Cambios revisión 1,2024-07-10,3
545,Requisito funcional número 545,2,2024-06-02,Revisado,Cambios revisión 1,2024-08-07,5
546,Requisito funcional número 546,2,2024-05-10,Pend,Cambios revisión 3,2024-08-20,9
547,Requisito funcional número 547,1,2024-05-27,Pend,Cambios revisión 3,2024-08-28,3
548,Requisito funcional número 548,5,2024-06-23,Cerrado,Cambios revisión 5,2024-08-15,6
549,Requisito funcional número 549,3,2024-05-07,Cerrado,Cambios revisión 2,2024-07-12,10
550,Requisito funcional número 550,4,2024-06-11,Nuevo,Cambios revisión 1,2024-07-22,5
551,Requisito funcional número 551,4,2024-06-13,Pend,Cambios revisión 3,2024-07-31,10
552,Requisito funcional número 552,4,2024-05-21,Activo,Cambios revisión 1,2024-08-24,7
553,Requisito funcional número 553,5,2024-06-18,Revisado,Cambios revisión 4,2024-07-30,5
554,Requisito funcional número 554,1,2024-05-12,Cerrado,Cambios revisión 4,2024-07-22,5
555,Requisito funcional número 555,2,2024-05-07,Nuevo,Cambios revisión 1,2024-07-04,3
556,Requisito funcional número 556,1,2024-06-22,Cerrado,Cambios revisión 4,2024-08-12,2
557,Requisito funcional número 557,1,2024-05-23,Activo,Cambios revisión 1,2024-08-01,7
558,Requisito funcional número 558,3,2024-05-30,Cerrado,Cambios revisión 2,2024-08-06,8
559,Requisito funcional número 559,4,2024-05-12,Activo,Cambios revisión 1,2024-08-05,1
560,Requisito funcional número 560,2,2024-06-13,Activo,Cambios revisión 3,2024-07-31,9
561,Requisito funcional número 561,3,2024-06-10,Revisado,Cambios revisión 5,2024-08-18,3
562,Requisito funcional número 562,3,2024-06-23,Activo,Cambios revisión 4,2024-08-24,3
563,Requisito funcional número 563,2,2024-06-06,Pend,Cambios revisión 1,2024-08-19,8
564,Requisito funcional número 564,2,2024-06-29,Activo,Cambios revisión 2,2024-08-07,3
565,Requisito funcional número 565,5,2024-06-01,Revisado,Cambios revisión 3,2024-07-27,10
566,Requisito funcional número 566,2,2024-05-19,Cerrado,Cambios revisión 5,2024-08-28,5
567,Requisito funcional número 567,4,2024-06-23,Activo,Cambios revisión 3,2024-08-12,5
568,Requisito funcional número 568,3,2024-05-27,Cerrado,Cambios revisión 1,2024-07-17,6
569,Requisito funcional número 569,1,2024-06-04,Nuevo,Cambios revisión 2,2024-08-06,10
570,Requisito funcional número 570,2,2024-05-23,Activo,Cambios revisión 5,2024-08-17,10
571,Requisito funcional número 571,3,2024-05-11,Activo,Cambios revisión 5,2024-07-26,9
572,Requisito funcional número 572,2,2024-05-28,Revisado,Cambios revisión 1,2024-07-24,4
573,Requisito funcional número 573,1,2024-06-20,Nuevo,Cambios revisión 4,2024-07-13,5
574,Requisito funcional número 574,1,2024-06-18,Nuevo,Cambios revisión 5,2024-08-14,2
575,Requisito funcional número 575,5,2024-05-17,Revisado,Cambios revisión 3,2024-07-18,9
576,Requisito funcional número 576,2,2024-06-30,Revisado,Cambios revisión 1,2024-07-30,3
577,Requisito funcional número 577,3,2024-06-29,Revisado,Cambios revisión 2,2024-07-05,9
578,Requisito funcional número 578,1,2024-06-15,Revisado,Cambios revisión 1,2024-08-01,2
579,Requisito funcional número 579,4,2024-05-24,Pend,Cambios revisión 3,2024-08-21,1
580,Requisito funcional número 580,3,2024-05-26,Nuevo,Cambios revisión 2,2024-08-20,6
581,Requisito funcional número 581,2,2024-06-09,Revisado,Cambios revisión 2,2024-07-14,1
582,Requisito funcional número 582,3,2024-06-13,Revisado,Cambios revisión 4,2024-07-16,4
583,Requisito funcional número 583,5,2024-06-05,Revisado,Cambios revisión 4,2024-07-10,5
584,Requisito funcional número 584,4,2024-05-09,Revisado,Cambios revisión 4,2024-08-06,1
585,Requisito funcional número 585,5,2024-06-28,Cerrado,Cambios revisión 3,2024-07-03,9
586,Requisito funcional número 586,3,2024-06-02,Pend,Cambios revisión 2,2024-07-11,9
587,Requisito funcional número 587,5,2024-06-11,Nuevo,Cambios revisión 3,2024-08-20,3
588,Requisito funcional número 588,5,2024-06-20,Activo,Cambios revisión 5,2024-07-23,8
589,Requisito funcional número 589,1,2024-05-12,Activo,Cambios revisión 5,2024-07-26,4
590,Requisito funcional número 590,2,2024-05-31,Activo,Cambios revisión 2,2024-08-10,1
591,Requisito funcional número 591,3,2024-05-02,Revisado,Cambios revisión 3,2024-07-07,1
592,Requisito funcional número 592,4,2024-06-15,Pend,Cambios revisión 2,2024-08-08,6
593,Requisito funcional número 593,3,2024-05-03,Cerrado,Cambios revisión 2,2024-08-29,1
594,Requisito funcional número 594,5,2024-06-30,Pend,Cambios revisión 3,2024-08-22,4
595,Requisito funcional número 595,2,2024-06-27,Nuevo,Cambios revisión 5,2024-08-24,6
596,Requisito funcional número 596,5,2024-05-09,Pend,Cambios revisión 3,2024-08-04,4
597,Requisito funcional número 597,1,2024-06-03,Activo,Cambios revisión 3,2024-08-24,1
598,Requisito funcional número 598,1,2024-06-23,Activo,Cambios revisión 1,2024-07-14,4
599,Requisito funcional número 599,4,2024-06-14,Nuevo,Cambios revisión 5,2024-08-28,6
600,Requisito funcional número 600,3,2024-05-17,Cerrado,Cambios revisión 2,2024-07-29,6
601,Requisito funcional número 601,5,2024-06-15,Activo,Cambios revisión 5,2024-07-27,5
602,Requisito funcional número 602,3,2024-06-05,Pend,Cambios revisión 1,2024-07-02,1
603,Requisito funcional número 603,4,2024-06-01,Nuevo,Cambios revisión 3,2024-07-30,6
604,Requisito funcional número 604,5,2024-06-12,Nuevo,Cambios revisión 4,2024-07-28,1
605,Requisito funcional número 605,5,2024-06-25,Pend,Cambios revisión 3,2024-07-05,9
606,Requisito funcional número 606,4,2024-05-20,Nuevo,Cambios revisión 3,2024-08-09,10
607,Requisito funcional número 607,3,2024-06-13,Nuevo,Cambios revisión 1,2024-08-20,2
608,Requisito funcional número 608,5,2024-05-22,Nuevo,Cambios revisión 2,2024-07-30,10
609,Requisito funcional número 609,3,2024-05-08,Pend,Cambios revisión 2,2024-07-11,9
610,Requisito funcional número 610,5,2024-05-03,Revisado,Cambios revisión 3,2024-07-18,4
611,Requisito funcional número 611,3,2024-06-22,Pend,Cambios revisión 4,2024-08-18,8
612,Requisito funcional número 612,5,2024-05-25,Nuevo,Cambios revisión 4,2024-08-16,6
613,Requisito funcional número 613,3,2024-06-09,Pend,Cambios revisión 4,2024-07-22,1
614,Requisito funcional número 614,2,2024-06-28,Pend,Cambios revisión 4,2024-07-22,7
615,Requisito funcional número 615,5,2024-06-07,Revisado,Cambios revisión 3,2024-07-27,5
616,Requisito funcional número 616,1,2024-05-26,Revisado,Cambios revisión 3,2024-08-28,4
617,Requisito funcional número 617,4,2024-05-13,Pend,Cambios revisión 1,2024-07-27,3
618,Requisito funcional número 618,2,2024-05-24,Pend,Cambios revisión 5,2024-08-03,10
619,Requisito funcional número 619,5,2024-05-19,Activo,Cambios revisión 4,2024-08-20,2
620,Requisito funcional número 620,3,2024-05-19,Pend,Cambios revisión 3,2024-08-01,10
621,Requisito funcional número 621,3,2024-06-17,Activo,Cambios revisión 5,2024-07-21,9
622,Requisito funcional número 622,4,2024-05-18,Cerrado,Cambios revisión 2,2024-08-09,8
623,Requisito funcional número 623,2,2024-06-27,Cerrado,Cambios revisión 5,2024-08-02,6
624,Requisito funcional número 624,3,2024-05-04,Revisado,Cambios revisión 1,2024-07-25,1
625,Requisito funcional número 625,2,2024-05-11,Nuevo,Cambios revisión 4,2024-08-15,7
626,Requisito funcional número 626,3,2024-05-10,Nuevo,Cambios revisión 1,2024-08-15,9
627,Requisito funcional número 627,4,2024-06-20,Nuevo,Cambios revisión 1,2024-08-07,3
628,Requisito funcional número 628,3,2024-05-30,Cerrado,Cambios revisión 1,2024-08-27,9
629,Requisito funcional número 629,1,2024-06-19,Cerrado,Cambios revisión 2,2024-07-22,6
630,Requisito funcional número 630,4,2024-06-27,Cerrado,Cambios revisión 4,2024-08-03,10
631,Requisito funcional número 631,4,2024-05-18,Nuevo,Cambios revisión 3,2024-08-17,8
632,Requisito funcional número 632,4,2024-05-11,Pend,Cambios revisión 1,2024-07-25,8
633,Requisito funcional número 633,5,2024-06-09,Revisado,Cambios revisión 5,2024-07-25,4
634,Requisito funcional número 634,3,2024-05-31,Nuevo,Cambios revisión 3,2024-07-17,10
635,Requisito funcional número 635,1,2024-06-13,Activo,Cambios revisión 3,2024-08-28,4
636,Requisito funcional número 636,4,2024-06-12,Pend,Cambios revisión 1,2024-08-18,3
637,Requisito funcional número 637,5,2024-05-05,Revisado,Cambios revisión 4,2024-08-11,10
638,Requisito funcional número 638,3,2024-05-26,Activo,Cambios revisión 1,2024-08-23,4
639,Requisito funcional número 639,5,2024-05-11,Activo,Cambios revisión 3,2024-07-11,7
640,Requisito funcional número 640,2,2024-06-30,Activo,Cambios revisión 4,2024-08-28,10
641,Requisito funcional número 641,2,2024-06-16,Revisado,Cambios revisión 4,2024-07-15,7
642,Requisito funcional número 642,2,2024-06-03,Cerrado,Cambios revisión 1,2024-07-07,4
643,Requisito funcional número 643,2,2024-05-18,Activo,Cambios revisión 4,2024-08-20,1
644,Requisito funcional número 644,4,2024-06-15,Activo,Cambios revisión 4,2024-07-30,6
645,Requisito funcional número 645,5,2024-05-07,Revisado,Cambios revisión 1,2024-07-17,7
646,Requisito funcional número 646,3,2024-05-20,Cerrado,Cambios revisión 4,2024-08-20,8
647,Requisito funcional número 647,3,2024-05-01,Revisado,Cambios revisión 4,2024-08-02,2
648,Requisito funcional número 648,1,2024-06-30,Revisado,Cambios revisión 3,2024-08-05,8
649,Requisito funcional número 649,1,2024-06-22,Activo,Cambios revisión 3,2024-07-09,6
650,Requisito funcional número 650,2,2024-06-09,Activo,Cambios revisión 5,2024-08-10,3
651,Requisito funcional número 651,2,2024-05-23,Cerrado,Cambios revisión 3,2024-07-14,8
652,Requisito funcional número 652,5,2024-06-27,Nuevo,Cambios revisión 3,2024-08-15,4
653,Requisito funcional número 653,1,2024-05-18,Revisado,Cambios revisión 1,2024-07-28,5
654,Requisito funcional número 654,4,2024-06-16,Revisado,Cambios revisión 3,2024-08-03,2
655,Requisito funcional número 655,5,2024-05-21,Cerrado,Cambios revisión 2,2024-07-15,2
656,Requisito funcional número 656,1,2024-06-09,Pend,Cambios revisión 2,2024-07-23,7
657,Requisito funcional número 657,4,2024-05-15,Cerrado,Cambios revisión 2,2024-07-20,5
658,Requisito funcional número 658,5,2024-06-22,Pend,Cambios revisión 5,2024-08-24,10
659,Requisito funcional número 659,3,2024-05-31,Activo,Cambios revisión 1,2024-08-01,7
660,Requisito funcional número 660,5,2024-06-23,Nuevo,Cambios revisión 3,2024-08-11,1
661,Requisito funcional número 661,4,2024-06-22,Cerrado,Cambios revisión 2,2024-07-21,7
662,Requisito funcional número 662,4,2024-05-01,Activo,Cambios revisión 1,2024-08-21,8
663,Requisito funcional número 663,5,2024-05-17,Revisado,Cambios revisión 1,2024-08-01,1
664,Requisito funcional número 664,4,2024-06-15,Pend,Cambios revisión 3,2024-08-26,8
665,Requisito funcional número 665,2,2024-05-30,Nuevo,Cambios revisión 3,2024-08-17,2
666,Requisito funcional número 666,1,2024-05-07,Revisado,Cambios revisión 2,2024-08-19,2
667,Requisito funcional número 667,2,2024-05-08,Revisado,Cambios revisión 1,2024-08-06,9
668,Requisito funcional número 668,4,2024-06-08,Revisado,Cambios revisión 5,2024-08-18,2
669,Requisito funcional número 669,5,2024-06-17,Pend,Cambios revisión 3,2024-08-07,5
670,Requisito funcional número 670,2,2024-06-25,Pend,Cambios revisión 3,2024-07-05,9
671,Requisito funcional número 671,1,2024-06-23,Revisado,Cambios revisión 1,2024-07-30,8
672,Requisito funcional número 672,5,2024-05-12,Cerrado,Cambios revisión 2,2024-07-15,4
673,Requisito funcional número 673,3,2024-06-16,Cerrado,Cambios revisión 4,2024-07-26,1
674,Requisito funcional número 674,2,2024-06-22,Revisado,Cambios revisión 5,2024-08-12,3
675,Requisito funcional número 675,3,2024-05-21,Activo,Cambios revisión 2,2024-07-28,4
676,Requisito funcional número 676,5,2024-05-12,Nuevo,Cambios revisión 1,2024-07-05,10
677,Requisito funcional número 677,5,2024-05-10,Pend,Cambios revisión 1,2024-08-19,2
678,Requisito funcional número 678,4,2024-05-14,Cerrado,Cambios revisión 4,2024-08-19,6
679,Requisito funcional número 679,5,2024-06-20,Pend,Cambios revisión 1,2024-07-02,2
680,Requisito funcional número 680,3,2024-05-05,Nuevo,Cambios revisión 1,2024-07-28,7
681,Requisito funcional número 681,2,2024-06-27,Nuevo,Cambios revisión 1,2024-08-23,3
682,Requisito funcional número 682,4,2024-05-21,Cerrado,Cambios revisión 5,2024-07-09,10
683,Requisito funcional número 683,1,2024-06-02,Cerrado,Cambios revisión 4,2024-07-20,3
684,Requisito funcional número 684,3,2024-05-02,Cerrado,Cambios revisión 5,2024-07-18,1
685,Requisito funcional número 685,5,2024-06-19,Revisado,Cambios revisión 1,2024-07-18,3
686,Requisito funcional número 686,1,2024-06-22,Pend,Cambios revisión 4,2024-07-31,6
687,Requisito funcional número 687,1,2024-06-13,Pend,Cambios revisión 3,2024-08-11,8
688,Requisito funcional número 688,3,2024-06-24,Cerrado,Cambios revisión 4,2024-07-13,4
689,Requisito funcional número 689,4,2024-06-06,Nuevo,Cambios revisión 2,2024-07-31,2
690,Requisito funcional número 690,3,2024-05-27,Pend,Cambios revisión 1,2024-07-23,6
691,Requisito funcional número 691,5,2024-06-24,Cerrado,Cambios revisión 2,2024-07-01,7
692,Requisito funcional número 692,3,2024-06-14,Activo,Cambios revisión 3,2024-07-09,1
693,Requisito funcional número 693,3,2024-06-06,Pend,Cambios revisión 1,2024-07-08,2
694,Requisito funcional número 694,3,2024-06-12,Revisado,Cambios revisión 5,2024-08-06,10
695,Requisito funcional número 695,5,2024-06-18,Activo,Cambios revisión 1,2024-08-21,3
696,Requisito funcional número 696,2,2024-05-27,Cerrado,Cambios revisión 4,2024-07-02,4
697,Requisito funcional número 697,2,2024-05-08,Cerrado,Cambios revisión 5,2024-07-19,4
698,Requisito funcional número 698,4,2024-05-30,Activo,Cambios revisión 1,2024-08-06,3
699,Requisito funcional número 699,4,2024-05-20,Pend,Cambios revisión 4,2024-07-22,6
700,Requisito funcional número 700,1,2024-05-28,Cerrado,Cambios revisión 3,2024-08-18,6
701,Requisito funcional número 701,5,2024-05-06,Nuevo,Cambios revisión 3,2024-08-01,1
702,Requisito funcional número 702,5,2024-06-13,Nuevo,Cambios revisión 3,2024-07-07,2
703,Requisito funcional número 703,1,2024-06-21,Pend,Cambios revisión 1,2024-08-09,9
704,Requisito funcional número 704,2,2024-05-08,Pend,Cambios revisión 4,2024-08-01,8
705,Requisito funcional número 705,5,2024-05-25,Cerrado,Cambios revisión 4,2024-07-22,5
706,Requisito funcional número 706,1,2024-05-07,Activo,Cambios revisión 1,2024-07-23,1
707,Requisito funcional número 707,4,2024-05-24,Cerrado,Cambios revisión 3,2024-08-10,4
708,Requisito funcional número 708,4,2024-05-13,Pend,Cambios revisión 4,2024-07-26,1
709,Requisito funcional número 709,2,2024-05-22,Activo,Cambios revisión 2,2024-08-20,7
710,Requisito funcional número 710,2,2024-06-02,Activo,Cambios revisión 1,2024-08-08,9
711,Requisito funcional número 711,1,2024-05-10,Activo,Cambios revisión 4,2024-07-13,2
712,Requisito funcional número 712,4,2024-05-18,Cerrado,Cambios revisión 3,2024-08-29,8
713,Requisito funcional número 713,2,2024-06-08,Pend,Cambios revisión 5,2024-08-05,1
714,Requisito funcional número 714,1,2024-05-22,Nuevo,Cambios revisión 4,2024-08-15,10
715,Requisito funcional número 715,5,2024-05-03,Nuevo,Cambios revisión 2,2024-07-06,3
716,Requisito funcional número 716,5,2024-05-01,Revisado,Cambios revisión 2,2024-07-08,7
717,Requisito funcional número 717,2,2024-05-02,Nuevo,Cambios revisión 1,2024-08-20,7
718,Requisito funcional número 718,4,2024-05-02,Revisado,Cambios revisión 2,2024-08-20,3
719,Requisito funcional número 719,4,2024-06-24,Pend,Cambios revisión 1,2024-08-16,4
720,Requisito funcional número 720,4,2024-05-04,Pend,Cambios revisión 4,2024-08-01,5
721,Requisito funcional número 721,5,2024-05-11,Activo,Cambios revisión 5,2024-07-19,5
722,Requisito funcional número 722,2,2024-05-11,Pend,Cambios revisión 1,2024-08-23,3
723,Requisito funcional número 723,3,2024-06-12,Revisado,Cambios revisión 4,2024-07-23,8
724,Requisito funcional número 724,4,2024-06-05,Pend,Cambios revisión 3,2024-07-15,1
725,Requisito funcional número 725,5,2024-06-21,Revisado,Cambios revisión 5,2024-08-29,2
726,Requisito funcional número 726,3,2024-05-21,Pend,Cambios revisión 1,2024-08-13,5
727,Requisito funcional número 727,4,2024-06-10,Cerrado,Cambios revisión 3,2024-07-02,9
728,Requisito funcional número 728,1,2024-06-13,Revisado,Cambios revisión 5,2024-07-15,9
729,Requisito funcional número 729,1,2024-06-22,Pend,Cambios revisión 2,2024-08-17,4
730,Requisito funcional número 730,3,2024-05-26,Nuevo,Cambios revisión 5,2024-08-12,1
731,Requisito funcional número 731,4,2024-05-08,Revisado,Cambios revisión 1,2024-07-18,5
732,Requisito funcional número 732,2,2024-05-20,Cerrado,Cambios revisión 4,2024-07-24,2
733,Requisito funcional número 733,3,2024-06-05,Activo,Cambios revisión 2,2024-07-29,10
734,Requisito funcional número 734,4,2024-06-10,Activo,Cambios revisión 5,2024-08-05,10
735,Requisito funcional número 735,3,2024-06-24,Pend,Cambios revisión 1,2024-08-05,5
736,Requisito funcional número 736,2,2024-05-07,Cerrado,Cambios revisión 3,2024-07-02,10
737,Requisito funcional número 737,4,2024-06-23,Cerrado,Cambios revisión 5,2024-08-10,2
738,Requisito funcional número 738,1,2024-05-25,Nuevo,Cambios revisión 4,2024-08-26,5
739,Requisito funcional número 739,5,2024-06-08,Cerrado,Cambios revisión 3,2024-08-17,4
740,Requisito funcional número 740,1,2024-05-18,Pend,Cambios revisión 5,2024-07-21,3
741,Requisito funcional número 741,5,2024-06-13,Revisado,Cambios revisión 5,2024-07-15,4
742,Requisito funcional número 742,5,2024-06-24,Nuevo,Cambios revisión 4,2024-08-05,6
743,Requisito funcional número 743,1,2024-06-18,Activo,Cambios revisión 1,2024-08-03,2
744,Requisito funcional número 744,4,2024-06-08,Revisado,Cambios revisión 1,2024-07-14,10
745,Requisito funcional número 745,2,2024-05-03,Activo,Cambios revisión 4,2024-07-21,1
746,Requisito funcional número 746,1,2024-05-23,Activo,Cambios revisión 5,2024-08-02,3
747,Requisito funcional número 747,4,2024-06-01,Activo,Cambios revisión 2,2024-08-29,10
748,Requisito funcional número 748,3,2024-06-29,Cerrado,Cambios revisión 5,2024-08-06,3
749,Requisito funcional número 749,2,2024-05-27,Nuevo,Cambios revisión 2,2024-08-19,10
750,Requisito funcional número 750,3,2024-05-21,Nuevo,Cambios revisión 3,2024-07-06,3
751,Requisito funcional número 751,5,2024-05-27,Nuevo,Cambios revisión 2,2024-08-29,6
752,Requisito funcional número 752,3,2024-06-06,Pend,Cambios revisión 4,2024-08-10,4
753,Requisito funcional número 753,2,2024-05-20,Revisado,Cambios revisión 2,2024-07-01,4
754,Requisito funcional número 754,4,2024-05-10,Revisado,Cambios revisión 1,2024-08-12,10
755,Requisito funcional número 755,1,2024-05-21,Activo,Cambios revisión 3,2024-08-02,7
756,Requisito funcional número 756,1,2024-06-01,Activo,Cambios revisión 3,2024-07-14,7
757,Requisito funcional número 757,4,2024-05-13,Nuevo,Cambios revisión 1,2024-08-29,2
758,Requisito funcional número 758,4,2024-06-20,Revisado,Cambios revisión 4,2024-07-02,2
759,Requisito funcional número 759,2,2024-06-23,Cerrado,Cambios revisión 3,2024-08-15,6
760,Requisito funcional número 760,5,2024-05-31,Revisado,Cambios revisión 1,2024-08-07,7
761,Requisito funcional número 761,3,2024-05-26,Pend,Cambios revisión 4,2024-07-03,6
762,Requisito funcional número 762,4,2024-06-04,Nuevo,Cambios revisión 4,2024-08-17,2
763,Requisito funcional número 763,5,2024-06-11,Pend,Cambios revisión 1,2024-07-23,1
764,Requisito funcional número 764,3,2024-05-18,Revisado,Cambios revisión 3,2024-07-07,1
765,Requisito funcional número 765,2,2024-05-05,Nuevo,Cambios revisión 3,2024-08-10,6
766,Requisito funcional número 766,4,2024-05-11,Activo,Cambios revisión 5,2024-08-10,9
767,Requisito funcional número 767,4,2024-06-25,Revisado,Cambios revisión 5,2024-08-09,9
768,Requisito funcional número 768,3,2024-05-27,Pend,Cambios revisión 5,2024-07-28,6
769,Requisito funcional número 769,2,2024-05-25,Revisado,Cambios revisión 4,2024-08-03,7
770,Requisito funcional número 770,1,2024-05-25,Nuevo,Cambios revisión 4,2024-07-24,5
771,Requisito funcional número 771,2,2024-05-27,Cerrado,Cambios revisión 3,2024-07-11,10
772,Requisito funcional número 772,2,2024-05-10,Cerrado,Cambios revisión 1,2024-07-02,6
773,Requisito funcional número 773,3,2024-06-20,Revisado,Cambios revisión 2,2024-08-14,6
774,Requisito funcional número 774,1,2024-05-20,Activo,Cambios revisión 2,2024-08-28,4
775,Requisito funcional número 775,4,2024-05-04,Revisado,Cambios revisión 3,2024-08-22,8
776,Requisito funcional número 776,2,2024-05-03,Activo,Cambios revisión 1,2024-08-20,2
777,Requisito funcional número 777,1,2024-05-28,Nuevo,Cambios revisión 2,2024-07-18,6
778,Requisito funcional número 778,3,2024-05-04,Revisado,Cambios revisión 5,2024-08-01,7
779,Requisito funcional número 779,2,2024-05-29,Activo,Cambios revisión 5,2024-08-11,2
780,Requisito funcional número 780,4,2024-05-10,Revisado,Cambios revisión 4,2024-07-01,8
781,Requisito funcional número 781,2,2024-06-21,Cerrado,Cambios revisión 2,2024-07-22,1
782,Requisito funcional número 782,3,2024-06-25,Cerrado,Cambios revisión 4,2024-07-01,5
783,Requisito funcional número 783,4,2024-05-24,Cerrado,Cambios revisión 1,2024-07-17,6
784,Requisito funcional número 784,1,2024-05-26,Cerrado,Cambios revisión 5,2024-07-14,6
785,Requisito funcional número 785,3,2024-05-15,Pend,Cambios revisión 5,2024-08-29,10
786,Requisito funcional número 786,1,2024-06-21,Pend,Cambios revisión 5,2024-07-26,2
787,Requisito funcional número 787,2,2024-05-15,Revisado,Cambios revisión 2,2024-07-09,4
788,Requisito funcional número 788,5,2024-05-19,Pend,Cambios revisión 1,2024-07-17,9
789,Requisito funcional número 789,2,2024-05-07,Pend,Cambios revisión 1,2024-08-18,6
790,Requisito funcional número 790,1,2024-06-24,Cerrado,Cambios revisión 3,2024-07-11,2
791,Requisito funcional número 791,5,2024-05-14,Cerrado,Cambios revisión 1,2024-07-02,3
792,Requisito funcional número 792,4,2024-05-26,Pend,Cambios revisión 3,2024-08-29,3
793,Requisito funcional número 793,3,2024-06-20,Revisado,Cambios revisión 4,2024-08-12,6
794,Requisito funcional número 794,5,2024-05-14,Cerrado,Cambios revisión 4,2024-08-13,3
795,Requisito funcional número 795,2,2024-06-04,Cerrado,Cambios revisión 4,2024-07-30,1
796,Requisito funcional número 796,1,2024-05-22,Cerrado,Cambios revisión 4,2024-07-13,9
797,Requisito funcional número 797,2,2024-06-22,Revisado,Cambios revisión 3,2024-07-22,6
798,Requisito funcional número 798,2,2024-06-26,Cerrado,Cambios revisión 1,2024-08-06,7
799,Requisito funcional número 799,3,2024-06-11,Revisado,Cambios revisión 3,2024-08-13,8
800,Requisito funcional número 800,1,2024-06-18,Pend,Cambios revisión 2,2024-07-01,8
801,Requisito funcional número 801,2,2024-06-19,Pend,Cambios revisión 4,2024-07-15,5
802,Requisito funcional número 802,4,2024-06-24,Revisado,Cambios revisión 1,2024-07-22,9
803,Requisito funcional número 803,5,2024-06-16,Activo,Cambios revisión 1,2024-07-04,6
804,Requisito funcional número 804,3,2024-05-23,Revisado,Cambios revisión 4,2024-07-14,10
805,Requisito funcional número 805,2,2024-06-04,Cerrado,Cambios revisión 1,2024-08-13,2
806,Requisito funcional número 806,1,2024-06-13,Cerrado,Cambios revisión 3,2024-08-10,8
807,Requisito funcional número 807,4,2024-06-24,Cerrado,Cambios revisión 5,2024-07-06,5
808,Requisito funcional número 808,3,2024-06-14,Cerrado,Cambios revisión 5,2024-08-25,8
809,Requisito funcional número 809,1,2024-05-12,Revisado,Cambios revisión 2,2024-08-15,4
810,Requisito funcional número 810,5,2024-05-21,Activo,Cambios revisión 2,2024-07-10,1
811,Requisito funcional número 811,1,2024-06-11,Nuevo,Cambios revisión 5,2024-08-24,3
812,Requisito funcional número 812,2,2024-05-11,Cerrado,Cambios revisión 5,2024-08-01,1
813,Requisito funcional número 813,4,2024-05-13,Activo,Cambios revisión 3,2024-08-24,2
814,Requisito funcional número 814,3,2024-06-29,Cerrado,Cambios revisión 3,2024-08-27,1
815,Requisito funcional número 815,4,2024-06-28,Activo,Cambios revisión 2,2024-08-10,7
816,Requisito funcional número 816,2,2024-05-21,Cerrado,Cambios revisión 4,2024-08-15,5
817,Requisito funcional número 817,2,2024-06-10,Pend,Cambios revisión 3,2024-07-25,3
818,Requisito funcional número 818,2,2024-05-29,Revisado,Cambios revisión 1,2024-08-13,1
819,Requisito funcional número 819,1,2024-05-07,Activo,Cambios revisión 4,2024-07-16,7
820,Requisito funcional número 820,2,2024-06-09,Cerrado,Cambios revisión 3,2024-08-28,5
821,Requisito funcional número 821,4,2024-06-07,Pend,Cambios revisión 5,2024-08-26,7
822,Requisito funcional número 822,4,2024-06-23,Revisado,Cambios revisión 2,2024-07-23,4
823,Requisito funcional número 823,2,2024-06-14,Revisado,Cambios revisión 3,2024-08-09,8
824,Requisito funcional número 824,5,2024-06-16,Cerrado,Cambios revisión 2,2024-07-25,10
825,Requisito funcional número 825,1,2024-05-25,Revisado,Cambios revisión 1,2024-07-03,9
826,Requisito funcional número 826,5,2024-05-07,Revisado,Cambios revisión 4,2024-08-15,3
827,Requisito funcional número 827,1,2024-05-10,Cerrado,Cambios revisión 5,2024-07-19,6
828,Requisito funcional número 828,5,2024-05-28,Cerrado,Cambios revisión 3,2024-08-10,10
829,Requisito funcional número 829,1,2024-05-29,Nuevo,Cambios revisión 5,2024-07-14,9
830,Requisito funcional número 830,4,2024-05-24,Nuevo,Cambios revisión 4,2024-07-21,9
831,Requisito funcional número 831,3,2024-05-14,Nuevo,Cambios revisión 2,2024-07-16,9
832,Requisito funcional número 832,3,2024-05-30,Activo,Cambios revisión 3,2024-08-20,4
833,Requisito funcional número 833,5,2024-05-07,Revisado,Cambios revisión 3,2024-08-05,10
834,Requisito funcional número 834,1,2024-05-01,Activo,Cambios revisión 4,2024-08-07,3
835,Requisito funcional número 835,3,2024-06-07,Cerrado,Cambios revisión 2,2024-08-11,9
836,Requisito funcional número 836,1,2024-05-26,Cerrado,Cambios revisión 3,2024-07-07,5
837,Requisito funcional número 837,1,2024-05-18,Activo,Cambios revisión 1,2024-08-08,1
838,Requisito funcional número 838,3,2024-05-06,Revisado,Cambios revisión 4,2024-07-22,5
839,Requisito funcional número 839,4,2024-05-03,Cerrado,Cambios revisión 2,2024-08-02,8
840,Requisito funcional número 840,3,2024-06-25,Revisado,Cambios revisión 2,2024-07-10,3
841,Requisito funcional número 841,4,2024-06-24,Nuevo,Cambios revisión 5,2024-08-11,10
842,Requisito funcional número 842,4,2024-05-12,Cerrado,Cambios revisión 2,2024-08-28,6
843,Requisito funcional número 843,4,2024-06-20,Pend,Cambios revisión 1,2024-08-26,1
844,Requisito funcional número 844,5,2024-05-19,Activo,Cambios revisión 5,2024-07-11,10
845,Requisito funcional número 845,4,2024-05-20,Activo,Cambios revisión 3,2024-07-26,10
846,Requisito funcional número 846,2,2024-05-28,Revisado,Cambios revisión 3,2024-07-01,6
847,Requisito funcional número 847,4,2024-05-20,Activo,Cambios revisión 1,2024-07-04,2
848,Requisito funcional número 848,2,2024-06-03,Pend,Cambios revisión 4,2024-07-15,8
849,Requisito funcional número 849,2,2024-05-22,Nuevo,Cambios revisión 5,2024-08-23,5
850,Requisito funcional número 850,5,2024-05-31,Cerrado,Cambios revisión 2,2024-08-03,1
851,Requisito funcional número 851,3,2024-06-26,Cerrado,Cambios revisión 1,2024-07-14,4
852,Requisito funcional número 852,1,2024-05-15,Cerrado,Cambios revisión 1,2024-08-13,10
853,Requisito funcional número 853,5,2024-06-04,Revisado,Cambios revisión 3,2024-08-19,10
854,Requisito funcional número 854,3,2024-05-15,Revisado,Cambios revisión 3,2024-08-24,9
855,Requisito funcional número 855,3,2024-05-02,Revisado,Cambios revisión 3,2024-08-29,3
856,Requisito funcional número 856,4,2024-06-19,Nuevo,Cambios revisión 5,2024-07-31,9
857,Requisito funcional número 857,4,2024-06-16,Pend,Cambios revisión 3,2024-08-16,10
858,Requisito funcional número 858,2,2024-06-26,Cerrado,Cambios revisión 3,2024-07-31,1
859,Requisito funcional número 859,1,2024-05-04,Activo,Cambios revisión 2,2024-07-02,3
860,Requisito funcional número 860,2,2024-06-25,Cerrado,Cambios revisión 2,2024-07-06,6
861,Requisito funcional número 861,2,2024-05-20,Cerrado,Cambios revisión 4,2024-08-06,10
862,Requisito funcional número 862,5,2024-05-14,Activo,Cambios revisión 3,2024-07-07,5
863,Requisito funcional número 863,4,2024-05-04,Pend,Cambios revisión 4,2024-07-06,3
864,Requisito funcional número 864,4,2024-05-06,Cerrado,Cambios revisión 2,2024-08-23,5
865,Requisito funcional número 865,4,2024-05-18,Pend,Cambios revisión 4,2024-07-05,7
866,Requisito funcional número 866,5,2024-05-22,Pend,Cambios revisión 2,2024-07-11,2
867,Requisito funcional número 867,1,2024-06-27,Cerrado,Cambios revisión 3,2024-08-27,3
868,Requisito funcional número 868,5,2024-05-13,Pend,Cambios revisión 4,2024-07-09,3
869,Requisito funcional número 869,5,2024-06-23,Cerrado,Cambios revisión 2,2024-07-18,5
870,Requisito funcional número 870,2,2024-05-20,Activo,Cambios revisión 3,2024-07-31,4
871,Requisito funcional número 871,2,2024-05-26,Activo,Cambios revisión 3,2024-07-05,6
872,Requisito funcional número 872,1,2024-05-14,Activo,Cambios revisión 4,2024-07-24,9
873,Requisito funcional número 873,3,2024-06-16,Activo,Cambios revisión 1,2024-07-28,1
874,Requisito funcional número 874,4,2024-06-27,Cerrado,Cambios revisión 3,2024-08-28,5
875,Requisito funcional número 875,3,2024-05-23,Cerrado,Cambios revisión 4,2024-07-10,10
876,Requisito funcional número 876,5,2024-05-26,Activo,Cambios revisión 2,2024-07-13,3
877,Requisito funcional número 877,2,2024-06-24,Nuevo,Cambios revisión 2,2024-07-27,2
878,Requisito funcional número 878,2,2024-05-12,Pend,Cambios revisión 1,2024-07-10,2
879,Requisito funcional número 879,2,2024-06-25,Nuevo,Cambios revisión 2,2024-08-22,6
880,Requisito funcional número 880,3,2024-05-22,Nuevo,Cambios revisión 4,2024-07-22,8
881,Requisito funcional número 881,2,2024-05-15,Cerrado,Cambios revisión 3,2024-08-26,2
882,Requisito funcional número 882,1,2024-05-18,Activo,Cambios revisión 1,2024-08-10,10
883,Requisito funcional número 883,4,2024-06-21,Pend,Cambios revisión 3,2024-08-10,4
884,Requisito funcional número 884,5,2024-06-03,Revisado,Cambios revisión 5,2024-07-05,1
885,Requisito funcional número 885,1,2024-06-21,Pend,Cambios revisión 3,2024-07-13,2
886,Requisito funcional número 886,1,2024-05-07,Cerrado,Cambios revisión 2,2024-08-15,7
887,Requisito funcional número 887,4,2024-06-14,Revisado,Cambios revisión 3,2024-08-18,1
888,Requisito funcional número 888,1,2024-06-05,Revisado,Cambios revisión 2,2024-08-04,8
889,Requisito funcional número 889,1,2024-06-07,Cerrado,Cambios revisión 5,2024-08-22,2
890,Requisito funcional número 890,5,2024-05-11,Activo,Cambios revisión 5,2024-08-01,9
891,Requisito funcional número 891,2,2024-05-28,Pend,Cambios revisión 1,2024-08-17,10
892,Requisito funcional número 892,5,2024-06-07,Revisado,Cambios revisión 5,2024-08-14,9
893,Requisito funcional número 893,2,2024-05-30,Cerrado,Cambios revisión 1,2024-08-03,8
894,Requisito funcional número 894,2,2024-06-18,Nuevo,Cambios revisión 1,2024-08-24,7
895,Requisito funcional número 895,1,2024-05-04,Nuevo,Cambios revisión 5,2024-07-04,4
896,Requisito funcional número 896,4,2024-05-18,Activo,Cambios revisión 1,2024-07-29,1
897,Requisito funcional número 897,2,2024-06-01,Activo,Cambios revisión 2,2024-08-05,3
898,Requisito funcional número 898,1,2024-06-14,Pend,Cambios revisión 5,2024-08-01,3
899,Requisito funcional número 899,5,2024-06-01,Revisado,Cambios revisión 2,2024-07-01,5
900,Requisito funcional número 900,2,2024-06-12,Revisado,Cambios revisión 4,2024-07-16,7
901,Requisito funcional número 901,1,2024-06-10,Pend,Cambios revisión 5,2024-07-20,6
902,Requisito funcional número 902,2,2024-05-19,Nuevo,Cambios revisión 1,2024-08-28,3
903,Requisito funcional número 903,2,2024-05-24,Revisado,Cambios revisión 4,2024-07-08,5
904,Requisito funcional número 904,5,2024-05-25,Cerrado,Cambios revisión 1,2024-07-24,6
905,Requisito funcional número 905,5,2024-06-07,Cerrado,Cambios revisión 3,2024-08-16,9
906,Requisito funcional número 906,2,2024-05-25,Nuevo,Cambios revisión 4,2024-08-15,1
907,Requisito funcional número 907,1,2024-05-12,Pend,Cambios revisión 4,2024-07-16,3
908,Requisito funcional número 908,2,2024-06-15,Revisado,Cambios revisión 2,2024-08-06,9
909,Requisito funcional número 909,3,2024-06-18,Revisado,Cambios revisión 2,2024-08-05,1
910,Requisito funcional número 910,2,2024-05-04,Activo,Cambios revisión 3,2024-08-06,9
911,Requisito funcional número 911,3,2024-06-02,Revisado,Cambios revisión 5,2024-07-15,1
912,Requisito funcional número 912,4,2024-06-24,Nuevo,Cambios revisión 5,2024-08-03,9
913,Requisito funcional número 913,2,2024-06-29,Nuevo,Cambios revisión 5,2024-08-01,2
914,Requisito funcional número 914,2,2024-06-10,Pend,Cambios revisión 1,2024-08-26,1
915,Requisito funcional número 915,1,2024-06-05,Revisado,Cambios revisión 1,2024-08-03,1
916,Requisito funcional número 916,2,2024-05-13,Revisado,Cambios revisión 4,2024-07-15,10
917,Requisito funcional número 917,4,2024-05-17,Revisado,Cambios revisión 3,2024-07-30,6
918,Requisito funcional número 918,4,2024-05-18,Revisado,Cambios revisión 1,2024-08-17,4
919,Requisito funcional número 919,1,2024-06-26,Cerrado,Cambios revisión 3,2024-08-03,10
920,Requisito funcional número 920,2,2024-05-30,Cerrado,Cambios revisión 3,2024-07-31,8
921,Requisito funcional número 921,3,2024-05-17,Pend,Cambios revisión 1,2024-07-07,1
922,Requisito funcional número 922,3,2024-05-23,Activo,Cambios revisión 4,2024-07-20,4
923,Requisito funcional número 923,1,2024-05-30,Activo,Cambios revisión 1,2024-07-29,10
924,Requisito funcional número 924,5,2024-05-13,Pend,Cambios revisión 4,2024-08-11,9
925,Requisito funcional número 925,3,2024-05-12,Cerrado,Cambios revisión 1,2024-08-23,8
926,Requisito funcional número 926,4,2024-06-01,Nuevo,Cambios revisión 4,2024-07-24,9
927,Requisito funcional número 927,3,2024-05-05,Activo,Cambios revisión 2,2024-08-13,5
928,Requisito funcional número 928,5,2024-05-31,Activo,Cambios revisión 2,2024-07-30,4
929,Requisito funcional número 929,1,2024-05-07,Cerrado,Cambios revisión 5,2024-07-24,1
930,Requisito funcional número 930,1,2024-05-31,Pend,Cambios revisión 1,2024-07-11,6
931,Requisito funcional número 931,3,2024-05-09,Activo,Cambios revisión 2,2024-08-29,1
932,Requisito funcional número 932,4,2024-06-06,Pend,Cambios revisión 2,2024-08-28,3
933,Requisito funcional número 933,1,2024-05-08,Pend,Cambios revisión 3,2024-08-27,5
934,Requisito funcional número 934,1,2024-06-30,Cerrado,Cambios revisión 1,2024-07-14,3
935,Requisito funcional número 935,1,2024-06-19,Pend,Cambios revisión 3,2024-07-17,5
936,Requisito funcional número 936,2,2024-05-19,Activo,Cambios revisión 2,2024-08-16,1
937,Requisito funcional número 937,4,2024-05-11,Nuevo,Cambios revisión 4,2024-08-12,1
938,Requisito funcional número 938,1,2024-06-03,Cerrado,Cambios revisión 1,2024-07-30,5
939,Requisito funcional número 939,3,2024-05-23,Pend,Cambios revisión 2,2024-08-18,2
940,Requisito funcional número 940,1,2024-05-13,Nuevo,Cambios revisión 5,2024-08-14,6
941,Requisito funcional número 941,4,2024-06-27,Revisado,Cambios revisión 2,2024-07-04,3
942,Requisito funcional número 942,5,2024-05-18,Revisado,Cambios revisión 5,2024-08-18,10
943,Requisito funcional número 943,5,2024-05-13,Activo,Cambios revisión 3,2024-07-22,1
944,Requisito funcional número 944,2,2024-06-14,Nuevo,Cambios revisión 3,2024-08-26,10
945,Requisito funcional número 945,2,2024-05-15,Nuevo,Cambios revisión 1,2024-08-18,6
946,Requisito funcional número 946,1,2024-05-22,Revisado,Cambios revisión 3,2024-07-08,3
947,Requisito funcional número 947,3,2024-05-16,Revisado,Cambios revisión 2,2024-07-07,2
948,Requisito funcional número 948,2,2024-05-05,Revisado,Cambios revisión 2,2024-07-27,5
949,Requisito funcional número 949,1,2024-05-01,Revisado,Cambios revisión 4,2024-08-04,8
950,Requisito funcional número 950,1,2024-05-15,Pend,Cambios revisión 1,2024-08-12,9
951,Requisito funcional número 951,3,2024-05-08,Revisado,Cambios revisión 2,2024-08-26,2
952,Requisito funcional número 952,4,2024-05-27,Revisado,Cambios revisión 2,2024-07-13,10
953,Requisito funcional número 953,2,2024-05-04,Activo,Cambios revisión 2,2024-07-24,10
954,Requisito funcional número 954,2,2024-06-21,Revisado,Cambios revisión 1,2024-08-26,1
955,Requisito funcional número 955,3,2024-06-15,Revisado,Cambios revisión 1,2024-08-25,10
956,Requisito funcional número 956,1,2024-06-27,Nuevo,Cambios revisión 4,2024-07-14,7
957,Requisito funcional número 957,2,2024-06-24,Pend,Cambios revisión 2,2024-07-21,8
958,Requisito funcional número 958,4,2024-05-02,Nuevo,Cambios revisión 2,2024-07-27,6
959,Requisito funcional número 959,4,2024-05-12,Revisado,Cambios revisión 1,2024-07-26,3
960,Requisito funcional número 960,4,2024-05-21,Pend,Cambios revisión 4,2024-07-18,8
961,Requisito funcional número 961,5,2024-05-05,Activo,Cambios revisión 2,2024-08-18,2
962,Requisito funcional número 962,4,2024-06-28,Pend,Cambios revisión 5,2024-08-25,5
963,Requisito funcional número 963,4,2024-05-17,Pend,Cambios revisión 5,2024-08-11,7
964,Requisito funcional número 964,2,2024-05-28,Nuevo,Cambios revisión 2,2024-08-28,6
965,Requisito funcional número 965,5,2024-05-13,Cerrado,Cambios revisión 1,2024-08-02,5
966,Requisito funcional número 966,1,2024-06-28,Cerrado,Cambios revisión 5,2024-08-09,10
967,Requisito funcional número 967,4,2024-05-18,Cerrado,Cambios revisión 2,2024-07-29,10
968,Requisito funcional número 968,1,2024-05-04,Activo,Cambios revisión 2,2024-07-18,7
969,Requisito funcional número 969,2,2024-06-28,Revisado,Cambios revisión 1,2024-08-26,1
970,Requisito funcional número 970,2,2024-05-17,Activo,Cambios revisión 3,2024-08-02,3
971,Requisito funcional número 971,3,2024-06-23,Cerrado,Cambios revisión 1,2024-07-27,5
972,Requisito funcional número 972,1,2024-05-25,Nuevo,Cambios revisión 2,2024-07-15,4
973,Requisito funcional número 973,4,2024-05-13,Revisado,Cambios revisión 4,2024-08-19,10
974,Requisito funcional número 974,4,2024-05-11,Revisado,Cambios revisión 5,2024-07-28,1
975,Requisito funcional número 975,2,2024-06-15,Revisado,Cambios revisión 4,2024-07-06,8
976,Requisito funcional número 976,2,2024-05-14,Pend,Cambios revisión 4,2024-07-12,5
977,Requisito funcional número 977,3,2024-06-27,Cerrado,Cambios revisión 3,2024-08-24,6
978,Requisito funcional número 978,4,2024-05-11,Revisado,Cambios revisión 4,2024-08-03,4
979,Requisito funcional número 979,5,2024-05-24,Nuevo,Cambios revisión 5,2024-08-23,6
980,Requisito funcional número 980,4,2024-05-07,Activo,Cambios revisión 3,2024-08-12,5
981,Requisito funcional número 981,1,2024-05-29,Activo,Cambios revisión 2,2024-07-19,6
982,Requisito funcional número 982,3,2024-05-10,Cerrado,Cambios revisión 5,2024-08-26,8
983,Requisito funcional número 983,1,2024-06-13,Pend,Cambios revisión 1,2024-07-28,8
984,Requisito funcional número 984,5,2024-06-25,Cerrado,Cambios revisión 2,2024-07-17,6
985,Requisito funcional número 985,4,2024-05-02,Pend,Cambios revisión 4,2024-07-12,7
986,Requisito funcional número 986,1,2024-05-28,Revisado,Cambios revisión 2,2024-07-08,3
987,Requisito funcional número 987,2,2024-06-22,Pend,Cambios revisión 3,2024-08-14,3
988,Requisito funcional número 988,3,2024-06-23,Activo,Cambios revisión 5,2024-07-04,4
989,Requisito funcional número 989,4,2024-06-24,Cerrado,Cambios revisión 2,2024-08-01,6
990,Requisito funcional número 990,1,2024-06-30,Pend,Cambios revisión 1,2024-07-27,3
991,Requisito funcional número 991,2,2024-06-26,Revisado,Cambios revisión 3,2024-08-29,9
992,Requisito funcional número 992,2,2024-06-30,Pend,Cambios revisión 1,2024-08-05,2
993,Requisito funcional número 993,5,2024-05-03,Pend,Cambios revisión 3,2024-08-21,5
994,Requisito funcional número 994,5,2024-06-05,Cerrado,Cambios revisión 1,2024-07-09,8
995,Requisito funcional número 995,5,2024-05-03,Activo,Cambios revisión 1,2024-08-24,9
996,Requisito funcional número 996,4,2024-05-01,Activo,Cambios revisión 4,2024-08-17,5
997,Requisito funcional número 997,2,2024-05-01,Cerrado,Cambios revisión 1,2024-07-25,7
998,Requisito funcional número 998,4,2024-06-18,Pend,Cambios revisión 4,2024-07-02,7
999,Requisito funcional número 999,5,2024-06-24,Cerrado,Cambios revisión 3,2024-08-23,4
1000,Requisito funcional número 1000,5,2024-05-13,Pend,Cambios revisión 4,2024-07-17,1
