id_respuesta_,tipo_respuesta,comentarios,fecha_respuesta
1001,R,Declinamos la oferta por considerar excesivos los costos de implementación,2024-01-01
1002,R,Rechazamos la propuesta por incompatibilidad con nuestros sistemas actuales,2024-04-05
1003,A,Validamos la propuesta y solicitamos la firma del contrato,2024-05-19
1004,A,Confirmamos el acuerdo de niveles de servicio (SLA),2024-07-09
1005,A,Aceptamos la escalabilidad propuesta para el sistema,2024-01-16
1006,R,Declinamos la oferta por considerar excesivos los costos de implementación,2024-02-01
1007,A,Aceptamos la modalidad de pago propuesta sin modificaciones,2024-11-05
1008,R,Declinamos la oferta por considerar excesivos los costos de implementación,2025-02-19
1009,R,No procedemos por falta de alineación con nuestra roadmap tecnológico,2024-11-26
1010,A,Aceptamos la implementación piloto bajo los términos acordados,2024-07-23
1011,A,Aprobamos la arquitectura tecnológica sugerida,2024-04-09
1012,A,Aceptamos los términos del servicio de mantenimiento,2024-11-17
1013,A,Aceptamos la modalidad de pago propuesta sin modificaciones,2024-03-18
1014,R,No procedemos por falta de alineación con nuestra roadmap tecnológico,2024-04-29
1015,A,Aprobamos la arquitectura tecnológica sugerida,2025-01-24
1016,R,Rechazamos el modelo de negocio propuesto,2024-10-04
1017,A,Confirmamos el acuerdo de niveles de servicio (SLA),2024-12-19
1018,A,Aceptamos la implementación piloto bajo los términos acordados,2024-02-27
1019,R,No aceptamos por incompatibilidad con nuestra infraestructura actual,2024-07-26
1020,R,No estamos de acuerdo con los términos comerciales presentados,2025-01-17
1021,A,Validamos los criterios de aceptación de pruebas,2025-02-17
1022,A,Aprobamos el presupuesto completo sin objeciones,2024-01-30
1023,A,Validamos la propuesta y solicitamos la firma del contrato,2024-12-06
1024,R,Declinamos la oferta por considerar excesivos los costos de implementación,2024-12-28
1025,R,Descartamos la propuesta ante cambios en regulaciones del sector,2024-05-11
1026,R,Desestimamos la oferta por incumplir normativas internas,2024-05-02
1027,R,Cancelamos el proyecto por reestructuración organizacional,2025-02-16
1028,A,Aceptamos los plazos y entregables establecidos en la propuesta,2025-02-02
1029,R,No continuamos con el proyecto debido a cambios en nuestra estructura interna,2024-03-06
1030,A,Aprobamos el alcance del proyecto tal como está definido,2024-06-10
1031,R,Rechazamos el modelo de negocio propuesto,2024-08-14
1032,A,Aceptamos la modalidad de pago propuesta sin modificaciones,2024-06-01
1033,A,Confirmamos el acuerdo de niveles de servicio (SLA),2024-02-16
1034,R,Rechazamos los tiempos de implementación como inviables,2025-03-01
1035,R,No aceptamos por incompatibilidad con nuestra infraestructura actual,2024-08-09
1036,R,Rechazamos la solución por falta de soporte técnico local,2025-04-25
1037,R,Rechazamos la inclusión del módulo adicional sugerido,2024-11-11
1038,R,Cancelamos el proyecto por reestructuración organizacional,2024-09-11
1039,R,Rechazamos la propuesta por incompatibilidad con nuestros sistemas actuales,2024-09-13
1040,A,Aprobamos el presupuesto completo sin objeciones,2024-08-29
1041,R,No continuamos con el proyecto debido a cambios en nuestra estructura interna,2024-10-15
1042,A,Aprobamos el presupuesto completo sin objeciones,2024-03-26
1043,A,Validamos los criterios de aceptación de pruebas,2024-10-17
1044,R,Declinamos por preferir una solución en la nube alternativa,2025-01-31
1045,R,No aceptamos las licencias propuestas por costos ocultos,2024-08-06
1046,A,Autorizamos el inicio del proyecto según lo planificado,2024-06-25
1047,R,No procedemos con el proyecto por cambios en nuestras prioridades estratégicas,2024-03-10
1048,R,Rechazamos la solución por falta de soporte técnico local,2025-01-20
1049,R,Rechazamos la ampliación de servicios por falta de presupuesto,2024-05-12
1050,R,Rechazamos el modelo de negocio propuesto,2024-04-19
1051,R,No aprobamos el contrato debido a cláusulas contractuales no negociables,2025-02-23
1052,R,No continuamos con el proyecto debido a cambios en nuestra estructura interna,2024-10-12
1053,R,No estamos de acuerdo con los términos comerciales presentados,2024-08-11
1054,R,Rechazamos el modelo de negocio propuesto,2024-09-29
1055,R,Rechazamos los tiempos de implementación como inviables,2024-05-09
1056,R,No continuamos con el proyecto debido a cambios en nuestra estructura interna,2024-05-14
1057,A,Aceptamos los plazos y entregables establecidos en la propuesta,2024-10-07
1058,R,Desestimamos la oferta por incumplir normativas internas,2025-02-01
1059,A,Estamos de acuerdo con el plan de implementación y damos luz verde para iniciar,2025-04-20
1060,R,Rechazamos los tiempos de implementación como inviables,2024-10-11
1061,A,Confirmamos nuestra aceptación a las condiciones técnicas propuestas,2025-01-20
1062,R,Declinamos por preferir una solución en la nube alternativa,2024-02-25
1063,R,Declinamos la oferta por considerar excesivos los costos de implementación,2025-02-17
1064,R,Rechazamos el modelo de negocio propuesto,2024-01-26
1065,R,No procedemos por falta de alineación con nuestra roadmap tecnológico,2024-07-25
1066,A,Aprobamos el presupuesto completo sin objeciones,2024-05-27
1067,A,Damos el visto bueno al cronograma presentado y confirmamos el pago inicial,2025-01-29
1068,A,Aceptamos los términos del servicio de mantenimiento,2024-06-02
1069,R,No aceptamos las licencias propuestas por costos ocultos,2024-11-03
1070,A,Validamos los requisitos funcionales presentados,2024-03-20
1071,A,Confirmamos nuestra aceptación a las condiciones técnicas propuestas,2024-11-03
1072,A,Autorizamos el inicio del proyecto según lo planificado,2024-08-23
1073,A,Validamos los criterios de aceptación de pruebas,2024-09-02
1074,A,Confirmamos el acuerdo de niveles de servicio (SLA),2024-05-06
1075,A,Aceptamos la implementación piloto bajo los términos acordados,2024-02-14
1076,A,Aceptamos los plazos y entregables establecidos en la propuesta,2025-03-29
1077,R,Rechazamos los tiempos de implementación como inviables,2024-07-11
1078,A,Damos conformidad al plan de capacitación propuesto,2025-03-25
1079,A,Autorizamos el inicio del proyecto según lo planificado,2024-08-05
1080,R,No procedemos por falta de alineación con nuestra roadmap tecnológico,2024-08-23
1081,R,Rechazamos la ampliación de servicios por falta de presupuesto,2024-08-25
1082,R,Rechazamos el modelo de negocio propuesto,2024-12-01
1083,A,Aprobamos el presupuesto completo sin objeciones,2024-11-17
1084,R,No estamos de acuerdo con los términos comerciales presentados,2025-04-28
1085,A,Damos el visto bueno al cronograma presentado y confirmamos el pago inicial,2025-04-10
1086,R,Rechazamos la propuesta por no cumplir con nuestros requisitos de seguridad,2024-10-25
1087,R,No procedemos con el proyecto por cambios en nuestras prioridades estratégicas,2024-01-12
1088,A,Autorizamos el inicio del proyecto según lo planificado,2025-01-12
1089,A,Aceptamos la modalidad de pago propuesta sin modificaciones,2024-12-07
1090,R,No estamos de acuerdo con los términos comerciales presentados,2024-09-07
1091,R,Rechazamos el modelo de negocio propuesto,2024-01-24
1092,R,Desestimamos la oferta por incumplir normativas internas,2024-01-08
1093,A,Autorizamos el inicio del proyecto según lo planificado,2024-06-23
1094,R,No procedemos por falta de alineación con nuestra roadmap tecnológico,2024-10-17
1095,A,Aceptamos los términos del servicio de mantenimiento,2025-01-09
1096,R,No estamos de acuerdo con los términos comerciales presentados,2024-04-02
1097,R,No estamos de acuerdo con los términos comerciales presentados,2024-08-22
1098,A,Damos conformidad al plan de capacitación propuesto,2024-01-27
1099,A,Aprobamos la arquitectura tecnológica sugerida,2024-02-17
1100,R,Desestimamos la oferta por incumplir normativas internas,2024-07-04
1101,R,Rechazamos la propuesta por no cumplir con nuestros requisitos de seguridad,2024-12-12
1102,R,Rechazamos la inclusión del módulo adicional sugerido,2024-07-11
1103,A,Aprobamos la arquitectura tecnológica sugerida,2024-05-11
1104,R,No aceptamos las licencias propuestas por costos ocultos,2024-02-11
1105,A,Aceptamos la propuesta en su totalidad sin cambios,2024-10-30
1106,A,Confirmamos nuestra aceptación a las condiciones técnicas propuestas,2024-10-14
1107,R,Desestimamos la oferta por incumplir normativas internas,2024-02-04
1108,R,Rechazamos la propuesta por no cumplir con nuestros requisitos de seguridad,2024-03-27
1109,R,Rechazamos la propuesta por no cumplir con nuestros requisitos de seguridad,2024-11-12
1110,R,Rechazamos la solución por falta de soporte técnico local,2024-06-05
1111,A,Validamos los criterios de aceptación de pruebas,2025-04-04
1112,A,Confirmamos el acuerdo de niveles de servicio (SLA),2024-08-15
1113,A,Aprobamos el alcance del proyecto tal como está definido,2025-04-17
1114,A,Aceptamos la propuesta en su totalidad sin cambios,2024-03-23
1115,A,Aceptamos la escalabilidad propuesta para el sistema,2024-04-03
1116,R,Descartamos la propuesta ante cambios en regulaciones del sector,2024-07-24
1117,R,Rechazamos los tiempos de implementación como inviables,2025-01-29
1118,A,Validamos los requisitos funcionales presentados,2025-03-05
1119,R,No procedemos con el proyecto por cambios en nuestras prioridades estratégicas,2024-01-26
1120,R,No estamos de acuerdo con los términos comerciales presentados,2024-02-04
1121,A,Aceptamos la implementación piloto bajo los términos acordados,2024-06-26
1122,R,No continuamos con el proyecto debido a cambios en nuestra estructura interna,2024-04-22
1123,R,No aprobamos el contrato debido a cláusulas contractuales no negociables,2025-01-28
1124,A,Aceptamos la implementación piloto bajo los términos acordados,2024-12-14
1125,A,Confirmamos nuestra satisfacción con la propuesta técnica,2025-03-05
1126,A,Autorizamos el inicio del proyecto según lo planificado,2024-03-04
1127,A,Aprobamos la integración con nuestros sistemas sin modificaciones adicionales,2024-12-11
1128,R,Rechazamos la propuesta por no cumplir con nuestros requisitos de seguridad,2025-04-20
1129,A,Validamos los requisitos funcionales presentados,2025-02-19
1130,A,Confirmamos nuestra aceptación a las condiciones técnicas propuestas,2024-06-29
1131,A,Confirmamos nuestra aceptación a las condiciones técnicas propuestas,2024-04-24
1132,A,Aceptamos los términos del servicio de mantenimiento,2025-04-20
1133,A,Damos conformidad al plan de capacitación propuesto,2025-02-20
1134,A,Aceptamos la implementación piloto bajo los términos acordados,2024-02-21
1135,R,No aceptamos por incompatibilidad con nuestra infraestructura actual,2024-06-24
1136,A,Estamos de acuerdo con el plan de implementación y damos luz verde para iniciar,2025-01-12
1137,R,No aceptamos por incompatibilidad con nuestra infraestructura actual,2024-06-19
1138,R,No procedemos con el proyecto por cambios en nuestras prioridades estratégicas,2024-03-03
1139,A,Aceptamos la solución propuesta y autorizamos el inicio inmediato,2024-05-16
1140,R,No estamos de acuerdo con los términos comerciales presentados,2025-04-19
1141,A,Confirmamos nuestra aceptación a las condiciones técnicas propuestas,2025-02-06
1142,A,Validamos los criterios de aceptación de pruebas,2024-09-17
1143,R,Declinamos por preferir una solución en la nube alternativa,2024-12-20
1144,R,No aceptamos por incompatibilidad con nuestra infraestructura actual,2025-04-25
1145,A,Confirmamos nuestra satisfacción con la propuesta técnica,2024-09-01
1146,R,Declinamos la oferta por considerar excesivos los costos de implementación,2025-02-11
1147,R,Rechazamos la inclusión del módulo adicional sugerido,2024-02-22
1148,R,Cancelamos el proyecto por reestructuración organizacional,2025-02-07
1149,R,Rechazamos la inclusión del módulo adicional sugerido,2025-04-29
1150,R,Rechazamos la propuesta por incompatibilidad con nuestros sistemas actuales,2025-04-13
1151,A,Autorizamos el inicio del proyecto según lo planificado,2024-05-31
1152,R,No procedemos con el proyecto por cambios en nuestras prioridades estratégicas,2024-10-21
1153,R,Declinamos la oferta por considerar excesivos los costos de implementación,2024-12-26
1154,A,Aprobamos la arquitectura tecnológica sugerida,2024-12-22
1155,A,Confirmamos nuestra satisfacción con la propuesta técnica,2024-08-02
1156,R,Declinamos la oferta por considerar excesivos los costos de implementación,2025-01-31
1157,A,Validamos la propuesta y solicitamos la firma del contrato,2024-01-30
1158,A,Aceptamos la escalabilidad propuesta para el sistema,2024-02-24
1159,A,Aceptamos la propuesta en su totalidad sin cambios,2024-11-27
1160,A,Validamos los requisitos funcionales presentados,2025-03-21
1161,A,Aceptamos la propuesta en su totalidad sin cambios,2024-04-28
1162,A,Validamos la propuesta y solicitamos la firma del contrato,2024-11-23
1163,A,Validamos la propuesta y solicitamos la firma del contrato,2024-11-10
1164,A,Aprobamos el alcance del proyecto tal como está definido,2024-01-27
1165,R,Declinamos por preferir una solución en la nube alternativa,2024-06-15
1166,A,Aceptamos la propuesta en su totalidad sin cambios,2025-02-17
1167,A,Aceptamos los plazos y entregables establecidos en la propuesta,2024-10-11
1168,A,Damos el visto bueno al cronograma presentado y confirmamos el pago inicial,2024-04-23
1169,A,Confirmamos nuestra satisfacción con la propuesta técnica,2024-12-04
1170,A,Damos el visto bueno al cronograma presentado y confirmamos el pago inicial,2025-02-18
1171,A,Aceptamos la solución propuesta y autorizamos el inicio inmediato,2024-07-27
1172,A,Aceptamos la solución propuesta y autorizamos el inicio inmediato,2024-08-24
1173,R,Rechazamos la ampliación de servicios por falta de presupuesto,2024-12-01
1174,A,Aceptamos la solución propuesta y autorizamos el inicio inmediato,2024-08-12
1175,A,Validamos los requisitos funcionales presentados,2024-06-18
1176,R,Rechazamos la propuesta por incompatibilidad con nuestros sistemas actuales,2024-10-25
1177,A,Aprobamos la integración con nuestros sistemas sin modificaciones adicionales,2024-07-26
1178,A,Autorizamos el inicio del proyecto según lo planificado,2024-02-08
1179,R,Rechazamos la inclusión del módulo adicional sugerido,2025-01-01
1180,A,Validamos los requisitos funcionales presentados,2024-05-28
1181,A,Confirmamos nuestra aceptación a las condiciones técnicas propuestas,2025-04-22
1182,A,Estamos de acuerdo con el plan de implementación y damos luz verde para iniciar,2025-02-16
1183,A,Aceptamos la solución propuesta y autorizamos el inicio inmediato,2024-02-23
1184,A,Aprobamos la arquitectura tecnológica sugerida,2024-12-26
1185,A,Damos conformidad al plan de capacitación propuesto,2024-06-05
1186,A,Aceptamos la escalabilidad propuesta para el sistema,2024-11-26
1187,R,No aprobamos el contrato debido a cláusulas contractuales no negociables,2024-08-22
1188,A,Damos conformidad al plan de capacitación propuesto,2025-03-10
1189,A,Validamos la propuesta y solicitamos la firma del contrato,2024-09-01
1190,R,Cancelamos el proyecto por reestructuración organizacional,2025-01-27
1191,R,No aprobamos el contrato debido a cláusulas contractuales no negociables,2024-12-03
1192,R,Desestimamos la oferta por incumplir normativas internas,2025-03-15
1193,R,No procedemos con el proyecto por cambios en nuestras prioridades estratégicas,2025-04-18
1194,R,Rechazamos la inclusión del módulo adicional sugerido,2024-03-22
1195,R,No estamos de acuerdo con los términos comerciales presentados,2024-08-26
1196,R,No aprobamos el contrato debido a cláusulas contractuales no negociables,2024-12-09
1197,R,Rechazamos los tiempos de implementación como inviables,2025-01-10
1198,A,Validamos la propuesta y solicitamos la firma del contrato,2024-02-05
1199,A,Confirmamos el acuerdo de niveles de servicio (SLA),2024-02-21
1200,A,Aprobamos el presupuesto completo sin objeciones,2024-12-21
1201,A,Aceptamos la modalidad de pago propuesta sin modificaciones,2024-01-30
1202,A,Confirmamos nuestra satisfacción con la propuesta técnica,2024-10-23
1203,R,No continuamos con el proyecto debido a cambios en nuestra estructura interna,2024-11-06
1204,R,Descartamos la propuesta ante cambios en regulaciones del sector,2024-08-09
1205,R,Descartamos la propuesta ante cambios en regulaciones del sector,2024-06-27
1206,R,Descartamos la propuesta ante cambios en regulaciones del sector,2024-07-31
1207,R,Declinamos la oferta por considerar excesivos los costos de implementación,2024-12-08
1208,A,Confirmamos el acuerdo de niveles de servicio (SLA),2024-04-11
1209,A,Aprobamos la integración con nuestros sistemas sin modificaciones adicionales,2024-10-31
1210,R,Declinamos por preferir una solución en la nube alternativa,2024-08-17
1211,A,Aprobamos el presupuesto completo sin objeciones,2024-02-17
1212,A,Damos el visto bueno al cronograma presentado y confirmamos el pago inicial,2024-12-31
1213,A,Aceptamos la escalabilidad propuesta para el sistema,2024-08-16
1214,A,Validamos la propuesta y solicitamos la firma del contrato,2024-09-16
1215,A,Validamos los requisitos funcionales presentados,2024-06-29
1216,R,No aceptamos por incompatibilidad con nuestra infraestructura actual,2024-07-17
1217,A,Confirmamos el acuerdo de niveles de servicio (SLA),2025-01-17
1218,A,Validamos los criterios de aceptación de pruebas,2025-02-14
1219,R,No procedemos con el proyecto por cambios en nuestras prioridades estratégicas,2024-06-06
1220,R,Declinamos la oferta por considerar excesivos los costos de implementación,2024-01-05
1221,A,Confirmamos el acuerdo de niveles de servicio (SLA),2024-11-05
1222,A,Aceptamos la modalidad de pago propuesta sin modificaciones,2024-04-30
1223,A,Validamos los criterios de aceptación de pruebas,2024-02-07
1224,R,Rechazamos la propuesta por incompatibilidad con nuestros sistemas actuales,2025-03-29
1225,R,Rechazamos los tiempos de implementación como inviables,2025-03-30
1226,R,Rechazamos la propuesta por incompatibilidad con nuestros sistemas actuales,2024-01-04
1227,R,No aceptamos por incompatibilidad con nuestra infraestructura actual,2024-09-26
1228,A,Aprobamos la integración con nuestros sistemas sin modificaciones adicionales,2024-12-07
1229,A,Aceptamos la modalidad de pago propuesta sin modificaciones,2024-12-15
1230,A,Aceptamos la propuesta en su totalidad sin cambios,2025-04-17
1231,R,No procedemos con el proyecto por cambios en nuestras prioridades estratégicas,2024-11-29
1232,A,Aprobamos la arquitectura tecnológica sugerida,2024-09-25
1233,A,Damos conformidad al plan de capacitación propuesto,2024-12-10
1234,R,Declinamos la oferta por considerar excesivos los costos de implementación,2025-03-18
1235,A,Validamos los criterios de aceptación de pruebas,2024-03-26
1236,A,Aceptamos la escalabilidad propuesta para el sistema,2024-12-14
1237,A,Validamos la propuesta y solicitamos la firma del contrato,2024-08-24
1238,R,Cancelamos el proyecto por reestructuración organizacional,2024-07-13
1239,A,Confirmamos el acuerdo de niveles de servicio (SLA),2024-07-31
1240,A,Aprobamos el presupuesto completo sin objeciones,2024-11-27
1241,R,No aceptamos las licencias propuestas por costos ocultos,2024-08-06
1242,A,Damos el visto bueno al cronograma presentado y confirmamos el pago inicial,2024-04-23
1243,R,Desestimamos la oferta por incumplir normativas internas,2024-12-03
1244,A,Aprobamos la arquitectura tecnológica sugerida,2024-07-30
1245,R,Cancelamos el proyecto por reestructuración organizacional,2024-10-13
1246,R,Rechazamos la propuesta por incompatibilidad con nuestros sistemas actuales,2024-04-02
1247,A,Confirmamos nuestra aceptación a las condiciones técnicas propuestas,2024-04-22
1248,R,No procedemos con el proyecto por cambios en nuestras prioridades estratégicas,2024-01-31
1249,R,Descartamos la propuesta ante cambios en regulaciones del sector,2025-01-28
1250,R,No estamos de acuerdo con los términos comerciales presentados,2024-09-03
1251,R,Cancelamos el proyecto por reestructuración organizacional,2024-02-29
1252,R,Rechazamos la propuesta por no cumplir con nuestros requisitos de seguridad,2025-02-12
1253,A,Estamos de acuerdo con el plan de implementación y damos luz verde para iniciar,2024-07-28
1254,A,Confirmamos nuestra satisfacción con la propuesta técnica,2024-10-24
1255,A,Confirmamos nuestra aceptación a las condiciones técnicas propuestas,2024-05-25
1256,R,Rechazamos los tiempos de implementación como inviables,2024-06-07
1257,A,Confirmamos nuestra aceptación a las condiciones técnicas propuestas,2024-05-30
1258,R,Descartamos la propuesta ante cambios en regulaciones del sector,2024-05-08
1259,R,Declinamos la oferta por considerar excesivos los costos de implementación,2025-01-30
1260,R,Desestimamos la oferta por incumplir normativas internas,2025-04-09
1261,R,Rechazamos la solución por falta de soporte técnico local,2025-02-13
1262,A,Aprobamos el alcance del proyecto tal como está definido,2024-07-21
1263,A,Aceptamos la propuesta en su totalidad sin cambios,2024-09-21
1264,R,No procedemos por falta de alineación con nuestra roadmap tecnológico,2024-02-16
1265,R,No procedemos por falta de alineación con nuestra roadmap tecnológico,2025-04-03
1266,R,Rechazamos la solución por falta de soporte técnico local,2024-11-15
1267,R,Declinamos por preferir una solución en la nube alternativa,2024-08-29
1268,A,Autorizamos el inicio del proyecto según lo planificado,2025-02-09
1269,R,Rechazamos los tiempos de implementación como inviables,2024-11-16
1270,R,No procedemos con el proyecto por cambios en nuestras prioridades estratégicas,2024-07-05
1271,A,Validamos los criterios de aceptación de pruebas,2024-05-21
1272,R,No aceptamos por incompatibilidad con nuestra infraestructura actual,2025-03-28
1273,R,Rechazamos la solución por falta de soporte técnico local,2024-10-21
1274,A,Aceptamos la propuesta en su totalidad sin cambios,2024-04-27
1275,A,Aprobamos la integración con nuestros sistemas sin modificaciones adicionales,2025-04-16
1276,A,Validamos los criterios de aceptación de pruebas,2025-03-03
1277,R,No aceptamos las licencias propuestas por costos ocultos,2024-09-19
1278,A,Estamos de acuerdo con el plan de implementación y damos luz verde para iniciar,2024-12-21
1279,A,Aceptamos los términos del servicio de mantenimiento,2024-05-25
1280,R,Rechazamos los tiempos de implementación como inviables,2024-08-30
1281,R,No procedemos por falta de alineación con nuestra roadmap tecnológico,2024-07-25
1282,R,Rechazamos la propuesta por incompatibilidad con nuestros sistemas actuales,2024-12-22
1283,R,Declinamos la oferta por considerar excesivos los costos de implementación,2024-09-16
1284,R,No aceptamos las licencias propuestas por costos ocultos,2024-03-09
1285,R,Declinamos la oferta por considerar excesivos los costos de implementación,2024-07-17
1286,R,Rechazamos la propuesta por incompatibilidad con nuestros sistemas actuales,2024-11-04
1287,R,No aceptamos las licencias propuestas por costos ocultos,2024-08-27
1288,R,No aceptamos las licencias propuestas por costos ocultos,2025-01-25
1289,R,Rechazamos la ampliación de servicios por falta de presupuesto,2025-01-17
1290,R,Descartamos la propuesta ante cambios en regulaciones del sector,2025-03-30
1291,A,Aprobamos el presupuesto completo sin objeciones,2024-09-06
1292,R,No aceptamos las licencias propuestas por costos ocultos,2024-05-29
1293,A,Aceptamos la implementación piloto bajo los términos acordados,2025-02-12
1294,A,Aceptamos la modalidad de pago propuesta sin modificaciones,2025-02-02
1295,A,Confirmamos el acuerdo de niveles de servicio (SLA),2024-10-14
1296,R,No procedemos por falta de alineación con nuestra roadmap tecnológico,2024-01-06
1297,A,Aprobamos la integración con nuestros sistemas sin modificaciones adicionales,2025-01-02
1298,A,Validamos la propuesta y solicitamos la firma del contrato,2024-04-16
1299,R,Rechazamos la inclusión del módulo adicional sugerido,2024-01-24
1300,A,Aceptamos los plazos y entregables establecidos en la propuesta,2024-02-21
1301,R,Rechazamos la propuesta por incompatibilidad con nuestros sistemas actuales,2024-11-27
1302,A,Aprobamos el alcance del proyecto tal como está definido,2024-04-06
1303,R,Rechazamos la inclusión del módulo adicional sugerido,2024-08-08
1304,R,Rechazamos la propuesta por no cumplir con nuestros requisitos de seguridad,2024-05-07
1305,R,Rechazamos los tiempos de implementación como inviables,2024-03-22
1306,R,Declinamos la oferta por considerar excesivos los costos de implementación,2024-06-15
1307,R,Cancelamos el proyecto por reestructuración organizacional,2024-02-27
1308,R,Descartamos la propuesta ante cambios en regulaciones del sector,2025-02-18
1309,R,No estamos de acuerdo con los términos comerciales presentados,2024-04-23
1310,A,Estamos de acuerdo con el plan de implementación y damos luz verde para iniciar,2024-10-13
1311,R,No aprobamos el contrato debido a cláusulas contractuales no negociables,2024-12-26
1312,A,Aceptamos la propuesta en su totalidad sin cambios,2024-07-31
1313,A,Aceptamos la modalidad de pago propuesta sin modificaciones,2025-01-04
1314,R,No procedemos con el proyecto por cambios en nuestras prioridades estratégicas,2025-01-02
1315,R,Declinamos por preferir una solución en la nube alternativa,2024-06-14
1316,R,No aceptamos por incompatibilidad con nuestra infraestructura actual,2024-03-31
1317,R,Cancelamos el proyecto por reestructuración organizacional,2024-09-30
1318,A,Aceptamos los términos del servicio de mantenimiento,2024-07-27
1319,A,Autorizamos el inicio del proyecto según lo planificado,2024-05-16
1320,R,Rechazamos el modelo de negocio propuesto,2024-10-22
1321,A,Aprobamos la integración con nuestros sistemas sin modificaciones adicionales,2024-02-27
1322,R,No continuamos con el proyecto debido a cambios en nuestra estructura interna,2024-07-02
1323,R,Rechazamos la solución por falta de soporte técnico local,2025-01-29
1324,R,Cancelamos el proyecto por reestructuración organizacional,2024-04-03
1325,R,No continuamos con el proyecto debido a cambios en nuestra estructura interna,2024-02-10
1326,A,Confirmamos nuestra satisfacción con la propuesta técnica,2024-07-15
1327,A,Validamos los criterios de aceptación de pruebas,2025-01-21
1328,A,Confirmamos nuestra satisfacción con la propuesta técnica,2024-07-17
1329,R,No aceptamos las licencias propuestas por costos ocultos,2025-02-27
1330,R,No aprobamos el contrato debido a cláusulas contractuales no negociables,2025-02-05
1331,R,No estamos de acuerdo con los términos comerciales presentados,2024-10-14
1332,R,No aceptamos las licencias propuestas por costos ocultos,2024-02-28
1333,R,Desestimamos la oferta por incumplir normativas internas,2024-12-25
1334,A,Aceptamos los términos del servicio de mantenimiento,2024-02-10
1335,R,Descartamos la propuesta ante cambios en regulaciones del sector,2025-02-02
1336,R,No procedemos con el proyecto por cambios en nuestras prioridades estratégicas,2024-04-25
1337,R,Rechazamos la solución por falta de soporte técnico local,2024-01-23
1338,R,Rechazamos la propuesta por incompatibilidad con nuestros sistemas actuales,2024-03-20
1339,A,Confirmamos nuestra aceptación a las condiciones técnicas propuestas,2025-01-25
1340,A,Aprobamos la arquitectura tecnológica sugerida,2024-02-01
1341,R,Rechazamos la ampliación de servicios por falta de presupuesto,2025-04-18
1342,R,Rechazamos la ampliación de servicios por falta de presupuesto,2024-02-01
1343,R,Rechazamos los tiempos de implementación como inviables,2024-03-18
1344,A,Aceptamos la solución propuesta y autorizamos el inicio inmediato,2024-07-25
1345,A,Aprobamos el alcance del proyecto tal como está definido,2024-09-25
1346,A,Confirmamos nuestra aceptación a las condiciones técnicas propuestas,2024-07-24
1347,R,No procedemos con el proyecto por cambios en nuestras prioridades estratégicas,2024-04-24
1348,R,Rechazamos la ampliación de servicios por falta de presupuesto,2024-03-07
1349,A,Damos el visto bueno al cronograma presentado y confirmamos el pago inicial,2025-04-07
1350,A,Validamos los criterios de aceptación de pruebas,2024-12-10
1351,A,Aceptamos la implementación piloto bajo los términos acordados,2024-06-24
1352,A,Aprobamos el alcance del proyecto tal como está definido,2024-11-30
1353,A,Aprobamos el alcance del proyecto tal como está definido,2024-09-19
1354,A,Aceptamos los plazos y entregables establecidos en la propuesta,2025-01-03
1355,R,Descartamos la propuesta ante cambios en regulaciones del sector,2024-04-12
1356,R,Declinamos la oferta por considerar excesivos los costos de implementación,2024-05-05
1357,A,Aceptamos la implementación piloto bajo los términos acordados,2024-03-22
1358,A,Aprobamos el presupuesto completo sin objeciones,2024-02-21
1359,A,Confirmamos nuestra aceptación a las condiciones técnicas propuestas,2024-02-20
1360,A,Autorizamos el inicio del proyecto según lo planificado,2024-01-08
1361,A,Validamos los requisitos funcionales presentados,2024-02-14
1362,R,No aprobamos el contrato debido a cláusulas contractuales no negociables,2025-03-22
1363,R,Declinamos la oferta por considerar excesivos los costos de implementación,2025-04-04
1364,R,No aceptamos las licencias propuestas por costos ocultos,2024-10-24
1365,A,Aceptamos la solución propuesta y autorizamos el inicio inmediato,2024-07-01
1366,R,Cancelamos el proyecto por reestructuración organizacional,2024-10-13
1367,A,Validamos la propuesta y solicitamos la firma del contrato,2024-06-20
1368,A,Estamos de acuerdo con el plan de implementación y damos luz verde para iniciar,2024-08-21
1369,R,Rechazamos la inclusión del módulo adicional sugerido,2025-03-17
1370,A,Confirmamos nuestra satisfacción con la propuesta técnica,2024-07-23
1371,R,Rechazamos la propuesta por no cumplir con nuestros requisitos de seguridad,2025-01-03
1372,A,Autorizamos el inicio del proyecto según lo planificado,2024-10-12
1373,R,Rechazamos la inclusión del módulo adicional sugerido,2024-06-15
1374,A,Aprobamos la integración con nuestros sistemas sin modificaciones adicionales,2024-07-14
1375,R,Cancelamos el proyecto por reestructuración organizacional,2024-05-18
1376,A,Aceptamos la implementación piloto bajo los términos acordados,2024-10-14
1377,A,Aprobamos la integración con nuestros sistemas sin modificaciones adicionales,2025-03-17
1378,R,No procedemos por falta de alineación con nuestra roadmap tecnológico,2024-05-23
1379,R,Declinamos por preferir una solución en la nube alternativa,2025-01-10
1380,A,Aceptamos la implementación piloto bajo los términos acordados,2024-03-20
1381,A,Aprobamos el alcance del proyecto tal como está definido,2025-04-04
1382,R,Cancelamos el proyecto por reestructuración organizacional,2024-06-04
1383,A,Aceptamos la modalidad de pago propuesta sin modificaciones,2024-06-17
1384,A,Aceptamos la escalabilidad propuesta para el sistema,2024-10-28
1385,A,Confirmamos el acuerdo de niveles de servicio (SLA),2024-01-12
1386,R,Rechazamos la propuesta por no cumplir con nuestros requisitos de seguridad,2024-02-23
1387,A,Validamos los requisitos funcionales presentados,2024-05-30
1388,R,Rechazamos los tiempos de implementación como inviables,2025-04-27
1389,R,No aceptamos por incompatibilidad con nuestra infraestructura actual,2024-07-06
1390,A,Damos conformidad al plan de capacitación propuesto,2024-09-17
1391,R,Rechazamos la ampliación de servicios por falta de presupuesto,2025-02-12
1392,A,Estamos de acuerdo con el plan de implementación y damos luz verde para iniciar,2024-07-05
1393,A,Aceptamos la escalabilidad propuesta para el sistema,2025-04-24
1394,A,Validamos los requisitos funcionales presentados,2025-03-15
1395,A,Aceptamos la implementación piloto bajo los términos acordados,2025-03-19
1396,A,Aceptamos los plazos y entregables establecidos en la propuesta,2024-02-01
1397,R,No continuamos con el proyecto debido a cambios en nuestra estructura interna,2024-03-18
1398,A,Validamos la propuesta y solicitamos la firma del contrato,2024-05-25
1399,A,Aprobamos la integración con nuestros sistemas sin modificaciones adicionales,2024-02-11
1400,A,Estamos de acuerdo con el plan de implementación y damos luz verde para iniciar,2024-05-24
1401,R,Rechazamos la propuesta por no cumplir con nuestros requisitos de seguridad,2025-03-29
1402,R,Rechazamos la inclusión del módulo adicional sugerido,2024-12-11
1403,R,Rechazamos la ampliación de servicios por falta de presupuesto,2024-02-24
1404,R,Rechazamos la ampliación de servicios por falta de presupuesto,2025-04-23
1405,A,Confirmamos nuestra satisfacción con la propuesta técnica,2024-10-09
1406,R,Rechazamos la ampliación de servicios por falta de presupuesto,2024-08-27
1407,A,Aprobamos el alcance del proyecto tal como está definido,2024-04-06
1408,A,Autorizamos el inicio del proyecto según lo planificado,2024-06-06
1409,A,Estamos de acuerdo con el plan de implementación y damos luz verde para iniciar,2025-04-07
1410,R,No aceptamos las licencias propuestas por costos ocultos,2024-12-25
1411,R,No procedemos con el proyecto por cambios en nuestras prioridades estratégicas,2024-08-18
1412,A,Aceptamos la propuesta en su totalidad sin cambios,2024-09-13
1413,A,Aceptamos la solución propuesta y autorizamos el inicio inmediato,2025-02-02
1414,R,Rechazamos los tiempos de implementación como inviables,2024-12-27
1415,A,Aprobamos el alcance del proyecto tal como está definido,2024-01-01
1416,A,Aprobamos la arquitectura tecnológica sugerida,2024-11-08
1417,A,Aceptamos la propuesta en su totalidad sin cambios,2024-06-22
1418,R,No aceptamos por incompatibilidad con nuestra infraestructura actual,2024-07-17
1419,A,Aprobamos el alcance del proyecto tal como está definido,2024-03-13
1420,R,No procedemos por falta de alineación con nuestra roadmap tecnológico,2024-06-02
1421,A,Aprobamos el alcance del proyecto tal como está definido,2024-01-06
1422,A,Aprobamos la integración con nuestros sistemas sin modificaciones adicionales,2024-12-25
1423,A,Aceptamos la modalidad de pago propuesta sin modificaciones,2025-01-09
1424,A,Validamos los requisitos funcionales presentados,2024-04-09
1425,A,Aceptamos la escalabilidad propuesta para el sistema,2024-12-07
1426,A,Aprobamos la integración con nuestros sistemas sin modificaciones adicionales,2024-08-20
1427,A,Validamos los criterios de aceptación de pruebas,2024-05-04
1428,A,Confirmamos el acuerdo de niveles de servicio (SLA),2024-12-01
1429,A,Validamos los requisitos funcionales presentados,2025-02-05
1430,A,Autorizamos el inicio del proyecto según lo planificado,2025-03-31
1431,A,Validamos los requisitos funcionales presentados,2024-06-02
1432,R,Rechazamos el modelo de negocio propuesto,2024-03-30
1433,R,Rechazamos los tiempos de implementación como inviables,2024-10-19
1434,A,Autorizamos el inicio del proyecto según lo planificado,2025-04-20
1435,R,Rechazamos la solución por falta de soporte técnico local,2024-07-04
1436,R,Cancelamos el proyecto por reestructuración organizacional,2024-01-18
1437,R,Desestimamos la oferta por incumplir normativas internas,2025-02-07
1438,R,Rechazamos el modelo de negocio propuesto,2024-05-14
1439,A,Aprobamos el alcance del proyecto tal como está definido,2024-12-08
1440,A,Validamos la propuesta y solicitamos la firma del contrato,2024-05-29
1441,A,Aceptamos la escalabilidad propuesta para el sistema,2024-05-26
1442,A,Aprobamos la integración con nuestros sistemas sin modificaciones adicionales,2025-01-20
1443,R,Rechazamos la solución por falta de soporte técnico local,2024-10-16
1444,R,Rechazamos la propuesta por incompatibilidad con nuestros sistemas actuales,2025-03-27
1445,R,Rechazamos la propuesta por incompatibilidad con nuestros sistemas actuales,2024-11-30
1446,A,Confirmamos nuestra aceptación a las condiciones técnicas propuestas,2024-12-19
1447,R,No estamos de acuerdo con los términos comerciales presentados,2024-06-02
1448,A,Aceptamos la implementación piloto bajo los términos acordados,2024-12-27
1449,R,Rechazamos la inclusión del módulo adicional sugerido,2024-09-25
1450,A,Damos el visto bueno al cronograma presentado y confirmamos el pago inicial,2025-03-20
1451,R,Rechazamos la propuesta por no cumplir con nuestros requisitos de seguridad,2024-11-12
1452,R,Rechazamos los tiempos de implementación como inviables,2025-04-10
1453,A,Aceptamos la modalidad de pago propuesta sin modificaciones,2024-08-24
1454,A,Validamos la propuesta y solicitamos la firma del contrato,2024-02-27
1455,A,Aceptamos la escalabilidad propuesta para el sistema,2024-06-27
1456,R,No procedemos por falta de alineación con nuestra roadmap tecnológico,2025-03-13
1457,A,Aceptamos los términos del servicio de mantenimiento,2025-03-29
1458,A,Aceptamos la implementación piloto bajo los términos acordados,2024-12-20
1459,A,Damos el visto bueno al cronograma presentado y confirmamos el pago inicial,2024-10-01
1460,R,No aceptamos las licencias propuestas por costos ocultos,2024-07-21
1461,R,Rechazamos la propuesta por no cumplir con nuestros requisitos de seguridad,2025-04-08
1462,A,Aceptamos la propuesta en su totalidad sin cambios,2024-09-25
1463,R,No aceptamos las licencias propuestas por costos ocultos,2025-04-04
1464,R,Rechazamos el modelo de negocio propuesto,2024-06-20
1465,R,Rechazamos el modelo de negocio propuesto,2024-05-11
1466,A,Aceptamos la escalabilidad propuesta para el sistema,2024-08-23
1467,R,No estamos de acuerdo con los términos comerciales presentados,2025-03-27
1468,A,Validamos los criterios de aceptación de pruebas,2024-09-27
1469,R,Descartamos la propuesta ante cambios en regulaciones del sector,2024-02-18
1470,R,Rechazamos la propuesta por incompatibilidad con nuestros sistemas actuales,2024-04-17
1471,A,Estamos de acuerdo con el plan de implementación y damos luz verde para iniciar,2025-01-25
1472,A,Confirmamos nuestra satisfacción con la propuesta técnica,2024-03-08
1473,R,Rechazamos la inclusión del módulo adicional sugerido,2024-02-05
1474,A,Validamos los requisitos funcionales presentados,2024-02-16
1475,R,Rechazamos la ampliación de servicios por falta de presupuesto,2025-04-26
1476,A,Aceptamos los plazos y entregables establecidos en la propuesta,2024-10-07
1477,A,Damos conformidad al plan de capacitación propuesto,2024-11-06
1478,R,Declinamos por preferir una solución en la nube alternativa,2025-02-09
1479,R,Declinamos la oferta por considerar excesivos los costos de implementación,2024-12-24
1480,A,Aceptamos la solución propuesta y autorizamos el inicio inmediato,2024-07-04
1481,R,Rechazamos el modelo de negocio propuesto,2024-01-28
1482,R,Rechazamos la propuesta por no cumplir con nuestros requisitos de seguridad,2024-01-09
1483,R,No aceptamos por incompatibilidad con nuestra infraestructura actual,2024-01-12
1484,R,Declinamos por preferir una solución en la nube alternativa,2024-08-18
1485,A,Confirmamos el acuerdo de niveles de servicio (SLA),2024-11-12
1486,A,Validamos la propuesta y solicitamos la firma del contrato,2024-10-08
1487,R,No procedemos por falta de alineación con nuestra roadmap tecnológico,2024-04-14
1488,A,Aceptamos la propuesta en su totalidad sin cambios,2025-02-06
1489,A,Aceptamos la modalidad de pago propuesta sin modificaciones,2024-06-13
1490,R,Cancelamos el proyecto por reestructuración organizacional,2024-08-25
1491,R,Descartamos la propuesta ante cambios en regulaciones del sector,2025-01-05
1492,A,Aceptamos la propuesta en su totalidad sin cambios,2024-06-10
1493,R,No aceptamos por incompatibilidad con nuestra infraestructura actual,2024-11-22
1494,R,Declinamos la oferta por considerar excesivos los costos de implementación,2024-03-09
1495,A,Validamos los requisitos funcionales presentados,2024-01-22
1496,R,Rechazamos la propuesta por incompatibilidad con nuestros sistemas actuales,2025-02-18
1497,A,Damos conformidad al plan de capacitación propuesto,2024-01-29
1498,R,No aceptamos por incompatibilidad con nuestra infraestructura actual,2024-05-18
1499,A,Aprobamos la integración con nuestros sistemas sin modificaciones adicionales,2024-04-27
1500,R,Rechazamos la propuesta por incompatibilidad con nuestros sistemas actuales,2024-01-17
1501,A,Aceptamos los plazos y entregables establecidos en la propuesta,2025-02-04
1502,A,Aceptamos la propuesta en su totalidad sin cambios,2024-07-18
1503,R,No estamos de acuerdo con los términos comerciales presentados,2024-11-24
1504,R,Rechazamos la solución por falta de soporte técnico local,2024-06-06
1505,R,No estamos de acuerdo con los términos comerciales presentados,2024-09-28
1506,R,No procedemos con el proyecto por cambios en nuestras prioridades estratégicas,2024-07-24
1507,R,No aprobamos el contrato debido a cláusulas contractuales no negociables,2024-01-26
1508,R,No aceptamos por incompatibilidad con nuestra infraestructura actual,2024-11-18
1509,A,Estamos de acuerdo con el plan de implementación y damos luz verde para iniciar,2025-03-15
1510,R,No continuamos con el proyecto debido a cambios en nuestra estructura interna,2024-12-31
1511,R,No aceptamos por incompatibilidad con nuestra infraestructura actual,2024-10-02
1512,A,Aprobamos la integración con nuestros sistemas sin modificaciones adicionales,2025-01-06
1513,R,Rechazamos la propuesta por incompatibilidad con nuestros sistemas actuales,2024-08-24
1514,R,Rechazamos la solución por falta de soporte técnico local,2024-04-08
1515,A,Aprobamos la arquitectura tecnológica sugerida,2025-03-24
1516,A,Validamos la propuesta y solicitamos la firma del contrato,2024-03-10
1517,R,No continuamos con el proyecto debido a cambios en nuestra estructura interna,2024-11-02
1518,A,Aceptamos la implementación piloto bajo los términos acordados,2024-12-08
1519,R,No aceptamos por incompatibilidad con nuestra infraestructura actual,2025-03-02
1520,A,Estamos de acuerdo con el plan de implementación y damos luz verde para iniciar,2024-08-23
1521,R,No continuamos con el proyecto debido a cambios en nuestra estructura interna,2024-11-08
1522,R,No aceptamos por incompatibilidad con nuestra infraestructura actual,2024-02-06
1523,R,Rechazamos la propuesta por no cumplir con nuestros requisitos de seguridad,2024-05-23
1524,A,Validamos los requisitos funcionales presentados,2025-04-09
1525,R,Rechazamos la ampliación de servicios por falta de presupuesto,2025-04-29
1526,R,Descartamos la propuesta ante cambios en regulaciones del sector,2024-06-25
1527,A,Aceptamos la implementación piloto bajo los términos acordados,2024-04-11
1528,A,Validamos los requisitos funcionales presentados,2025-01-08
1529,A,Aprobamos la integración con nuestros sistemas sin modificaciones adicionales,2024-06-05
1530,R,No procedemos por falta de alineación con nuestra roadmap tecnológico,2024-02-18
1531,A,Validamos los requisitos funcionales presentados,2024-03-26
1532,R,No aceptamos las licencias propuestas por costos ocultos,2025-01-11
1533,R,Rechazamos la solución por falta de soporte técnico local,2024-04-05
1534,A,Aprobamos la integración con nuestros sistemas sin modificaciones adicionales,2025-04-09
1535,A,Confirmamos nuestra satisfacción con la propuesta técnica,2025-01-29
1536,R,No aceptamos por incompatibilidad con nuestra infraestructura actual,2024-08-04
1537,A,Aprobamos la arquitectura tecnológica sugerida,2025-02-23
1538,A,Aprobamos el presupuesto completo sin objeciones,2025-02-16
1539,A,Validamos los requisitos funcionales presentados,2025-03-06
1540,A,Validamos los requisitos funcionales presentados,2024-10-16
1541,A,Estamos de acuerdo con el plan de implementación y damos luz verde para iniciar,2024-12-16
1542,A,Aceptamos los plazos y entregables establecidos en la propuesta,2025-04-29
1543,R,Rechazamos la propuesta por no cumplir con nuestros requisitos de seguridad,2024-04-01
1544,R,No continuamos con el proyecto debido a cambios en nuestra estructura interna,2025-01-27
1545,A,Confirmamos nuestra aceptación a las condiciones técnicas propuestas,2024-08-09
1546,A,Aprobamos la integración con nuestros sistemas sin modificaciones adicionales,2024-02-26
1547,R,No aprobamos el contrato debido a cláusulas contractuales no negociables,2024-12-26
1548,R,Cancelamos el proyecto por reestructuración organizacional,2024-01-22
1549,R,Desestimamos la oferta por incumplir normativas internas,2024-06-09
1550,A,Aprobamos la arquitectura tecnológica sugerida,2024-09-07
1551,R,No estamos de acuerdo con los términos comerciales presentados,2024-08-20
1552,A,Aceptamos la solución propuesta y autorizamos el inicio inmediato,2025-03-10
1553,R,No procedemos por falta de alineación con nuestra roadmap tecnológico,2024-05-07
1554,R,Rechazamos el modelo de negocio propuesto,2024-02-06
1555,A,Confirmamos el acuerdo de niveles de servicio (SLA),2024-06-19
1556,R,Cancelamos el proyecto por reestructuración organizacional,2024-04-22
1557,R,Cancelamos el proyecto por reestructuración organizacional,2024-06-15
1558,R,Rechazamos la inclusión del módulo adicional sugerido,2024-10-22
1559,A,Damos el visto bueno al cronograma presentado y confirmamos el pago inicial,2024-03-01
1560,R,Rechazamos los tiempos de implementación como inviables,2024-09-09
1561,A,Validamos la propuesta y solicitamos la firma del contrato,2024-12-31
1562,A,Aceptamos la escalabilidad propuesta para el sistema,2024-08-30
1563,R,No aceptamos las licencias propuestas por costos ocultos,2024-05-18
1564,A,Aprobamos la integración con nuestros sistemas sin modificaciones adicionales,2024-06-10
1565,A,Validamos los requisitos funcionales presentados,2025-01-04
1566,R,Desestimamos la oferta por incumplir normativas internas,2024-08-18
1567,A,Aprobamos el presupuesto completo sin objeciones,2025-02-07
1568,A,Aceptamos la propuesta en su totalidad sin cambios,2025-04-25
1569,R,Rechazamos la propuesta por incompatibilidad con nuestros sistemas actuales,2024-04-12
1570,A,Aceptamos la propuesta en su totalidad sin cambios,2024-01-11
1571,R,Cancelamos el proyecto por reestructuración organizacional,2024-09-01
1572,A,Damos el visto bueno al cronograma presentado y confirmamos el pago inicial,2024-08-10
1573,A,Confirmamos nuestra satisfacción con la propuesta técnica,2024-03-02
1574,A,Aceptamos la propuesta en su totalidad sin cambios,2024-01-28
1575,R,Desestimamos la oferta por incumplir normativas internas,2025-02-12
1576,A,Aceptamos la escalabilidad propuesta para el sistema,2024-10-16
1577,R,Rechazamos la solución por falta de soporte técnico local,2024-08-11
1578,R,Cancelamos el proyecto por reestructuración organizacional,2024-10-06
1579,A,Aprobamos la arquitectura tecnológica sugerida,2024-02-03
1580,R,Rechazamos la propuesta por no cumplir con nuestros requisitos de seguridad,2024-01-19
1581,A,Confirmamos el acuerdo de niveles de servicio (SLA),2025-04-16
1582,R,No aceptamos por incompatibilidad con nuestra infraestructura actual,2024-01-27
1583,R,No aprobamos el contrato debido a cláusulas contractuales no negociables,2024-05-11
1584,R,Declinamos por preferir una solución en la nube alternativa,2024-10-06
1585,A,Confirmamos el acuerdo de niveles de servicio (SLA),2024-03-05
1586,A,Aprobamos la arquitectura tecnológica sugerida,2024-03-15
1587,A,Confirmamos nuestra satisfacción con la propuesta técnica,2025-03-25
1588,A,Aprobamos la integración con nuestros sistemas sin modificaciones adicionales,2024-01-24
1589,R,Declinamos la oferta por considerar excesivos los costos de implementación,2024-08-22
1590,R,No procedemos con el proyecto por cambios en nuestras prioridades estratégicas,2024-08-07
1591,A,Aceptamos la implementación piloto bajo los términos acordados,2024-06-22
1592,A,Aprobamos el presupuesto completo sin objeciones,2025-03-18
1593,R,Rechazamos la ampliación de servicios por falta de presupuesto,2024-10-29
1594,R,Rechazamos los tiempos de implementación como inviables,2024-11-18
1595,R,No procedemos con el proyecto por cambios en nuestras prioridades estratégicas,2025-01-04
1596,R,Rechazamos el modelo de negocio propuesto,2024-07-06
1597,R,Rechazamos la propuesta por no cumplir con nuestros requisitos de seguridad,2024-05-27
1598,R,Desestimamos la oferta por incumplir normativas internas,2024-07-21
1599,R,No aceptamos las licencias propuestas por costos ocultos,2024-01-01
1600,A,Validamos los criterios de aceptación de pruebas,2024-05-26
1601,A,Validamos los requisitos funcionales presentados,2024-04-11
1602,A,Aceptamos la modalidad de pago propuesta sin modificaciones,2024-02-05
1603,A,Aceptamos la implementación piloto bajo los términos acordados,2025-02-23
1604,R,Rechazamos la inclusión del módulo adicional sugerido,2024-03-02
1605,A,Aprobamos la integración con nuestros sistemas sin modificaciones adicionales,2025-03-01
1606,A,Aprobamos la arquitectura tecnológica sugerida,2025-03-11
1607,A,Aceptamos la escalabilidad propuesta para el sistema,2024-02-05
1608,R,No procedemos por falta de alineación con nuestra roadmap tecnológico,2024-08-09
1609,A,Confirmamos el acuerdo de niveles de servicio (SLA),2024-12-18
1610,R,Rechazamos la ampliación de servicios por falta de presupuesto,2025-02-03
1611,A,Confirmamos nuestra aceptación a las condiciones técnicas propuestas,2024-09-11
1612,R,No continuamos con el proyecto debido a cambios en nuestra estructura interna,2024-10-30
1613,R,No aprobamos el contrato debido a cláusulas contractuales no negociables,2024-06-12
1614,R,No aceptamos por incompatibilidad con nuestra infraestructura actual,2025-04-17
1615,R,Rechazamos la ampliación de servicios por falta de presupuesto,2024-05-08
1616,A,Aprobamos el presupuesto completo sin objeciones,2024-08-22
1617,A,Confirmamos el acuerdo de niveles de servicio (SLA),2024-01-29
1618,A,Damos el visto bueno al cronograma presentado y confirmamos el pago inicial,2024-03-05
1619,R,Cancelamos el proyecto por reestructuración organizacional,2024-10-04
1620,R,Declinamos la oferta por considerar excesivos los costos de implementación,2024-06-29
1621,R,Rechazamos la propuesta por no cumplir con nuestros requisitos de seguridad,2024-08-05
1622,A,Aceptamos la escalabilidad propuesta para el sistema,2024-11-29
1623,A,Aprobamos la integración con nuestros sistemas sin modificaciones adicionales,2025-01-21
1624,A,Aprobamos el alcance del proyecto tal como está definido,2024-02-17
1625,A,Aceptamos la implementación piloto bajo los términos acordados,2024-06-21
1626,R,Desestimamos la oferta por incumplir normativas internas,2024-06-23
1627,R,No estamos de acuerdo con los términos comerciales presentados,2024-01-16
1628,R,No aprobamos el contrato debido a cláusulas contractuales no negociables,2025-03-24
1629,R,Rechazamos los tiempos de implementación como inviables,2025-03-21
1630,R,Rechazamos la propuesta por incompatibilidad con nuestros sistemas actuales,2024-07-12
1631,R,Declinamos por preferir una solución en la nube alternativa,2024-09-14
1632,R,No estamos de acuerdo con los términos comerciales presentados,2024-09-30
1633,A,Aceptamos la modalidad de pago propuesta sin modificaciones,2024-03-27
1634,A,Aceptamos los términos del servicio de mantenimiento,2024-07-22
1635,A,Aceptamos los términos del servicio de mantenimiento,2024-10-14
1636,R,Rechazamos la inclusión del módulo adicional sugerido,2024-07-09
1637,R,Declinamos la oferta por considerar excesivos los costos de implementación,2024-04-07
1638,A,Validamos los requisitos funcionales presentados,2025-03-31
1639,A,Confirmamos nuestra aceptación a las condiciones técnicas propuestas,2024-01-08
1640,R,Rechazamos la inclusión del módulo adicional sugerido,2025-01-12
1641,A,Damos el visto bueno al cronograma presentado y confirmamos el pago inicial,2024-12-20
1642,A,Damos conformidad al plan de capacitación propuesto,2024-09-17
1643,R,Rechazamos los tiempos de implementación como inviables,2024-04-13
1644,A,Aceptamos la escalabilidad propuesta para el sistema,2024-05-15
1645,A,Aceptamos la implementación piloto bajo los términos acordados,2025-02-07
1646,R,Rechazamos la propuesta por no cumplir con nuestros requisitos de seguridad,2024-10-13
1647,A,Aprobamos el presupuesto completo sin objeciones,2024-05-25
1648,R,Rechazamos la solución por falta de soporte técnico local,2024-04-29
1649,R,Declinamos por preferir una solución en la nube alternativa,2024-11-20
1650,A,Aceptamos la escalabilidad propuesta para el sistema,2024-11-14
1651,A,Confirmamos nuestra satisfacción con la propuesta técnica,2024-07-20
1652,A,Validamos los criterios de aceptación de pruebas,2024-06-14
1653,R,Rechazamos la propuesta por no cumplir con nuestros requisitos de seguridad,2024-11-26
1654,R,Rechazamos el modelo de negocio propuesto,2025-04-06
1655,A,Validamos los requisitos funcionales presentados,2024-12-15
1656,R,Declinamos la oferta por considerar excesivos los costos de implementación,2024-03-24
1657,A,Aceptamos los términos del servicio de mantenimiento,2024-10-14
1658,A,Aceptamos la propuesta en su totalidad sin cambios,2024-10-03
1659,R,Rechazamos el modelo de negocio propuesto,2024-01-25
1660,R,Rechazamos los tiempos de implementación como inviables,2024-09-07
1661,A,Autorizamos el inicio del proyecto según lo planificado,2024-03-30
1662,A,Aprobamos la arquitectura tecnológica sugerida,2025-03-07
1663,A,Aprobamos la arquitectura tecnológica sugerida,2024-12-21
1664,A,Confirmamos nuestra satisfacción con la propuesta técnica,2024-11-13
1665,R,Rechazamos la inclusión del módulo adicional sugerido,2024-05-18
1666,A,Validamos la propuesta y solicitamos la firma del contrato,2024-11-08
1667,R,Rechazamos la inclusión del módulo adicional sugerido,2024-11-01
1668,A,Aceptamos la modalidad de pago propuesta sin modificaciones,2025-02-18
1669,A,Aprobamos el alcance del proyecto tal como está definido,2025-03-28
1670,R,Desestimamos la oferta por incumplir normativas internas,2025-03-19
1671,R,Cancelamos el proyecto por reestructuración organizacional,2024-07-13
1672,R,Declinamos por preferir una solución en la nube alternativa,2025-03-26
1673,R,No aceptamos las licencias propuestas por costos ocultos,2024-03-14
1674,R,Rechazamos la propuesta por incompatibilidad con nuestros sistemas actuales,2024-03-14
1675,R,Rechazamos la propuesta por no cumplir con nuestros requisitos de seguridad,2024-09-09
1676,A,Aceptamos la implementación piloto bajo los términos acordados,2025-01-24
1677,A,Aceptamos la propuesta en su totalidad sin cambios,2024-01-14
1678,A,Aceptamos los términos del servicio de mantenimiento,2024-05-23
1679,A,Aceptamos la escalabilidad propuesta para el sistema,2024-03-06
1680,A,Confirmamos nuestra aceptación a las condiciones técnicas propuestas,2024-09-18
1681,R,No continuamos con el proyecto debido a cambios en nuestra estructura interna,2025-03-12
1682,A,Aceptamos la implementación piloto bajo los términos acordados,2024-06-10
1683,A,Aceptamos la propuesta en su totalidad sin cambios,2025-02-04
1684,R,No procedemos con el proyecto por cambios en nuestras prioridades estratégicas,2024-04-17
1685,A,Estamos de acuerdo con el plan de implementación y damos luz verde para iniciar,2024-08-14
1686,R,No aprobamos el contrato debido a cláusulas contractuales no negociables,2024-01-16
1687,A,Confirmamos el acuerdo de niveles de servicio (SLA),2024-02-18
1688,A,Damos el visto bueno al cronograma presentado y confirmamos el pago inicial,2024-09-09
1689,A,Confirmamos nuestra satisfacción con la propuesta técnica,2024-03-01
1690,A,Validamos los requisitos funcionales presentados,2024-05-05
1691,A,Confirmamos nuestra satisfacción con la propuesta técnica,2024-04-11
1692,A,Aprobamos el presupuesto completo sin objeciones,2024-05-26
1693,A,Aprobamos el presupuesto completo sin objeciones,2024-04-11
1694,R,Rechazamos los tiempos de implementación como inviables,2024-12-12
1695,R,No aprobamos el contrato debido a cláusulas contractuales no negociables,2024-12-26
1696,R,Desestimamos la oferta por incumplir normativas internas,2024-06-30
1697,A,Aprobamos la arquitectura tecnológica sugerida,2024-05-16
1698,R,No estamos de acuerdo con los términos comerciales presentados,2025-04-03
1699,R,Declinamos la oferta por considerar excesivos los costos de implementación,2024-08-05
1700,R,Rechazamos los tiempos de implementación como inviables,2024-09-04
1701,R,Rechazamos la solución por falta de soporte técnico local,2024-01-09
1702,R,Rechazamos la inclusión del módulo adicional sugerido,2024-09-20
1703,R,Rechazamos la propuesta por no cumplir con nuestros requisitos de seguridad,2024-11-13
1704,R,Desestimamos la oferta por incumplir normativas internas,2024-09-26
1705,A,Damos el visto bueno al cronograma presentado y confirmamos el pago inicial,2024-03-21
1706,A,Confirmamos nuestra aceptación a las condiciones técnicas propuestas,2024-05-12
1707,R,Rechazamos la inclusión del módulo adicional sugerido,2024-03-17
1708,R,Rechazamos la ampliación de servicios por falta de presupuesto,2024-05-20
1709,A,Damos el visto bueno al cronograma presentado y confirmamos el pago inicial,2024-03-27
1710,R,Rechazamos los tiempos de implementación como inviables,2025-03-29
1711,A,Validamos los requisitos funcionales presentados,2025-03-31
1712,A,Validamos la propuesta y solicitamos la firma del contrato,2025-03-24
1713,R,Rechazamos la ampliación de servicios por falta de presupuesto,2025-01-18
1714,A,Aceptamos los plazos y entregables establecidos en la propuesta,2025-03-27
1715,A,Aceptamos los términos del servicio de mantenimiento,2024-12-10
1716,R,Rechazamos la propuesta por incompatibilidad con nuestros sistemas actuales,2024-12-23
1717,A,Damos el visto bueno al cronograma presentado y confirmamos el pago inicial,2025-02-15
1718,R,Desestimamos la oferta por incumplir normativas internas,2024-03-28
1719,A,Damos conformidad al plan de capacitación propuesto,2024-04-08
1720,R,Declinamos la oferta por considerar excesivos los costos de implementación,2024-05-04
1721,A,Validamos la propuesta y solicitamos la firma del contrato,2024-07-22
1722,A,Aprobamos la arquitectura tecnológica sugerida,2024-11-02
1723,R,Declinamos por preferir una solución en la nube alternativa,2024-01-03
1724,A,Confirmamos nuestra aceptación a las condiciones técnicas propuestas,2024-07-05
1725,A,Aprobamos la integración con nuestros sistemas sin modificaciones adicionales,2025-02-09
1726,R,Desestimamos la oferta por incumplir normativas internas,2025-03-12
1727,A,Aceptamos los plazos y entregables establecidos en la propuesta,2024-04-13
1728,A,Validamos la propuesta y solicitamos la firma del contrato,2024-07-04
1729,R,No estamos de acuerdo con los términos comerciales presentados,2024-06-23
1730,A,Aprobamos el presupuesto completo sin objeciones,2024-03-17
1731,A,Aceptamos la propuesta en su totalidad sin cambios,2024-12-08
1732,A,Aceptamos la propuesta en su totalidad sin cambios,2025-04-08
1733,R,Descartamos la propuesta ante cambios en regulaciones del sector,2024-06-01
1734,A,Damos conformidad al plan de capacitación propuesto,2025-04-06
1735,R,Rechazamos la solución por falta de soporte técnico local,2024-07-27
1736,A,Estamos de acuerdo con el plan de implementación y damos luz verde para iniciar,2024-01-31
1737,R,No aprobamos el contrato debido a cláusulas contractuales no negociables,2024-11-06
1738,A,Validamos los criterios de aceptación de pruebas,2024-12-24
1739,A,Estamos de acuerdo con el plan de implementación y damos luz verde para iniciar,2024-07-28
1740,R,No continuamos con el proyecto debido a cambios en nuestra estructura interna,2024-06-25
1741,A,Estamos de acuerdo con el plan de implementación y damos luz verde para iniciar,2024-06-11
1742,A,Aceptamos la implementación piloto bajo los términos acordados,2025-01-06
1743,R,No estamos de acuerdo con los términos comerciales presentados,2025-01-29
1744,R,Rechazamos los tiempos de implementación como inviables,2024-09-19
1745,A,Damos el visto bueno al cronograma presentado y confirmamos el pago inicial,2024-09-24
1746,R,No aprobamos el contrato debido a cláusulas contractuales no negociables,2024-11-19
1747,A,Aceptamos la propuesta en su totalidad sin cambios,2025-03-24
1748,R,No aprobamos el contrato debido a cláusulas contractuales no negociables,2024-12-15
1749,A,Aprobamos la integración con nuestros sistemas sin modificaciones adicionales,2025-04-26
1750,A,Autorizamos el inicio del proyecto según lo planificado,2024-09-06
1751,R,Rechazamos la propuesta por incompatibilidad con nuestros sistemas actuales,2024-09-03
1752,R,No aprobamos el contrato debido a cláusulas contractuales no negociables,2024-03-03
1753,A,Confirmamos el acuerdo de niveles de servicio (SLA),2024-09-10
1754,R,No aprobamos el contrato debido a cláusulas contractuales no negociables,2024-08-05
1755,A,Aceptamos los términos del servicio de mantenimiento,2024-06-23
1756,R,Rechazamos la propuesta por incompatibilidad con nuestros sistemas actuales,2024-07-22
1757,A,Estamos de acuerdo con el plan de implementación y damos luz verde para iniciar,2024-03-13
1758,R,No aceptamos las licencias propuestas por costos ocultos,2025-03-24
1759,A,Aceptamos la modalidad de pago propuesta sin modificaciones,2024-12-27
1760,A,Damos el visto bueno al cronograma presentado y confirmamos el pago inicial,2024-05-24
1761,A,Aprobamos el presupuesto completo sin objeciones,2024-04-16
1762,A,Aprobamos la arquitectura tecnológica sugerida,2024-09-10
1763,A,Validamos la propuesta y solicitamos la firma del contrato,2025-04-27
1764,A,Confirmamos el acuerdo de niveles de servicio (SLA),2024-11-15
1765,A,Aprobamos la integración con nuestros sistemas sin modificaciones adicionales,2024-07-10
1766,R,Rechazamos la propuesta por incompatibilidad con nuestros sistemas actuales,2025-02-12
1767,A,Aprobamos el presupuesto completo sin objeciones,2024-06-09
1768,A,Aceptamos la implementación piloto bajo los términos acordados,2024-04-16
1769,R,Rechazamos la ampliación de servicios por falta de presupuesto,2024-03-12
1770,R,Declinamos por preferir una solución en la nube alternativa,2024-08-13
1771,R,Descartamos la propuesta ante cambios en regulaciones del sector,2024-06-16
1772,A,Damos conformidad al plan de capacitación propuesto,2024-07-18
1773,A,Aceptamos la propuesta en su totalidad sin cambios,2025-04-20
1774,R,Rechazamos el modelo de negocio propuesto,2025-01-29
1775,A,Confirmamos nuestra satisfacción con la propuesta técnica,2024-10-09
1776,A,Aceptamos la propuesta en su totalidad sin cambios,2024-03-03
1777,A,Aceptamos los plazos y entregables establecidos en la propuesta,2025-03-28
1778,R,No continuamos con el proyecto debido a cambios en nuestra estructura interna,2024-07-03
1779,R,No continuamos con el proyecto debido a cambios en nuestra estructura interna,2025-04-19
1780,R,No procedemos con el proyecto por cambios en nuestras prioridades estratégicas,2024-04-24
1781,R,No continuamos con el proyecto debido a cambios en nuestra estructura interna,2025-03-25
1782,R,No aceptamos por incompatibilidad con nuestra infraestructura actual,2024-10-21
1783,A,Autorizamos el inicio del proyecto según lo planificado,2024-12-26
1784,A,Aceptamos los términos del servicio de mantenimiento,2024-03-18
1785,R,Declinamos la oferta por considerar excesivos los costos de implementación,2024-04-22
1786,R,No procedemos por falta de alineación con nuestra roadmap tecnológico,2024-07-23
1787,R,No procedemos por falta de alineación con nuestra roadmap tecnológico,2024-04-01
1788,A,Confirmamos nuestra satisfacción con la propuesta técnica,2024-10-18
1789,R,Rechazamos la inclusión del módulo adicional sugerido,2024-04-10
1790,A,Aceptamos los términos del servicio de mantenimiento,2024-03-04
1791,R,No procedemos con el proyecto por cambios en nuestras prioridades estratégicas,2025-03-06
1792,A,Aceptamos la solución propuesta y autorizamos el inicio inmediato,2024-12-04
1793,R,Rechazamos los tiempos de implementación como inviables,2024-12-17
1794,A,Aprobamos el alcance del proyecto tal como está definido,2024-02-18
1795,A,Estamos de acuerdo con el plan de implementación y damos luz verde para iniciar,2024-10-05
1796,A,Estamos de acuerdo con el plan de implementación y damos luz verde para iniciar,2024-06-03
1797,R,Rechazamos la solución por falta de soporte técnico local,2024-07-21
1798,R,No aceptamos por incompatibilidad con nuestra infraestructura actual,2024-06-24
1799,A,Damos conformidad al plan de capacitación propuesto,2025-03-20
1800,A,Aceptamos la propuesta en su totalidad sin cambios,2024-08-30
1801,A,Aprobamos el alcance del proyecto tal como está definido,2025-01-16
1802,R,Cancelamos el proyecto por reestructuración organizacional,2024-12-09
1803,R,Rechazamos la solución por falta de soporte técnico local,2024-11-21
1804,R,No continuamos con el proyecto debido a cambios en nuestra estructura interna,2024-02-15
1805,R,Declinamos por preferir una solución en la nube alternativa,2024-10-11
1806,A,Validamos la propuesta y solicitamos la firma del contrato,2024-06-20
1807,A,Validamos los criterios de aceptación de pruebas,2024-02-07
1808,R,Rechazamos la solución por falta de soporte técnico local,2024-09-01
1809,A,Aceptamos la escalabilidad propuesta para el sistema,2024-01-12
1810,A,Aceptamos la escalabilidad propuesta para el sistema,2024-02-23
1811,A,Estamos de acuerdo con el plan de implementación y damos luz verde para iniciar,2024-03-20
1812,A,Aprobamos el alcance del proyecto tal como está definido,2025-04-01
1813,R,No aceptamos por incompatibilidad con nuestra infraestructura actual,2024-04-06
1814,A,Aceptamos la modalidad de pago propuesta sin modificaciones,2024-03-28
1815,R,No procedemos con el proyecto por cambios en nuestras prioridades estratégicas,2024-05-31
1816,A,Autorizamos el inicio del proyecto según lo planificado,2025-03-19
1817,R,No procedemos con el proyecto por cambios en nuestras prioridades estratégicas,2024-06-01
1818,A,Aceptamos la solución propuesta y autorizamos el inicio inmediato,2024-06-09
1819,A,Aprobamos la integración con nuestros sistemas sin modificaciones adicionales,2024-02-12
1820,R,No procedemos por falta de alineación con nuestra roadmap tecnológico,2024-04-12
1821,A,Aceptamos la propuesta en su totalidad sin cambios,2024-03-10
1822,A,Validamos la propuesta y solicitamos la firma del contrato,2024-06-30
1823,R,Rechazamos la propuesta por incompatibilidad con nuestros sistemas actuales,2024-04-13
1824,A,Confirmamos el acuerdo de niveles de servicio (SLA),2024-06-25
1825,R,Rechazamos la solución por falta de soporte técnico local,2025-03-18
1826,R,Rechazamos la ampliación de servicios por falta de presupuesto,2024-05-17
1827,A,Validamos los criterios de aceptación de pruebas,2024-01-26
1828,R,Rechazamos el modelo de negocio propuesto,2024-10-19
1829,R,Rechazamos el modelo de negocio propuesto,2025-03-14
1830,R,No estamos de acuerdo con los términos comerciales presentados,2024-06-09
1831,R,Rechazamos la ampliación de servicios por falta de presupuesto,2024-07-29
1832,A,Aceptamos la propuesta en su totalidad sin cambios,2024-11-16
1833,A,Damos conformidad al plan de capacitación propuesto,2024-07-24
1834,R,Declinamos la oferta por considerar excesivos los costos de implementación,2024-07-14
1835,R,Declinamos la oferta por considerar excesivos los costos de implementación,2024-03-18
1836,R,No aprobamos el contrato debido a cláusulas contractuales no negociables,2024-12-06
1837,R,No estamos de acuerdo con los términos comerciales presentados,2024-01-15
1838,R,No procedemos con el proyecto por cambios en nuestras prioridades estratégicas,2024-01-09
1839,A,Aprobamos la integración con nuestros sistemas sin modificaciones adicionales,2024-04-29
1840,A,Aprobamos el presupuesto completo sin objeciones,2025-04-03
1841,R,Rechazamos los tiempos de implementación como inviables,2024-06-29
1842,A,Aceptamos la escalabilidad propuesta para el sistema,2024-02-07
1843,R,Rechazamos la propuesta por incompatibilidad con nuestros sistemas actuales,2024-10-31
1844,R,Cancelamos el proyecto por reestructuración organizacional,2024-02-12
1845,A,Aceptamos la modalidad de pago propuesta sin modificaciones,2024-09-22
1846,R,Rechazamos la propuesta por incompatibilidad con nuestros sistemas actuales,2025-03-05
1847,R,Rechazamos el modelo de negocio propuesto,2025-01-22
1848,A,Validamos la propuesta y solicitamos la firma del contrato,2024-02-02
1849,R,No procedemos con el proyecto por cambios en nuestras prioridades estratégicas,2025-03-22
1850,R,Cancelamos el proyecto por reestructuración organizacional,2024-06-07
1851,R,No aceptamos las licencias propuestas por costos ocultos,2024-02-01
1852,A,Validamos la propuesta y solicitamos la firma del contrato,2024-10-23
1853,A,Confirmamos nuestra aceptación a las condiciones técnicas propuestas,2025-03-27
1854,R,Cancelamos el proyecto por reestructuración organizacional,2025-01-08
1855,A,Aceptamos la propuesta en su totalidad sin cambios,2024-02-19
1856,R,Cancelamos el proyecto por reestructuración organizacional,2025-04-12
1857,A,Aprobamos la arquitectura tecnológica sugerida,2025-02-08
1858,R,Declinamos por preferir una solución en la nube alternativa,2024-11-06
1859,A,Aceptamos la escalabilidad propuesta para el sistema,2024-02-04
1860,A,Aceptamos la escalabilidad propuesta para el sistema,2024-08-09
1861,A,Aceptamos la implementación piloto bajo los términos acordados,2025-03-22
1862,A,Aceptamos la modalidad de pago propuesta sin modificaciones,2025-01-07
1863,A,Validamos los requisitos funcionales presentados,2024-12-18
1864,R,No aprobamos el contrato debido a cláusulas contractuales no negociables,2024-12-15
1865,A,Confirmamos el acuerdo de niveles de servicio (SLA),2024-08-21
1866,R,Declinamos por preferir una solución en la nube alternativa,2024-05-31
1867,R,Cancelamos el proyecto por reestructuración organizacional,2024-07-09
1868,A,Aprobamos el alcance del proyecto tal como está definido,2024-05-20
1869,R,Rechazamos el modelo de negocio propuesto,2024-04-28
1870,R,Cancelamos el proyecto por reestructuración organizacional,2024-07-05
1871,A,Confirmamos el acuerdo de niveles de servicio (SLA),2024-08-05
1872,A,Aprobamos la integración con nuestros sistemas sin modificaciones adicionales,2024-10-29
1873,R,Rechazamos la solución por falta de soporte técnico local,2025-03-06
1874,A,Aceptamos los plazos y entregables establecidos en la propuesta,2025-01-15
1875,R,Rechazamos la propuesta por incompatibilidad con nuestros sistemas actuales,2024-05-19
1876,R,No continuamos con el proyecto debido a cambios en nuestra estructura interna,2024-11-29
1877,R,Cancelamos el proyecto por reestructuración organizacional,2024-12-28
1878,R,No aceptamos las licencias propuestas por costos ocultos,2024-03-19
1879,R,Descartamos la propuesta ante cambios en regulaciones del sector,2024-09-24
1880,R,Desestimamos la oferta por incumplir normativas internas,2024-12-15
1881,A,Aprobamos la arquitectura tecnológica sugerida,2024-11-25
1882,R,No aceptamos por incompatibilidad con nuestra infraestructura actual,2024-05-14
1883,A,Aceptamos los términos del servicio de mantenimiento,2024-04-27
1884,A,Estamos de acuerdo con el plan de implementación y damos luz verde para iniciar,2024-03-09
1885,R,Rechazamos la solución por falta de soporte técnico local,2024-06-17
1886,R,No aprobamos el contrato debido a cláusulas contractuales no negociables,2025-03-06
1887,R,Desestimamos la oferta por incumplir normativas internas,2024-07-26
1888,A,Autorizamos el inicio del proyecto según lo planificado,2024-11-16
1889,A,Confirmamos nuestra aceptación a las condiciones técnicas propuestas,2024-04-26
1890,A,Aceptamos la implementación piloto bajo los términos acordados,2024-04-02
1891,R,No aceptamos por incompatibilidad con nuestra infraestructura actual,2025-02-27
1892,R,Rechazamos la inclusión del módulo adicional sugerido,2024-06-20
1893,R,Descartamos la propuesta ante cambios en regulaciones del sector,2024-12-02
1894,A,Confirmamos nuestra aceptación a las condiciones técnicas propuestas,2024-09-07
1895,A,Aprobamos el presupuesto completo sin objeciones,2024-10-21
1896,A,Aprobamos el presupuesto completo sin objeciones,2024-11-27
1897,R,Desestimamos la oferta por incumplir normativas internas,2024-02-23
1898,R,No aprobamos el contrato debido a cláusulas contractuales no negociables,2025-03-20
1899,A,Aceptamos la propuesta en su totalidad sin cambios,2024-08-30
1900,R,No procedemos con el proyecto por cambios en nuestras prioridades estratégicas,2024-10-14
1901,R,Rechazamos la ampliación de servicios por falta de presupuesto,2024-05-10
1902,R,Desestimamos la oferta por incumplir normativas internas,2024-02-06
1903,R,Rechazamos la solución por falta de soporte técnico local,2024-11-20
1904,A,Damos el visto bueno al cronograma presentado y confirmamos el pago inicial,2024-01-16
1905,A,Aceptamos la implementación piloto bajo los términos acordados,2024-08-21
1906,R,No aceptamos por incompatibilidad con nuestra infraestructura actual,2024-10-10
1907,R,No continuamos con el proyecto debido a cambios en nuestra estructura interna,2024-04-30
1908,A,Aceptamos los términos del servicio de mantenimiento,2024-10-15
1909,R,Rechazamos la solución por falta de soporte técnico local,2024-03-28
1910,A,Validamos los requisitos funcionales presentados,2025-01-09
1911,R,Rechazamos la solución por falta de soporte técnico local,2024-10-24
1912,A,Validamos los criterios de aceptación de pruebas,2024-10-29
1913,R,Rechazamos los tiempos de implementación como inviables,2024-08-15
1914,A,Aceptamos la escalabilidad propuesta para el sistema,2025-01-08
1915,R,No aceptamos las licencias propuestas por costos ocultos,2024-12-26
1916,A,Aprobamos la integración con nuestros sistemas sin modificaciones adicionales,2024-08-30
1917,R,Declinamos la oferta por considerar excesivos los costos de implementación,2024-10-21
1918,A,Aceptamos los plazos y entregables establecidos en la propuesta,2024-11-28
1919,A,Aceptamos la solución propuesta y autorizamos el inicio inmediato,2025-03-18
1920,A,Validamos los criterios de aceptación de pruebas,2024-10-03
1921,R,Rechazamos el modelo de negocio propuesto,2025-02-24
1922,A,Confirmamos el acuerdo de niveles de servicio (SLA),2024-03-20
1923,R,Declinamos por preferir una solución en la nube alternativa,2024-01-18
1924,R,Rechazamos la ampliación de servicios por falta de presupuesto,2025-03-14
1925,A,Damos conformidad al plan de capacitación propuesto,2025-01-15
1926,A,Aceptamos la propuesta en su totalidad sin cambios,2024-08-26
1927,A,Aceptamos la implementación piloto bajo los términos acordados,2025-03-21
1928,A,Aceptamos los plazos y entregables establecidos en la propuesta,2025-04-23
1929,R,Rechazamos los tiempos de implementación como inviables,2025-01-07
1930,R,No procedemos por falta de alineación con nuestra roadmap tecnológico,2024-06-05
1931,A,Confirmamos el acuerdo de niveles de servicio (SLA),2024-07-30
1932,A,Aceptamos la implementación piloto bajo los términos acordados,2024-07-19
1933,R,Declinamos la oferta por considerar excesivos los costos de implementación,2024-03-23
1934,A,Validamos los requisitos funcionales presentados,2025-01-01
1935,R,Declinamos por preferir una solución en la nube alternativa,2025-03-07
1936,A,Aceptamos la solución propuesta y autorizamos el inicio inmediato,2024-08-29
1937,R,Rechazamos la propuesta por no cumplir con nuestros requisitos de seguridad,2025-01-13
1938,R,No estamos de acuerdo con los términos comerciales presentados,2025-03-15
1939,R,No procedemos con el proyecto por cambios en nuestras prioridades estratégicas,2024-10-07
1940,R,No continuamos con el proyecto debido a cambios en nuestra estructura interna,2024-01-21
1941,A,Confirmamos nuestra satisfacción con la propuesta técnica,2024-12-28
1942,R,No aceptamos las licencias propuestas por costos ocultos,2024-02-07
1943,A,Aceptamos la solución propuesta y autorizamos el inicio inmediato,2024-10-31
1944,R,No estamos de acuerdo con los términos comerciales presentados,2024-06-28
1945,A,Aprobamos el alcance del proyecto tal como está definido,2024-02-07
1946,R,No procedemos con el proyecto por cambios en nuestras prioridades estratégicas,2024-07-09
1947,R,No procedemos por falta de alineación con nuestra roadmap tecnológico,2024-09-12
1948,A,Confirmamos nuestra aceptación a las condiciones técnicas propuestas,2025-03-02
1949,A,Damos el visto bueno al cronograma presentado y confirmamos el pago inicial,2025-01-09
1950,R,Descartamos la propuesta ante cambios en regulaciones del sector,2025-03-21
1951,R,Rechazamos la inclusión del módulo adicional sugerido,2025-04-19
1952,A,Aceptamos la solución propuesta y autorizamos el inicio inmediato,2024-04-23
1953,A,Aceptamos la modalidad de pago propuesta sin modificaciones,2024-05-10
1954,R,No continuamos con el proyecto debido a cambios en nuestra estructura interna,2024-08-08
1955,R,Declinamos la oferta por considerar excesivos los costos de implementación,2024-07-17
1956,A,Confirmamos el acuerdo de niveles de servicio (SLA),2024-04-16
1957,R,No procedemos por falta de alineación con nuestra roadmap tecnológico,2024-10-23
1958,A,Estamos de acuerdo con el plan de implementación y damos luz verde para iniciar,2025-02-22
1959,A,Aprobamos el presupuesto completo sin objeciones,2024-11-24
1960,A,Aceptamos la implementación piloto bajo los términos acordados,2025-03-10
1961,R,Declinamos por preferir una solución en la nube alternativa,2024-01-01
1962,A,Aceptamos la modalidad de pago propuesta sin modificaciones,2025-02-09
1963,A,Aceptamos la modalidad de pago propuesta sin modificaciones,2024-01-02
1964,R,Desestimamos la oferta por incumplir normativas internas,2024-09-17
1965,R,Rechazamos los tiempos de implementación como inviables,2024-03-23
1966,R,Desestimamos la oferta por incumplir normativas internas,2024-03-15
1967,A,Aprobamos el alcance del proyecto tal como está definido,2024-09-27
1968,R,No aprobamos el contrato debido a cláusulas contractuales no negociables,2024-08-07
1969,R,Declinamos por preferir una solución en la nube alternativa,2024-03-15
1970,A,Aceptamos los plazos y entregables establecidos en la propuesta,2024-10-11
1971,R,Declinamos por preferir una solución en la nube alternativa,2024-12-20
1972,R,Rechazamos la ampliación de servicios por falta de presupuesto,2024-10-16
1973,R,No continuamos con el proyecto debido a cambios en nuestra estructura interna,2024-03-03
1974,R,No procedemos por falta de alineación con nuestra roadmap tecnológico,2024-08-23
1975,R,No continuamos con el proyecto debido a cambios en nuestra estructura interna,2025-01-29
1976,R,Rechazamos la propuesta por incompatibilidad con nuestros sistemas actuales,2024-06-02
1977,A,Aceptamos la escalabilidad propuesta para el sistema,2024-01-17
1978,R,No aceptamos las licencias propuestas por costos ocultos,2024-08-18
1979,R,Rechazamos la ampliación de servicios por falta de presupuesto,2024-08-21
1980,A,Autorizamos el inicio del proyecto según lo planificado,2025-04-27
1981,R,No procedemos con el proyecto por cambios en nuestras prioridades estratégicas,2024-10-15
1982,A,Confirmamos el acuerdo de niveles de servicio (SLA),2025-01-21
1983,R,No continuamos con el proyecto debido a cambios en nuestra estructura interna,2024-03-21
1984,R,Rechazamos la propuesta por no cumplir con nuestros requisitos de seguridad,2025-02-25
1985,R,Rechazamos la propuesta por no cumplir con nuestros requisitos de seguridad,2024-06-29
1986,A,Aprobamos el alcance del proyecto tal como está definido,2025-02-10
1987,R,Descartamos la propuesta ante cambios en regulaciones del sector,2024-11-23
1988,R,Rechazamos la propuesta por no cumplir con nuestros requisitos de seguridad,2024-06-30
1989,R,No aprobamos el contrato debido a cláusulas contractuales no negociables,2024-04-09
1990,R,Rechazamos la inclusión del módulo adicional sugerido,2025-03-31
1991,A,Aceptamos la modalidad de pago propuesta sin modificaciones,2025-02-04
1992,A,Aceptamos la propuesta en su totalidad sin cambios,2024-08-10
1993,R,No procedemos con el proyecto por cambios en nuestras prioridades estratégicas,2024-02-03
1994,R,Declinamos la oferta por considerar excesivos los costos de implementación,2025-03-09
1995,A,Validamos los requisitos funcionales presentados,2024-09-23
1996,R,Rechazamos la solución por falta de soporte técnico local,2025-01-01
1997,A,Confirmamos el acuerdo de niveles de servicio (SLA),2024-11-20
1998,A,Aceptamos los términos del servicio de mantenimiento,2024-12-12
1999,A,Validamos los requisitos funcionales presentados,2024-02-10
2000,A,Aprobamos el alcance del proyecto tal como está definido,2024-03-28
