id_reunion,hora_inicio,hora_final,fecha_re,resumen_re,modalidad_re,lugar_re,estado_re,id_cliente,id_propuesta,id_ejecutivo_comercial
1001,15:33,21:20,10/08/2024,19 Delaware Lane,P,0709 Garrison Point,PR,1,1,1
1002,5:52,5:58,12/05/2024,6070 North Pass,P,60386 Anthes Trail,RE,2,2,2
1003,1:24,18:19,08/11/2024,17672 Tomscot Center,P,74 Vidon Terrace,RE,3,3,3
1004,5:30,15:14,14/10/2024,4436 Pepper Wood Road,V,856 Lakeland Avenue,PR,4,4,4
1005,6:45,12:32,17/06/2024,6 Tennessee Hill,V,7 Carpenter Place,RE,5,5,5
1006,5:56,21:57,21/12/2024,27 Dwight Trail,P,7490 Sunnyside Place,PR,6,6,6
1007,22:52,19:39,20/05/2024,5 Riverside Avenue,P,1704 Florence Pass,RE,7,7,7
1008,10:57,23:01,01/05/2024,4398 Springview Alley,P,3 Leroy Drive,RE,8,8,8
1009,9:59,13:53,14/12/2024,04889 Garrison Crossing,P,021 Oneill Junction,CA,9,9,9
1010,0:28,7:25,23/06/2024,804 Killdeer Crossing,V,8622 Chinook Drive,PR,10,10,10
1011,10:41,16:55,30/03/2025,693 Eliot Road,P,40781 Eagan Center,CA,11,11,11
1012,11:33,17:43,01/04/2025,6439 Rigney Point,P,46897 Boyd Lane,RE,12,12,12
1013,19:11,8:20,12/02/2025,4 Maryland Terrace,P,45 Maryland Trail,PR,13,13,13
1014,13:48,6:24,10/08/2024,96983 Talisman Road,P,71 Beilfuss Parkway,RE,14,14,14
1015,20:19,10:34,05/01/2025,37 Alpine Center,V,55791 Rowland Point,CA,15,15,15
1016,23:30,14:38,06/02/2025,6 Pond Park,V,3321 Farwell Drive,RE,16,16,16
1017,21:48,4:31,13/05/2024,6 Blue Bill Park Street,V,46770 Loftsgordon Junction,CA,17,17,17
1018,0:33,13:51,02/10/2024,71625 Raven Terrace,V,0930 Melrose Plaza,CA,18,18,18
1019,12:46,14:08,07/03/2025,5 Farmco Drive,P,880 Moose Point,PR,19,19,19
1020,5:01,23:01,06/08/2024,23979 Bluejay Lane,P,7 Graceland Parkway,RE,20,20,20
1021,7:43,19:04,27/09/2024,902 Acker Circle,V,94 Havey Court,RE,21,21,21
1022,21:10,0:11,07/03/2025,0 Basil Crossing,V,88173 Delaware Circle,PR,22,22,22
1023,21:07,9:48,25/08/2024,9462 Hudson Court,P,8 Badeau Street,RE,23,23,23
1024,21:15,17:04,04/12/2024,9783 Elmside Park,V,43655 Morning Lane,PR,24,24,24
1025,9:07,2:06,24/07/2024,02254 Scott Parkway,V,7925 Mallory Hill,RE,25,25,25
1026,11:39,1:48,28/04/2025,55428 Eggendart Avenue,V,686 Fuller Circle,CA,26,26,26
1027,19:43,19:22,04/12/2024,78904 Dryden Hill,V,8041 Elgar Avenue,CA,27,27,27
1028,22:56,11:49,14/03/2025,90974 Kedzie Pass,P,14 Merry Crossing,PR,28,28,28
1029,2:01,3:05,08/12/2024,289 Oxford Crossing,P,66 Stone Corner Court,PR,29,29,29
1030,1:03,14:28,09/05/2024,19046 Farmco Crossing,V,1161 Redwing Terrace,CA,30,30,30
1031,6:23,0:07,18/05/2024,06685 Johnson Alley,V,74272 5th Circle,RE,31,31,31
1032,21:44,15:45,09/06/2024,7 Johnson Circle,P,77207 Tony Road,RE,32,32,32
1033,12:40,23:24,07/08/2024,2 Glacier Hill Court,P,9 Mcbride Plaza,PR,33,33,33
1034,2:06,18:49,01/11/2024,913 Charing Cross Court,V,3 Stang Point,RE,34,34,34
1035,7:29,10:48,11/10/2024,6464 Schmedeman Point,P,441 Prairie Rose Pass,RE,35,35,35
1036,1:44,10:38,22/05/2024,4494 Pepper Wood Parkway,P,29976 Gina Point,CA,36,36,36
1037,12:04,12:48,23/04/2025,59113 Walton Center,V,6549 Dwight Terrace,CA,37,37,37
1038,1:45,23:21,22/04/2025,533 Knutson Point,P,9941 Marquette Point,RE,38,38,38
1039,0:05,20:55,02/03/2025,2122 Dryden Place,P,295 Amoth Alley,PR,39,39,39
1040,20:56,12:53,28/08/2024,02644 Helena Crossing,P,65 Basil Pass,RE,40,40,40
1041,3:45,17:09,09/08/2024,85 Roxbury Point,P,3 Forest Dale Street,CA,41,41,41
1042,7:00,15:31,05/08/2024,32 Buhler Parkway,V,171 Vermont Point,RE,42,42,42
1043,15:20,13:09,12/06/2024,15 Algoma Crossing,V,17 Holmberg Court,RE,43,43,43
1044,3:46,18:28,15/06/2024,2 Farmco Way,V,416 Towne Road,PR,44,44,44
1045,0:41,22:00,13/03/2025,9379 Elmside Avenue,P,92 Vernon Terrace,CA,45,45,45
1046,10:19,23:05,10/05/2024,40 Pine View Alley,V,6968 Surrey Circle,RE,46,46,46
1047,12:16,10:57,11/06/2024,6268 Porter Way,V,3061 Brickson Park Plaza,CA,47,47,47
1048,1:08,3:03,04/11/2024,48 Twin Pines Court,P,3 Canary Terrace,PR,48,48,48
1049,1:10,12:03,28/07/2024,8751 Lotheville Lane,P,574 Gale Trail,CA,49,49,49
1050,23:40,6:26,30/08/2024,047 Gale Junction,P,9 Parkside Crossing,CA,50,50,50
1051,9:06,9:21,13/05/2024,6 Manley Circle,P,5 Waxwing Lane,PR,51,51,51
1052,19:09,18:59,16/11/2024,74163 Mayfield Alley,P,085 Linden Drive,PR,52,52,52
1053,3:21,9:00,10/05/2024,7 Cherokee Drive,P,1 Hintze Place,RE,53,53,53
1054,13:04,17:41,23/04/2025,60 Schmedeman Avenue,V,4 Kim Alley,CA,54,54,54
1055,13:30,23:27,15/07/2024,42 Crest Line Park,P,5 Westridge Street,RE,55,55,55
1056,6:49,8:10,28/12/2024,914 Jana Avenue,P,7 Boyd Point,RE,56,56,56
1057,12:25,2:53,23/04/2025,008 Nancy Way,P,97 Corry Hill,CA,57,57,57
1058,0:00,0:15,16/10/2024,5 Kipling Crossing,P,550 Rowland Street,PR,58,58,58
1059,23:09,22:49,08/09/2024,627 Lotheville Crossing,V,542 Melby Court,PR,59,59,59
1060,19:03,3:53,27/07/2024,96878 Ridge Oak Drive,V,2821 Melody Trail,CA,60,60,60
1061,20:09,14:28,26/10/2024,65 Sheridan Court,V,5 Barnett Street,PR,61,61,61
1062,9:09,2:23,31/10/2024,47 Dwight Point,P,4742 Sommers Way,PR,62,62,62
1063,1:20,18:56,28/02/2025,42592 Texas Junction,V,762 Gateway Avenue,RE,63,63,63
1064,9:00,20:51,20/04/2025,2504 Sachtjen Drive,V,7 Packers Point,PR,64,64,64
1065,1:49,18:07,02/07/2024,51897 Manley Park,P,2933 Muir Crossing,PR,65,65,65
1066,10:18,5:50,27/12/2024,5 Twin Pines Hill,V,014 Scott Court,RE,66,66,66
1067,13:11,16:10,26/04/2025,56989 Fulton Road,V,826 Mendota Plaza,PR,67,67,67
1068,13:59,6:58,03/10/2024,0381 Independence Pass,P,22101 Sunfield Place,RE,68,68,68
1069,21:41,13:08,13/06/2024,90 Blaine Hill,P,9 Little Fleur Terrace,PR,69,69,69
1070,5:36,11:29,20/07/2024,2 Heffernan Trail,V,4728 Cascade Alley,CA,70,70,70
1071,1:43,9:16,12/06/2024,9539 Clove Point,P,54 Victoria Hill,PR,71,71,71
1072,19:25,23:40,02/01/2025,330 Sugar Court,P,0648 Merrick Center,RE,72,72,72
1073,22:04,13:21,01/07/2024,74 Sachtjen Park,V,838 Manufacturers Circle,PR,73,73,73
1074,20:36,21:38,14/02/2025,353 Weeping Birch Road,V,79698 Coolidge Center,PR,74,74,74
1075,9:44,1:00,09/04/2025,3517 Vidon Hill,V,1587 Orin Park,CA,75,75,75
1076,4:40,7:29,09/03/2025,87 Prairie Rose Way,V,05927 Haas Plaza,RE,76,76,76
1077,23:56,0:37,30/01/2025,72 Butterfield Trail,P,38950 Jana Hill,RE,77,77,77
1078,11:40,23:54,01/03/2025,9026 Thackeray Center,P,890 Drewry Crossing,PR,78,78,78
1079,11:59,14:44,10/05/2024,4349 South Drive,P,41201 Sherman Street,PR,79,79,79
1080,14:08,9:07,15/02/2025,2716 Victoria Place,V,0113 Kinsman Road,PR,80,80,80
1081,7:05,8:07,14/09/2024,69 Briar Crest Circle,V,98119 Dennis Hill,CA,81,81,81
1082,0:24,19:00,01/11/2024,70747 Dayton Center,P,36 Shoshone Center,CA,82,82,82
1083,7:18,16:09,19/04/2025,886 Fulton Parkway,V,37245 Pawling Drive,CA,83,83,83
1084,18:00,13:02,13/09/2024,00480 Cherokee Parkway,P,0711 Onsgard Point,RE,84,84,84
1085,10:41,22:37,06/04/2025,2 Mosinee Trail,P,86 Mayfield Terrace,PR,85,85,85
1086,11:01,22:35,08/02/2025,1454 Vidon Pass,V,79 Anderson Parkway,PR,86,86,86
1087,10:37,5:04,26/03/2025,50 Sauthoff Alley,V,9 Kipling Court,CA,87,87,87
1088,12:16,19:18,01/06/2024,37 Cardinal Park,V,8947 Golf View Road,RE,88,88,88
1089,20:56,1:53,24/11/2024,5 Arrowood Park,P,14 Sloan Trail,CA,89,89,89
1090,12:11,17:48,27/06/2024,46697 Lillian Terrace,P,6 Charing Cross Circle,PR,90,90,90
1091,18:24,7:16,30/10/2024,0241 Warbler Plaza,V,6296 Dovetail Center,CA,91,91,91
1092,8:44,3:43,03/11/2024,7 Victoria Alley,P,807 Surrey Avenue,CA,92,92,92
1093,19:20,3:22,11/04/2025,690 Thompson Street,P,6 Graceland Alley,RE,93,93,93
1094,17:03,18:42,14/09/2024,8 Tennyson Terrace,V,4271 Westridge Road,PR,94,94,94
1095,8:02,11:46,13/02/2025,24710 Northridge Junction,V,134 Boyd Alley,PR,95,95,95
1096,23:38,23:43,23/05/2024,486 Clemons Crossing,P,99 Ridge Oak Plaza,CA,96,96,96
1097,6:24,11:50,12/03/2025,4024 Grover Point,P,8084 Mariners Cove Terrace,PR,97,97,97
1098,3:27,13:14,20/05/2024,79118 Chinook Hill,P,38 Menomonie Terrace,RE,98,98,98
1099,15:01,1:27,01/10/2024,221 Trailsway Place,V,7 Cherokee Place,RE,99,99,99
1100,8:38,3:13,06/06/2024,17 Green Ridge Hill,V,78 Heath Trail,CA,100,100,100
1101,6:03,13:35,09/05/2024,8452 Gulseth Plaza,V,797 Hallows Center,PR,101,101,101
1102,12:15,5:54,29/10/2024,9259 Hansons Place,V,561 Eastwood Way,RE,102,102,102
1103,20:54,21:40,13/11/2024,5 Clemons Court,P,030 Service Court,RE,103,103,103
1104,14:41,6:29,19/12/2024,8936 American Road,P,26 Elka Crossing,RE,104,104,104
1105,20:00,8:36,13/03/2025,3913 Luster Point,V,6294 Fremont Street,CA,105,105,105
1106,23:43,22:33,12/07/2024,87930 Northland Point,P,20 Farwell Hill,PR,106,106,106
1107,12:41,2:59,24/12/2024,66638 Becker Center,P,086 Center Hill,CA,107,107,107
1108,14:28,0:39,30/03/2025,28740 Meadow Valley Circle,P,41 International Crossing,CA,108,108,108
1109,14:08,20:08,21/09/2024,73 Kings Drive,P,09920 Little Fleur Circle,CA,109,109,109
1110,13:25,3:23,11/03/2025,4 Marquette Crossing,P,0908 Coleman Pass,PR,110,110,110
1111,21:14,8:27,01/10/2024,36608 Hanover Crossing,P,74173 Anniversary Trail,RE,111,111,111
1112,9:40,6:02,02/02/2025,21 Homewood Point,P,349 Brown Way,PR,112,112,112
1113,7:01,15:41,08/07/2024,69622 Oriole Place,P,60309 Monica Avenue,RE,113,113,113
1114,6:51,10:47,21/09/2024,0630 Gina Plaza,V,57 Tennessee Circle,PR,114,114,114
1115,11:01,22:31,17/03/2025,17097 Chive Place,P,62173 Lyons Circle,RE,115,115,115
1116,12:12,23:46,11/06/2024,8 Hintze Crossing,V,90 Holy Cross Alley,PR,116,116,116
1117,8:01,21:05,14/10/2024,54161 High Crossing Terrace,P,8 Morrow Terrace,CA,117,117,117
1118,14:25,16:39,15/04/2025,0575 Fair Oaks Circle,V,41 Eggendart Hill,CA,118,118,118
1119,1:11,22:59,23/01/2025,2 6th Road,P,944 Crownhardt Point,RE,119,119,119
1120,18:30,6:31,27/09/2024,8 Summer Ridge Park,P,731 Cottonwood Road,PR,120,120,120
1121,13:34,6:17,30/08/2024,268 High Crossing Junction,P,02697 Sunfield Center,CA,121,121,121
1122,13:02,9:11,27/01/2025,46237 Crownhardt Court,P,171 Sundown Street,RE,122,122,122
1123,17:23,22:13,27/12/2024,68 Loftsgordon Center,P,4846 Buhler Point,RE,123,123,123
1124,4:34,13:39,12/05/2024,28 Sherman Terrace,P,12354 Lotheville Way,PR,124,124,124
1125,20:32,13:59,25/08/2024,60 David Street,V,0 Thackeray Way,RE,125,125,125
1126,20:31,16:45,25/04/2025,0 Eagle Crest Plaza,V,750 Tennyson Street,CA,126,126,126
1127,10:46,18:49,07/03/2025,6 Myrtle Trail,V,4981 Grim Parkway,RE,127,127,127
1128,11:35,6:47,10/05/2024,4267 Everett Park,P,64 Bunting Plaza,PR,128,128,128
1129,9:59,2:48,23/04/2025,4680 Bayside Crossing,P,71707 Johnson Court,PR,129,129,129
1130,14:55,8:57,03/06/2024,5 Utah Trail,V,426 Morning Place,PR,130,130,130
1131,13:46,12:51,10/08/2024,87768 Farmco Place,P,97 Menomonie Circle,CA,131,131,131
1132,21:35,19:21,03/11/2024,42342 Coleman Hill,P,855 Mockingbird Parkway,CA,132,132,132
1133,22:38,7:09,01/07/2024,578 Ryan Road,V,38384 Forest Drive,PR,133,133,133
1134,15:49,19:41,02/03/2025,635 Quincy Pass,V,6 Vera Alley,PR,134,134,134
1135,2:44,8:34,05/04/2025,6017 Daystar Center,P,55 John Wall Road,CA,135,135,135
1136,5:56,13:48,03/05/2024,40979 Roxbury Crossing,V,309 Mosinee Pass,PR,136,136,136
1137,12:49,14:35,03/06/2024,78 Heffernan Avenue,P,96172 Bay Avenue,PR,137,137,137
1138,6:00,16:21,06/08/2024,05 Thackeray Junction,V,6 Northwestern Place,PR,138,138,138
1139,0:44,18:24,13/05/2024,1016 Bashford Junction,V,07 Maple Wood Lane,PR,139,139,139
1140,4:52,17:59,21/01/2025,45382 Mariners Cove Terrace,P,70295 Dayton Way,CA,140,140,140
1141,21:17,15:26,26/09/2024,7 Prairieview Lane,V,30 Swallow Terrace,PR,141,141,141
1142,11:20,17:07,11/02/2025,42327 Commercial Hill,P,078 Nelson Junction,RE,142,142,142
1143,15:15,12:58,19/04/2025,25610 Meadow Vale Crossing,P,83586 Swallow Place,PR,143,143,143
1144,8:50,13:53,02/03/2025,43907 Thierer Parkway,P,522 Valley Edge Center,RE,144,144,144
1145,22:52,12:11,31/08/2024,34 Sugar Point,P,7 Lawn Center,PR,145,145,145
1146,12:09,1:27,07/12/2024,5 Clyde Gallagher Place,V,647 Mallory Point,RE,146,146,146
1147,11:46,9:49,09/10/2024,063 Towne Pass,V,1731 Eliot Alley,PR,147,147,147
1148,19:54,16:23,05/10/2024,2237 Mccormick Point,V,1 Heffernan Center,CA,148,148,148
1149,21:05,1:15,14/02/2025,50 Farmco Lane,V,46 Kipling Center,CA,149,149,149
1150,12:37,23:37,20/01/2025,61613 Arkansas Hill,P,520 Springview Way,RE,150,150,150
1151,9:41,0:01,10/10/2024,058 Spaight Crossing,V,643 Lawn Hill,RE,151,151,151
1152,0:03,4:58,25/12/2024,3815 Dwight Point,V,6298 Cody Court,RE,152,152,152
1153,6:04,13:58,26/02/2025,7 Steensland Point,P,27166 Spohn Way,CA,153,153,153
1154,20:24,3:13,17/05/2024,403 Twin Pines Trail,V,46463 Esker Parkway,RE,154,154,154
1155,7:32,11:35,17/03/2025,0628 Little Fleur Drive,V,7 Shelley Way,CA,155,155,155
1156,9:15,12:06,24/09/2024,62 Carberry Street,V,76314 Superior Point,RE,156,156,156
1157,10:36,22:48,04/07/2024,4 Marquette Crossing,V,915 Alpine Parkway,PR,157,157,157
1158,5:05,18:59,30/10/2024,9244 Cordelia Avenue,P,316 Manitowish Center,PR,158,158,158
1159,13:20,12:03,11/05/2024,782 Marquette Point,V,22473 Waywood Crossing,PR,159,159,159
1160,12:07,9:53,08/03/2025,9 Vermont Trail,P,3 Stuart Point,RE,160,160,160
1161,13:00,9:12,23/07/2024,8 Texas Parkway,V,2050 Hooker Way,RE,161,161,161
1162,8:42,1:04,19/04/2025,41746 Carioca Lane,P,60095 Harbort Pass,CA,162,162,162
1163,15:10,9:12,31/01/2025,02762 Longview Avenue,V,86079 Dunning Plaza,RE,163,163,163
1164,20:23,7:22,30/05/2024,668 Stephen Pass,V,55922 Walton Plaza,PR,164,164,164
1165,6:56,20:22,17/11/2024,1 Claremont Lane,P,1 Brown Plaza,PR,165,165,165
1166,6:37,5:56,18/03/2025,3 Farwell Point,P,789 Stone Corner Plaza,RE,166,166,166
1167,5:05,18:58,10/03/2025,1 Ramsey Center,P,3914 Lillian Way,CA,167,167,167
1168,9:05,9:17,26/09/2024,35 Harbort Place,P,4670 Dennis Way,PR,168,168,168
1169,21:38,6:25,24/09/2024,4 Morningstar Drive,P,267 Little Fleur Trail,RE,169,169,169
1170,6:29,8:32,06/04/2025,56 Becker Avenue,V,1 Atwood Road,CA,170,170,170
1171,6:05,12:31,30/07/2024,49 Tony Terrace,V,7 Weeping Birch Lane,PR,171,171,171
1172,18:26,3:10,05/10/2024,409 Butterfield Junction,V,036 Lakeland Lane,RE,172,172,172
1173,16:09,9:43,03/02/2025,068 Porter Crossing,V,06 Thackeray Way,RE,173,173,173
1174,20:03,5:56,08/02/2025,6 Milwaukee Junction,V,39 Johnson Point,CA,174,174,174
1175,13:34,7:17,25/02/2025,5 Orin Court,P,499 Arapahoe Lane,CA,175,175,175
1176,12:11,9:55,02/03/2025,757 Bellgrove Street,P,6148 Arrowood Avenue,RE,176,176,176
1177,20:32,13:33,13/06/2024,531 Green Ridge Avenue,P,4 Susan Avenue,PR,177,177,177
1178,1:31,12:54,27/10/2024,50 Orin Place,P,8491 Ruskin Pass,PR,178,178,178
1179,1:23,18:11,23/06/2024,9099 Barby Trail,P,59 Nancy Center,CA,179,179,179
1180,14:23,11:48,07/10/2024,1 Erie Parkway,P,6 Roxbury Hill,CA,180,180,180
1181,12:59,2:00,16/10/2024,577 Corben Way,P,678 Ryan Parkway,PR,181,181,181
1182,0:15,19:32,13/11/2024,10 Meadow Ridge Lane,V,08 Algoma Road,PR,182,182,182
1183,16:51,8:47,27/04/2025,09 Vahlen Way,V,61 Cody Drive,CA,183,183,183
1184,11:28,16:00,05/02/2025,83 High Crossing Road,P,8524 Bayside Hill,PR,184,184,184
1185,2:26,19:17,04/06/2024,193 Bultman Way,P,1678 Cherokee Pass,RE,185,185,185
1186,11:27,5:07,13/12/2024,8 Scott Place,P,7 Chive Park,CA,186,186,186
1187,7:31,21:26,13/10/2024,9 Menomonie Alley,P,8985 Nova Trail,RE,187,187,187
1188,5:11,14:51,26/07/2024,7 Steensland Court,P,2492 Larry Crossing,RE,188,188,188
1189,12:44,11:28,02/12/2024,637 Merchant Drive,P,519 Ridgeway Street,PR,189,189,189
1190,5:34,7:02,19/09/2024,2363 Cambridge Drive,P,854 Welch Park,RE,190,190,190
1191,20:16,6:36,08/01/2025,3925 Holmberg Street,P,5303 Harbort Lane,RE,191,191,191
1192,0:58,22:24,01/01/2025,8 Moulton Avenue,V,152 Bartillon Parkway,PR,192,192,192
1193,22:56,6:50,06/08/2024,4920 Stuart Terrace,P,9 New Castle Pass,RE,193,193,193
1194,3:47,15:09,07/04/2025,8 Clove Lane,V,794 Tomscot Trail,RE,194,194,194
1195,12:58,17:22,21/03/2025,8272 Washington Road,P,83 Katie Way,PR,195,195,195
1196,22:14,7:40,08/06/2024,8066 Loftsgordon Drive,P,9024 Lakewood Gardens Court,RE,196,196,196
1197,7:42,18:46,19/05/2024,13650 Valley Edge Lane,P,65 Hagan Place,RE,197,197,197
1198,17:53,11:07,11/11/2024,82 Westridge Plaza,P,93 Milwaukee Trail,PR,198,198,198
1199,3:30,6:05,19/10/2024,47 Cody Terrace,P,2957 Dakota Center,RE,199,199,199
1200,11:10,12:56,25/11/2024,402 Mifflin Crossing,V,5 Sauthoff Terrace,RE,200,200,200
1201,1:40,21:29,24/05/2024,6163 Coleman Junction,V,3375 Johnson Place,RE,201,201,201
1202,20:49,8:34,13/05/2024,9303 Dayton Park,V,325 Milwaukee Road,PR,202,202,202
1203,13:58,8:10,07/04/2025,652 Derek Plaza,P,129 Vera Alley,CA,203,203,203
1204,6:35,5:46,14/03/2025,89510 Redwing Junction,P,846 Loeprich Park,CA,204,204,204
1205,9:33,6:45,13/02/2025,301 Maple Wood Crossing,V,47401 Ridgeview Parkway,CA,205,205,205
1206,11:41,4:24,26/03/2025,409 Arkansas Pass,V,1710 Weeping Birch Terrace,RE,206,206,206
1207,23:10,23:35,05/10/2024,29 Milwaukee Trail,P,6 Ridgeview Park,CA,207,207,207
1208,2:10,15:35,08/08/2024,0 Toban Plaza,V,92 David Lane,RE,208,208,208
1209,2:42,18:03,14/08/2024,0 Duke Drive,P,06330 Heath Pass,RE,209,209,209
1210,10:51,0:05,07/12/2024,7 Arapahoe Lane,V,661 Hagan Hill,CA,210,210,210
1211,4:26,15:29,02/05/2024,53 Stoughton Terrace,V,9405 Holmberg Junction,CA,211,211,211
1212,23:07,9:03,29/08/2024,08 Jana Circle,P,0 1st Alley,PR,212,212,212
1213,22:20,23:19,06/04/2025,9798 2nd Crossing,V,18604 Mosinee Pass,PR,213,213,213
1214,2:36,20:28,04/04/2025,9086 Dakota Drive,P,613 Bashford Park,RE,214,214,214
1215,0:44,22:57,22/11/2024,1 Pawling Point,P,05302 Towne Center,PR,215,215,215
1216,20:46,20:35,24/07/2024,650 Ryan Pass,P,0924 Golf Hill,CA,216,216,216
1217,3:24,17:03,25/08/2024,450 Dakota Junction,P,777 Mendota Way,CA,217,217,217
1218,1:02,13:41,19/07/2024,3 Bluestem Parkway,P,3091 Carey Street,PR,218,218,218
1219,17:45,20:29,08/04/2025,54 Myrtle Point,V,583 Surrey Hill,CA,219,219,219
1220,0:35,15:03,05/03/2025,44 Golf Course Street,P,47144 Nobel Trail,RE,220,220,220
1221,20:51,6:07,19/02/2025,84042 Starling Parkway,V,427 Manitowish Trail,PR,221,221,221
1222,4:31,4:23,24/10/2024,19 Arkansas Street,V,0 Sugar Center,CA,222,222,222
1223,21:30,13:38,26/11/2024,7167 Bonner Avenue,P,55758 Knutson Pass,PR,223,223,223
1224,10:22,13:20,23/04/2025,3921 Kennedy Trail,V,5714 Ohio Drive,CA,224,224,224
1225,5:05,3:41,27/07/2024,92 Esch Junction,P,1 Union Point,RE,225,225,225
1226,7:34,4:28,29/01/2025,051 Arkansas Circle,P,0249 Dennis Place,PR,226,226,226
1227,19:17,12:31,04/06/2024,09021 Fulton Terrace,P,1 Marquette Avenue,CA,227,227,227
1228,22:13,13:49,31/01/2025,2 Amoth Point,P,441 Service Point,CA,228,228,228
1229,17:03,6:13,18/09/2024,1 Clemons Terrace,P,45 2nd Drive,PR,229,229,229
1230,16:29,2:27,01/02/2025,84 Di Loreto Avenue,V,548 Messerschmidt Lane,RE,230,230,230
1231,9:20,4:48,01/09/2024,925 Dixon Alley,P,30948 Weeping Birch Terrace,PR,231,231,231
1232,17:00,4:00,03/07/2024,11741 Dunning Junction,P,1 Kennedy Crossing,CA,232,232,232
1233,14:15,17:44,11/01/2025,4 Parkside Road,P,0 Glendale Parkway,RE,233,233,233
1234,11:47,0:42,25/04/2025,52044 Buhler Avenue,P,21344 Utah Parkway,PR,234,234,234
1235,20:39,16:06,16/05/2024,29264 Northport Avenue,V,34589 Boyd Circle,CA,235,235,235
1236,18:13,17:20,08/04/2025,3173 Carpenter Plaza,P,9324 Oak Hill,RE,236,236,236
1237,11:35,12:46,20/12/2024,0998 Bartillon Pass,V,672 Forster Terrace,CA,237,237,237
1238,3:18,12:59,15/10/2024,171 Barnett Way,V,00697 Comanche Plaza,PR,238,238,238
1239,10:30,14:29,31/10/2024,85798 Sugar Drive,V,7211 Lindbergh Way,RE,239,239,239
1240,12:22,13:17,11/11/2024,5227 Nevada Avenue,P,792 Mayfield Court,PR,240,240,240
1241,15:58,14:59,23/05/2024,4 Old Shore Point,P,2 Fordem Junction,RE,241,241,241
1242,21:15,9:41,06/05/2024,919 Forest Junction,P,8399 Talmadge Terrace,RE,242,242,242
1243,14:55,9:19,24/12/2024,26560 Memorial Terrace,V,92065 Roth Avenue,CA,243,243,243
1244,14:24,16:41,09/07/2024,35 Shoshone Way,V,3283 Redwing Point,RE,244,244,244
1245,14:36,4:45,26/06/2024,305 Center Terrace,V,80376 Roth Pass,RE,245,245,245
1246,16:59,0:45,12/10/2024,52 Norway Maple Hill,V,68 Kensington Park,RE,246,246,246
1247,17:57,13:13,08/11/2024,06290 Ohio Court,V,61021 Granby Parkway,RE,247,247,247
1248,8:09,0:04,01/03/2025,36 Straubel Avenue,V,5 Hoepker Point,PR,248,248,248
1249,14:46,11:42,12/01/2025,26 Emmet Lane,V,13742 Shelley Point,CA,249,249,249
1250,20:59,5:45,07/09/2024,5272 Dixon Point,P,3 Talisman Park,PR,250,250,250
1251,0:10,14:45,11/03/2025,29337 Bunker Hill Pass,V,5608 Morning Avenue,PR,251,251,251
1252,18:41,2:59,09/08/2024,375 Mendota Lane,P,8797 Roth Pass,RE,252,252,252
1253,4:50,14:33,17/09/2024,125 Butterfield Court,V,093 Prairie Rose Road,RE,253,253,253
1254,3:58,8:15,05/04/2025,300 Amoth Avenue,P,8 Hoepker Terrace,RE,254,254,254
1255,14:14,18:30,19/09/2024,37 Fallview Park,P,5 Muir Circle,RE,255,255,255
1256,11:45,20:55,07/03/2025,00273 Talmadge Parkway,V,20 Continental Park,RE,256,256,256
1257,6:24,13:43,12/03/2025,58736 Brickson Park Parkway,P,6 Fairfield Lane,CA,257,257,257
1258,0:23,16:23,05/11/2024,59070 Pennsylvania Plaza,P,0 Calypso Circle,RE,258,258,258
1259,17:17,1:54,04/08/2024,9 Meadow Valley Place,V,9652 Prentice Street,RE,259,259,259
1260,18:24,23:06,07/12/2024,0 Stone Corner Pass,V,97361 Monument Place,RE,260,260,260
1261,0:15,13:16,22/01/2025,88045 Spenser Plaza,V,4619 Hermina Junction,RE,261,261,261
1262,11:49,17:53,23/01/2025,28084 Tennessee Avenue,V,75 Iowa Alley,RE,262,262,262
1263,3:39,3:17,01/04/2025,539 Corscot Street,P,45635 Sherman Circle,CA,263,263,263
1264,13:21,15:28,31/08/2024,27228 Golf Course Plaza,P,4652 Caliangt Crossing,CA,264,264,264
1265,4:07,8:42,05/07/2024,4 Southridge Avenue,V,023 Truax Pass,CA,265,265,265
1266,7:25,22:49,04/06/2024,2759 Butternut Drive,P,2 Kinsman Alley,PR,266,266,266
1267,5:09,16:04,27/11/2024,69 Eliot Trail,V,29600 Shasta Way,CA,267,267,267
1268,18:47,3:39,23/07/2024,91 Pankratz Trail,V,4658 Ohio Alley,CA,268,268,268
1269,18:52,0:54,30/06/2024,355 Maple Pass,P,025 Village Green Junction,PR,269,269,269
1270,5:58,23:39,21/07/2024,93 Dennis Circle,P,27073 Longview Junction,CA,270,270,270
1271,18:12,23:42,21/09/2024,21 Scoville Hill,V,2394 Packers Parkway,PR,271,271,271
1272,13:11,11:30,19/11/2024,747 Gulseth Terrace,V,8085 Victoria Avenue,RE,272,272,272
1273,16:10,15:10,25/09/2024,166 Welch Junction,V,632 West Point,PR,273,273,273
1274,1:14,3:17,03/04/2025,5397 South Street,P,09727 Mccormick Park,RE,274,274,274
1275,3:54,0:58,02/02/2025,3 Sunbrook Avenue,P,24054 Mallard Avenue,RE,275,275,275
1276,2:48,3:47,21/06/2024,4 Esker Place,P,63 Katie Center,CA,276,276,276
1277,23:22,5:15,17/05/2024,8 Namekagon Alley,V,110 Forest Run Park,RE,277,277,277
1278,6:18,9:56,12/02/2025,2 David Street,P,135 Transport Plaza,PR,278,278,278
1279,20:22,5:27,13/10/2024,50913 Caliangt Avenue,V,9 Reindahl Street,RE,279,279,279
1280,22:12,0:35,07/07/2024,4965 Wayridge Place,P,55557 Walton Road,CA,280,280,280
1281,13:39,11:19,02/12/2024,03 Knutson Avenue,V,43 Dayton Alley,CA,281,281,281
1282,2:17,6:01,01/01/2025,43337 Hanover Way,V,5410 Gerald Road,PR,282,282,282
1283,18:12,7:19,08/01/2025,37669 Heath Court,V,66 Barnett Hill,RE,283,283,283
1284,20:07,2:24,17/07/2024,78012 East Crossing,P,26 Barby Avenue,RE,284,284,284
1285,15:52,19:19,23/01/2025,293 Atwood Road,V,9 Michigan Place,PR,285,285,285
1286,10:38,19:58,30/10/2024,61 Jenifer Road,V,69918 Bashford Road,CA,286,286,286
1287,7:50,2:15,21/11/2024,15 Arrowood Road,P,781 Thierer Junction,RE,287,287,287
1288,13:55,11:47,30/08/2024,1 Buell Parkway,V,4 Hayes Terrace,PR,288,288,288
1289,22:03,16:22,12/10/2024,9850 American Ash Parkway,V,39 Larry Center,PR,289,289,289
1290,15:09,7:55,09/09/2024,08551 Buell Hill,V,5622 Corry Way,RE,290,290,290
1291,16:05,1:33,13/02/2025,5387 Annamark Point,P,3922 Bowman Court,CA,291,291,291
1292,14:35,5:28,20/03/2025,8188 Thompson Place,V,67342 Hudson Court,RE,292,292,292
1293,21:41,6:40,06/09/2024,433 Arkansas Drive,P,8824 Carey Hill,CA,293,293,293
1294,16:12,16:31,13/06/2024,4 Katie Road,P,18 Kings Street,RE,294,294,294
1295,14:01,1:30,19/07/2024,93321 Sage Trail,V,4829 Anthes Hill,RE,295,295,295
1296,9:22,20:01,07/07/2024,710 Emmet Point,V,97 Arrowood Plaza,CA,296,296,296
1297,0:41,12:39,28/10/2024,66129 Melody Junction,P,78649 Anhalt Park,PR,297,297,297
1298,7:40,0:07,10/01/2025,118 Kingsford Drive,V,991 Kenwood Terrace,RE,298,298,298
1299,14:50,19:20,26/07/2024,943 Daystar Way,V,88866 Kensington Hill,CA,299,299,299
1300,2:38,15:47,15/12/2024,158 East Court,V,9 Barnett Junction,RE,300,300,300
1301,12:19,11:19,22/01/2025,53884 Sage Way,V,121 Nancy Parkway,CA,301,301,301
1302,9:04,4:10,17/02/2025,62 Fieldstone Junction,V,87221 Spaight Center,PR,302,302,302
1303,7:27,21:07,17/01/2025,33 Nobel Circle,V,5 Kropf Drive,CA,303,303,303
1304,13:13,23:48,27/12/2024,18 Beilfuss Pass,P,5018 Barby Crossing,PR,304,304,304
1305,4:20,14:24,10/11/2024,7962 Veith Point,V,37796 Petterle Hill,RE,305,305,305
1306,4:27,17:06,12/09/2024,5 Little Fleur Way,V,393 Memorial Junction,PR,306,306,306
1307,8:48,23:56,06/12/2024,09 Steensland Court,V,04 Sloan Road,RE,307,307,307
1308,17:07,23:49,17/04/2025,5 Chive Place,V,2 Karstens Junction,CA,308,308,308
1309,1:43,20:32,10/05/2024,8 Northfield Junction,P,69630 Sachtjen Point,CA,309,309,309
1310,10:48,3:01,15/04/2025,748 Towne Park,V,562 Hagan Point,CA,310,310,310
1311,7:36,2:19,04/03/2025,1477 Forest Dale Point,V,4674 Rutledge Drive,PR,311,311,311
1312,9:31,23:53,22/11/2024,9322 Bowman Lane,P,2758 Merchant Plaza,CA,312,312,312
1313,1:15,19:59,30/03/2025,85000 Norway Maple Junction,V,994 Forest Run Court,RE,313,313,313
1314,22:01,8:12,03/09/2024,84287 Gateway Point,V,407 Bartillon Plaza,CA,314,314,314
1315,9:21,15:26,19/04/2025,39312 Morrow Circle,V,27364 Magdeline Place,PR,315,315,315
1316,3:23,17:58,09/12/2024,85507 Golf Course Court,V,96 Eggendart Terrace,RE,316,316,316
1317,9:59,12:48,24/03/2025,8103 4th Junction,P,471 Canary Circle,PR,317,317,317
1318,10:55,1:49,15/02/2025,9 Reindahl Center,V,6 Lien Pass,RE,318,318,318
1319,7:44,5:18,15/10/2024,4 Carey Court,P,39554 Sommers Hill,CA,319,319,319
1320,18:18,11:34,16/12/2024,12 Dakota Avenue,V,9 Myrtle Hill,RE,320,320,320
1321,14:58,19:18,25/09/2024,897 Sauthoff Park,P,491 Monument Street,RE,321,321,321
1322,9:23,5:24,15/11/2024,54 Paget Avenue,P,5 Clarendon Park,CA,322,322,322
1323,13:47,17:05,07/06/2024,83456 Darwin Crossing,V,64 Moulton Point,PR,323,323,323
1324,1:26,11:01,18/02/2025,604 Coleman Park,P,1 Garrison Parkway,PR,324,324,324
1325,20:04,1:20,30/12/2024,77 Holy Cross Junction,P,62 Melrose Court,CA,325,325,325
1326,12:35,2:28,14/08/2024,6 Superior Plaza,V,39 Fairfield Plaza,PR,326,326,326
1327,15:12,8:44,18/11/2024,277 David Road,V,29 Drewry Avenue,PR,327,327,327
1328,21:11,1:57,13/07/2024,85025 Montana Way,V,51 Talisman Center,PR,328,328,328
1329,9:03,21:29,21/06/2024,035 Beilfuss Crossing,V,28757 West Road,RE,329,329,329
1330,2:08,6:58,21/07/2024,38527 Westerfield Court,P,92791 Emmet Point,CA,330,330,330
1331,16:14,18:34,02/09/2024,1478 Veith Way,V,427 Carey Avenue,RE,331,331,331
1332,7:34,9:17,14/08/2024,71641 Cascade Street,P,1 Elmside Drive,RE,332,332,332
1333,7:34,17:53,23/12/2024,32 Caliangt Alley,V,791 Burning Wood Place,PR,333,333,333
1334,14:36,18:49,24/04/2025,98 Lawn Hill,P,883 Dwight Avenue,CA,334,334,334
1335,3:59,17:25,15/06/2024,1 Valley Edge Point,V,1 Fremont Lane,CA,335,335,335
1336,16:00,15:55,09/09/2024,9313 Troy Trail,V,014 West Junction,RE,336,336,336
1337,22:27,2:42,06/06/2024,8174 Amoth Circle,V,308 Mcguire Drive,CA,337,337,337
1338,20:25,6:10,23/04/2025,3 Eliot Trail,V,8209 Hintze Parkway,PR,338,338,338
1339,14:26,21:40,24/11/2024,2 Sauthoff Place,V,02 Rockefeller Point,PR,339,339,339
1340,23:27,14:12,16/08/2024,33 American Ash Point,V,8 Kinsman Street,CA,340,340,340
1341,6:19,4:19,04/03/2025,68 Veith Circle,P,4401 Forest Run Crossing,PR,341,341,341
1342,15:24,23:40,26/09/2024,5165 Green Court,P,943 Clyde Gallagher Drive,RE,342,342,342
1343,0:43,6:35,23/08/2024,962 Old Shore Street,V,9073 Lerdahl Park,RE,343,343,343
1344,20:50,8:24,16/01/2025,295 Independence Junction,V,24 Barby Lane,PR,344,344,344
1345,16:36,14:29,16/04/2025,8768 Ryan Point,P,296 Jenna Street,CA,345,345,345
1346,10:28,10:56,09/07/2024,7 Dexter Parkway,P,09 Monica Crossing,RE,346,346,346
1347,6:42,18:02,05/07/2024,24125 Oxford Drive,P,27700 Porter Drive,PR,347,347,347
1348,16:03,10:50,02/02/2025,75606 Fairview Alley,V,10870 Hoepker Terrace,PR,348,348,348
1349,12:24,20:27,29/09/2024,3729 Marcy Plaza,V,98421 Harbort Alley,CA,349,349,349
1350,16:48,10:46,01/03/2025,73 Prairie Rose Alley,V,59812 Morrow Court,PR,350,350,350
1351,23:36,2:45,22/10/2024,821 Carioca Terrace,V,46446 Prairie Rose Pass,RE,351,351,351
1352,21:46,8:56,01/07/2024,7895 Memorial Way,P,71330 Birchwood Court,PR,352,352,352
1353,9:03,13:14,07/03/2025,528 Chive Way,P,7283 Northport Center,CA,353,353,353
1354,22:28,15:24,02/07/2024,186 Southridge Terrace,P,5526 Springs Crossing,RE,354,354,354
1355,2:33,12:08,30/10/2024,0290 Trailsway Court,V,38 Rigney Crossing,RE,355,355,355
1356,11:55,7:11,19/12/2024,07 Sunnyside Lane,V,6 Schiller Pass,PR,356,356,356
1357,2:09,2:52,29/03/2025,3 Mendota Park,V,094 Onsgard Street,PR,357,357,357
1358,14:43,11:09,27/01/2025,57 Iowa Junction,P,3 Nancy Court,PR,358,358,358
1359,20:22,22:09,02/06/2024,2533 Autumn Leaf Point,P,3 Twin Pines Lane,CA,359,359,359
1360,4:24,5:40,20/11/2024,58946 Eagan Crossing,V,76584 Express Crossing,RE,360,360,360
1361,15:16,7:45,30/09/2024,09 Express Alley,P,83 Gerald Drive,PR,361,361,361
1362,6:38,2:59,30/10/2024,4028 Brown Hill,V,0 Crownhardt Pass,RE,362,362,362
1363,16:39,7:04,24/08/2024,5313 Mcguire Road,P,42 Hanover Street,PR,363,363,363
1364,23:19,20:21,20/07/2024,9367 Bayside Avenue,V,3506 Bluestem Parkway,PR,364,364,364
1365,23:08,22:34,28/01/2025,2223 Eagan Parkway,P,32 Mcguire Parkway,CA,365,365,365
1366,8:18,14:51,15/12/2024,790 Dottie Center,V,1 Kedzie Pass,RE,366,366,366
1367,12:45,5:58,26/12/2024,4 Gulseth Street,V,4 Veith Way,PR,367,367,367
1368,4:20,4:03,27/05/2024,36512 Parkside Avenue,V,2550 Sloan Pass,RE,368,368,368
1369,21:07,18:48,26/10/2024,01616 Lukken Pass,V,023 Chive Trail,CA,369,369,369
1370,18:17,16:30,21/06/2024,6 Magdeline Trail,P,9165 Bluejay Pass,CA,370,370,370
1371,3:17,5:37,01/05/2024,69 Eagan Park,V,58 Monument Terrace,PR,371,371,371
1372,10:50,6:57,29/01/2025,914 Scott Road,V,4 Huxley Lane,RE,372,372,372
1373,9:06,22:16,20/04/2025,99323 Becker Center,P,4 Scott Alley,CA,373,373,373
1374,20:13,0:15,19/02/2025,3620 Springview Pass,V,608 Burrows Pass,CA,374,374,374
1375,7:40,4:31,15/06/2024,16190 Fordem Alley,P,6 American Terrace,RE,375,375,375
1376,10:04,19:05,06/09/2024,2873 Kipling Lane,P,3 Vermont Avenue,CA,376,376,376
1377,3:03,19:21,30/07/2024,19771 Drewry Pass,P,5575 Troy Drive,PR,377,377,377
1378,17:01,6:59,10/11/2024,43773 Thackeray Park,V,467 Trailsway Park,RE,378,378,378
1379,3:59,7:55,03/10/2024,169 Lakewood Street,P,5723 Northwestern Crossing,PR,379,379,379
1380,10:36,18:28,02/12/2024,5 American Ash Hill,V,219 Petterle Street,PR,380,380,380
1381,6:20,19:16,14/09/2024,592 1st Parkway,P,91 Lunder Hill,PR,381,381,381
1382,9:40,7:50,09/03/2025,33 Bayside Junction,P,03 Montana Plaza,PR,382,382,382
1383,21:42,16:03,04/08/2024,607 Sullivan Court,P,743 Messerschmidt Point,CA,383,383,383
1384,21:33,21:33,27/04/2025,0319 Macpherson Avenue,P,03282 Mockingbird Avenue,CA,384,384,384
1385,19:51,4:28,10/02/2025,056 Buena Vista Trail,P,1 Namekagon Way,PR,385,385,385
1386,6:50,22:38,17/07/2024,4013 Forster Way,P,0127 Northwestern Avenue,RE,386,386,386
1387,6:37,5:17,26/08/2024,712 Graedel Crossing,P,0157 Arizona Way,PR,387,387,387
1388,12:53,16:18,01/03/2025,15 Rieder Drive,V,1 Grim Parkway,CA,388,388,388
1389,11:23,3:50,18/11/2024,85 Pine View Terrace,P,196 Bultman Pass,CA,389,389,389
1390,13:50,10:06,28/07/2024,5 Killdeer Park,P,42783 Derek Plaza,PR,390,390,390
1391,12:04,11:18,01/07/2024,1393 Alpine Point,V,72792 Doe Crossing Center,PR,391,391,391
1392,12:15,10:33,17/06/2024,210 Monica Plaza,P,753 Hovde Place,PR,392,392,392
1393,21:41,19:51,03/09/2024,37594 Bartillon Circle,P,214 Grasskamp Road,CA,393,393,393
1394,19:06,19:34,20/08/2024,804 Schlimgen Street,V,7573 Golden Leaf Terrace,CA,394,394,394
1395,21:18,17:43,30/06/2024,30 Welch Drive,V,78241 Forest Run Road,CA,395,395,395
1396,6:47,6:12,19/01/2025,3 Vera Lane,V,6793 Nevada Alley,CA,396,396,396
1397,13:01,12:49,01/08/2024,92511 Crownhardt Hill,P,7 Express Road,RE,397,397,397
1398,4:22,15:21,16/07/2024,082 Erie Park,P,2214 Onsgard Junction,RE,398,398,398
1399,20:59,5:16,27/05/2024,9893 Eastlawn Lane,V,9 Vahlen Trail,RE,399,399,399
1400,13:11,13:53,09/04/2025,455 Center Terrace,V,3798 Forest Run Road,CA,400,400,400
1401,23:52,4:46,27/03/2025,236 Dovetail Pass,V,302 Bay Crossing,RE,401,401,401
1402,8:57,4:53,02/05/2024,2 Gale Avenue,V,953 Heffernan Pass,CA,402,402,402
1403,6:57,6:41,18/05/2024,85 Graceland Junction,V,63418 Kings Crossing,PR,403,403,403
1404,9:33,1:54,03/06/2024,9 Ronald Regan Plaza,V,0637 Hazelcrest Junction,PR,404,404,404
1405,5:54,17:09,04/12/2024,6290 Vermont Center,V,1735 Luster Pass,RE,405,405,405
1406,0:44,2:13,07/04/2025,808 Westport Park,V,14954 Del Sol Drive,CA,406,406,406
1407,13:26,18:11,02/10/2024,4 Kingsford Pass,P,32880 Arapahoe Lane,CA,407,407,407
1408,21:02,19:53,20/02/2025,169 Badeau Court,V,5890 Elgar Trail,RE,408,408,408
1409,4:18,18:49,12/08/2024,62 Westerfield Parkway,V,0 Morningstar Park,RE,409,409,409
1410,13:44,3:09,22/12/2024,662 Thierer Terrace,P,91271 Shelley Court,RE,410,410,410
1411,14:31,22:11,29/03/2025,21580 Meadow Valley Alley,V,1903 Northland Pass,PR,411,411,411
1412,5:12,18:35,12/10/2024,74313 Portage Parkway,V,3 Carey Way,RE,412,412,412
1413,2:29,15:27,07/01/2025,396 Nelson Street,V,144 Killdeer Hill,PR,413,413,413
1414,13:38,15:26,29/04/2025,667 Warbler Pass,P,27 Heath Junction,RE,414,414,414
1415,10:57,12:36,13/01/2025,7 Northfield Junction,V,92967 Dwight Center,RE,415,415,415
1416,14:18,9:05,22/02/2025,028 Ridgeway Plaza,P,34 Kenwood Circle,PR,416,416,416
1417,14:03,14:11,24/05/2024,91 Russell Road,P,9 Anderson Alley,CA,417,417,417
1418,12:20,7:10,25/04/2025,2207 Moland Court,V,84204 Mitchell Center,PR,418,418,418
1419,16:11,19:28,02/06/2024,3004 Goodland Way,V,665 Pleasure Way,CA,419,419,419
1420,14:59,7:25,31/01/2025,60 Waywood Center,P,49 Algoma Court,PR,420,420,420
1421,5:04,4:04,17/03/2025,78604 Golden Leaf Lane,V,924 Forest Run Parkway,PR,421,421,421
1422,17:21,8:03,12/01/2025,02 Anniversary Street,V,3125 Messerschmidt Crossing,CA,422,422,422
1423,15:58,5:53,10/04/2025,39 Fallview Circle,V,99 Banding Road,PR,423,423,423
1424,11:19,15:11,17/06/2024,7856 Luster Park,V,815 Shopko Plaza,CA,424,424,424
1425,4:47,9:46,29/12/2024,85 Bartelt Place,V,42203 Vernon Hill,CA,425,425,425
1426,18:42,14:47,04/12/2024,83 Luster Road,V,1566 Kedzie Lane,RE,426,426,426
1427,3:01,8:03,20/07/2024,3481 Kipling Lane,V,32 Clove Road,PR,427,427,427
1428,2:59,16:23,17/01/2025,8 Monica Lane,V,8 Helena Center,PR,428,428,428
1429,3:36,17:18,06/05/2024,19 Loftsgordon Lane,V,3 Sunbrook Way,RE,429,429,429
1430,23:17,18:58,09/04/2025,84098 Old Gate Crossing,V,3 Schurz Pass,PR,430,430,430
1431,21:25,14:18,28/12/2024,009 Sullivan Way,P,58 Raven Trail,RE,431,431,431
1432,9:29,21:18,24/07/2024,1453 Glacier Hill Place,P,6 Valley Edge Center,RE,432,432,432
1433,4:09,2:07,04/01/2025,7022 Doe Crossing Road,V,396 Bartillon Point,CA,433,433,433
1434,15:16,10:55,16/02/2025,465 Kingsford Junction,V,8 Del Sol Point,CA,434,434,434
1435,18:44,21:23,10/01/2025,548 Di Loreto Plaza,V,52 Bashford Court,CA,435,435,435
1436,2:57,1:14,08/04/2025,66 Cherokee Crossing,V,051 Magdeline Junction,RE,436,436,436
1437,15:25,14:51,30/06/2024,60344 Corscot Center,P,7260 Dryden Lane,RE,437,437,437
1438,11:39,16:00,14/06/2024,01312 Russell Street,V,522 Ruskin Plaza,RE,438,438,438
1439,22:54,7:44,29/05/2024,87 Ohio Junction,P,32287 Buell Way,CA,439,439,439
1440,8:16,4:20,19/11/2024,00 Center Crossing,P,28 Loftsgordon Lane,PR,440,440,440
1441,0:35,11:05,29/05/2024,560 Hazelcrest Terrace,V,622 Paget Way,RE,441,441,441
1442,23:04,20:11,17/11/2024,42 Shelley Circle,P,5 Lotheville Way,CA,442,442,442
1443,12:11,20:38,27/05/2024,148 Kingsford Plaza,P,4 Holy Cross Alley,CA,443,443,443
1444,11:28,4:49,22/12/2024,42234 Cardinal Court,P,07 Erie Avenue,RE,444,444,444
1445,17:02,22:26,02/11/2024,3 Debra Junction,P,3790 Summit Plaza,RE,445,445,445
1446,2:02,13:54,01/04/2025,023 Straubel Lane,P,6713 Badeau Avenue,PR,446,446,446
1447,14:10,12:47,24/09/2024,25 Roth Alley,V,05688 Vermont Crossing,CA,447,447,447
1448,0:22,13:34,31/08/2024,6 Linden Avenue,V,7002 Kipling Street,RE,448,448,448
1449,5:16,1:38,08/09/2024,0 Monument Point,P,25281 Troy Court,PR,449,449,449
1450,3:33,2:06,09/11/2024,92961 Milwaukee Center,V,8786 Village Avenue,PR,450,450,450
1451,13:01,13:21,15/06/2024,06422 Ruskin Junction,P,0 Forest Place,RE,451,451,451
1452,3:47,0:24,23/10/2024,4186 Randy Plaza,P,14 Golf View Trail,CA,452,452,452
1453,6:30,18:24,08/11/2024,7583 Ronald Regan Crossing,V,90 Havey Street,PR,453,453,453
1454,5:01,2:26,10/06/2024,7806 Waubesa Center,V,1 Packers Pass,PR,454,454,454
1455,0:37,14:15,07/01/2025,34841 Southridge Terrace,V,11756 Stone Corner Road,PR,455,455,455
1456,18:14,23:02,18/02/2025,133 Blue Bill Park Alley,V,83233 Mcguire Hill,PR,456,456,456
1457,16:07,17:13,07/03/2025,73 Longview Point,P,2 Crownhardt Point,RE,457,457,457
1458,14:53,6:54,05/08/2024,214 3rd Way,V,39190 Maryland Trail,PR,458,458,458
1459,7:20,11:06,23/11/2024,317 Vermont Way,V,43532 Scoville Crossing,PR,459,459,459
1460,12:45,16:02,03/06/2024,5468 Memorial Park,P,48385 Golf Circle,PR,460,460,460
1461,16:31,2:05,31/07/2024,38677 Clove Street,V,5 Paget Junction,CA,461,461,461
1462,9:50,9:09,10/07/2024,28 3rd Terrace,V,4 Glendale Trail,PR,462,462,462
1463,7:39,4:12,01/05/2024,516 Havey Pass,P,2 Golden Leaf Circle,PR,463,463,463
1464,22:35,19:16,24/05/2024,25 Eggendart Parkway,V,11 Monterey Crossing,PR,464,464,464
1465,18:40,22:37,25/10/2024,115 5th Pass,V,543 Mosinee Alley,CA,465,465,465
1466,7:00,13:46,09/06/2024,486 Jana Junction,P,390 Lunder Center,CA,466,466,466
1467,20:12,0:21,21/05/2024,1 Armistice Junction,P,00 Amoth Avenue,RE,467,467,467
1468,18:04,10:50,15/04/2025,00 High Crossing Trail,P,4849 Canary Plaza,RE,468,468,468
1469,12:16,2:02,16/03/2025,6713 East Terrace,V,00 Morningstar Terrace,CA,469,469,469
1470,19:09,11:47,01/01/2025,81 Fallview Crossing,P,1 Armistice Crossing,RE,470,470,470
1471,4:40,14:11,10/02/2025,63 Carey Alley,P,73 Drewry Lane,RE,471,471,471
1472,23:33,1:49,09/09/2024,459 Dennis Lane,V,17649 Little Fleur Point,CA,472,472,472
1473,14:17,5:20,06/12/2024,10 Truax Parkway,P,39345 Carberry Pass,RE,473,473,473
1474,4:22,2:13,28/03/2025,5847 Independence Point,V,802 East Alley,CA,474,474,474
1475,8:37,4:02,29/04/2025,780 Village Pass,V,0 Hoard Center,CA,475,475,475
1476,15:15,8:07,13/11/2024,4217 Tennessee Crossing,V,916 Artisan Trail,RE,476,476,476
1477,6:22,0:53,01/03/2025,66 Northland Crossing,P,66 Carey Lane,CA,477,477,477
1478,3:49,14:44,28/01/2025,0 Pankratz Terrace,V,751 Hudson Plaza,PR,478,478,478
1479,22:02,14:05,11/04/2025,517 Eagan Street,P,406 Meadow Ridge Lane,CA,479,479,479
1480,18:55,0:45,04/06/2024,2279 Maple Park,V,7425 Old Gate Park,RE,480,480,480
1481,8:09,11:56,23/07/2024,22957 Lillian Junction,P,24931 Transport Place,CA,481,481,481
1482,23:11,6:26,14/11/2024,2817 Warbler Hill,P,3434 Maywood Lane,CA,482,482,482
1483,16:42,18:30,18/08/2024,99 Orin Crossing,V,9821 Cottonwood Alley,CA,483,483,483
1484,17:16,23:22,27/11/2024,65 Hallows Trail,P,4 Lakeland Way,CA,484,484,484
1485,15:10,15:48,22/07/2024,1 Goodland Street,V,8 Ridgeview Avenue,PR,485,485,485
1486,2:31,18:29,16/01/2025,441 Crest Line Terrace,P,028 Hoepker Lane,PR,486,486,486
1487,22:14,17:34,07/12/2024,29882 Crescent Oaks Plaza,V,98738 Gerald Center,CA,487,487,487
1488,6:18,3:08,29/06/2024,51508 Onsgard Lane,V,9 Graceland Pass,PR,488,488,488
1489,3:03,11:33,17/12/2024,9 Menomonie Street,P,69 Northport Park,CA,489,489,489
1490,12:14,10:23,05/08/2024,8220 North Street,V,19 Montana Junction,CA,490,490,490
1491,2:05,2:03,29/05/2024,37 Kedzie Alley,V,75533 Arizona Place,CA,491,491,491
1492,1:57,19:44,12/04/2025,89 Harper Place,P,4 Saint Paul Street,RE,492,492,492
1493,18:44,7:38,22/04/2025,2300 Hooker Parkway,V,17 Bonner Trail,CA,493,493,493
1494,22:47,3:40,02/11/2024,43198 Randy Park,P,4855 Dottie Junction,RE,494,494,494
1495,23:50,22:30,03/10/2024,11 Del Mar Lane,V,5096 Oxford Avenue,PR,495,495,495
1496,6:59,1:12,05/11/2024,4 Fallview Park,P,2198 Rockefeller Pass,CA,496,496,496
1497,17:55,2:41,23/09/2024,6 Rutledge Avenue,V,47325 Dapin Lane,RE,497,497,497
1498,23:34,19:15,01/03/2025,3 Clyde Gallagher Plaza,P,53791 Rowland Hill,CA,498,498,498
1499,3:39,9:49,12/06/2024,9 Hooker Street,V,8327 Morningstar Place,CA,499,499,499
1500,12:20,9:03,22/01/2025,00 Messerschmidt Crossing,P,5255 Cambridge Street,PR,500,500,500
1501,7:47,12:03,31/03/2025,24618 Donald Circle,V,5 Golf Course Way,PR,501,501,501
1502,21:34,20:44,06/10/2024,1 Roxbury Road,V,0286 Ludington Park,PR,502,502,502
1503,14:17,13:34,10/01/2025,6 Eagan Way,P,72 Summerview Trail,PR,503,503,503
1504,15:50,3:25,22/07/2024,904 Prentice Road,P,7 Trailsway Road,CA,504,504,504
1505,12:24,20:12,30/08/2024,755 East Place,V,88 Warner Place,PR,505,505,505
1506,0:22,6:57,29/01/2025,6 Gateway Point,P,86947 Clemons Terrace,CA,506,506,506
1507,13:40,13:31,10/10/2024,9 Stephen Circle,P,199 Autumn Leaf Lane,PR,507,507,507
1508,22:00,8:37,30/11/2024,41 Morningstar Center,P,808 Riverside Street,PR,508,508,508
1509,19:23,21:43,24/08/2024,35 Saint Paul Alley,V,867 Melrose Lane,RE,509,509,509
1510,0:09,0:41,17/04/2025,919 Hovde Avenue,V,12 Talmadge Hill,RE,510,510,510
1511,8:50,6:42,11/08/2024,25616 Havey Way,V,67416 Summer Ridge Way,CA,511,511,511
1512,13:55,20:52,27/06/2024,7 Amoth Avenue,P,3459 Holmberg Crossing,CA,512,512,512
1513,23:35,16:43,01/09/2024,64893 Coolidge Place,V,7188 Blackbird Center,RE,513,513,513
1514,14:45,15:08,24/08/2024,3 Bellgrove Center,V,29532 Columbus Plaza,RE,514,514,514
1515,11:35,3:33,15/09/2024,32431 Raven Junction,P,13416 Lukken Lane,CA,515,515,515
1516,0:13,16:17,07/05/2024,2638 Fordem Pass,V,24521 Doe Crossing Road,CA,516,516,516
1517,12:44,20:50,06/02/2025,9634 Hauk Crossing,P,696 Forest Dale Drive,RE,517,517,517
1518,4:02,9:48,18/06/2024,00 Daystar Crossing,V,81 Jenna Avenue,RE,518,518,518
1519,11:44,8:28,22/04/2025,3 Amoth Trail,P,4 Graedel Avenue,RE,519,519,519
1520,5:52,8:32,19/01/2025,0308 Lawn Alley,P,67156 Becker Street,PR,520,520,520
1521,18:58,6:47,17/07/2024,4 Cambridge Parkway,V,42187 Victoria Circle,RE,521,521,521
1522,6:56,10:10,09/04/2025,4754 Lindbergh Lane,V,601 High Crossing Drive,CA,522,522,522
1523,5:44,11:48,24/05/2024,7 Green Ridge Crossing,V,77 Service Alley,CA,523,523,523
1524,18:11,20:53,09/04/2025,4 Oriole Hill,V,787 Mccormick Park,CA,524,524,524
1525,2:42,12:17,26/03/2025,1 Spenser Place,P,4 Hanover Point,PR,525,525,525
1526,20:41,6:07,14/04/2025,947 Dottie Point,P,8933 Hoepker Road,PR,526,526,526
1527,16:40,18:08,19/01/2025,32 Cody Circle,V,0629 Lake View Plaza,PR,527,527,527
1528,19:42,9:09,10/01/2025,29 Emmet Hill,P,643 Rusk Lane,CA,528,528,528
1529,10:26,14:48,30/04/2024,69 Westend Drive,V,58768 Jackson Center,CA,529,529,529
1530,11:14,13:42,18/12/2024,0305 Bultman Court,V,29 Eliot Drive,CA,530,530,530
1531,5:11,7:59,17/09/2024,6 Becker Plaza,P,3 Merrick Pass,CA,531,531,531
1532,17:31,16:02,29/09/2024,53790 Judy Road,V,59162 Clarendon Alley,RE,532,532,532
1533,21:03,4:06,29/04/2025,2131 Ilene Court,P,040 Graceland Pass,CA,533,533,533
1534,6:58,15:46,24/04/2025,840 Truax Hill,P,75648 Warrior Crossing,PR,534,534,534
1535,23:05,17:43,01/01/2025,94 Clarendon Lane,P,730 Waywood Avenue,RE,535,535,535
1536,11:55,9:55,06/04/2025,9584 Hooker Crossing,P,7 Donald Avenue,CA,536,536,536
1537,22:05,13:34,04/03/2025,6 Elka Street,V,453 Linden Trail,CA,537,537,537
1538,17:48,7:56,05/04/2025,99088 Tomscot Terrace,V,0 Caliangt Terrace,CA,538,538,538
1539,1:59,13:53,08/12/2024,39 Maywood Plaza,P,74796 Waxwing Parkway,CA,539,539,539
1540,13:57,23:05,21/03/2025,241 Bartillon Hill,P,5 Ridgeway Way,CA,540,540,540
1541,8:04,13:47,16/03/2025,08921 Pleasure Trail,P,7060 Huxley Court,RE,541,541,541
1542,7:01,16:38,03/03/2025,16358 Village Point,V,98087 Fairview Drive,PR,542,542,542
1543,23:52,9:43,19/08/2024,03956 Talmadge Hill,P,2237 Sunbrook Avenue,CA,543,543,543
1544,10:00,9:42,12/02/2025,58448 Kinsman Circle,P,3427 Oxford Drive,PR,544,544,544
1545,6:47,4:04,12/01/2025,53041 New Castle Alley,V,253 Maple Crossing,CA,545,545,545
1546,9:00,9:54,28/08/2024,305 Jay Way,V,39 Schiller Crossing,CA,546,546,546
1547,18:33,13:38,26/06/2024,3 Westport Drive,V,1 Petterle Crossing,PR,547,547,547
1548,12:42,21:00,20/03/2025,98563 Sunbrook Place,V,37 Becker Lane,CA,548,548,548
1549,22:36,18:52,01/05/2024,5263 Bashford Street,V,9227 Carioca Junction,RE,549,549,549
1550,0:02,18:05,14/08/2024,10896 Clyde Gallagher Road,P,0799 Cascade Way,CA,550,550,550
1551,8:49,16:53,09/03/2025,6 Maywood Center,P,6043 David Parkway,RE,551,551,551
1552,1:09,13:57,19/07/2024,3 Meadow Valley Alley,P,514 Delladonna Terrace,RE,552,552,552
1553,3:21,21:38,15/06/2024,0999 Carberry Way,P,464 Columbus Junction,CA,553,553,553
1554,4:24,12:27,22/03/2025,2088 Lunder Street,V,0 Ridge Oak Crossing,RE,554,554,554
1555,16:13,4:47,19/04/2025,95 Mcguire Junction,P,0 Roxbury Pass,PR,555,555,555
1556,23:14,13:47,26/04/2025,3534 Kennedy Drive,V,71161 Merrick Place,CA,556,556,556
1557,2:07,18:35,08/05/2024,50051 Bellgrove Junction,P,7941 Elka Crossing,PR,557,557,557
1558,8:53,19:23,17/07/2024,7 Summer Ridge Alley,P,03808 Sachtjen Crossing,PR,558,558,558
1559,9:37,7:43,18/06/2024,31799 Meadow Vale Terrace,V,6 Tennessee Plaza,RE,559,559,559
1560,9:59,10:34,16/08/2024,1 Charing Cross Plaza,V,57491 Tennessee Trail,PR,560,560,560
1561,18:44,2:48,12/10/2024,683 Buena Vista Plaza,P,919 Hoffman Road,PR,561,561,561
1562,19:56,14:46,17/08/2024,6 Nancy Avenue,P,25711 Armistice Park,PR,562,562,562
1563,21:05,19:10,30/04/2024,2 Dwight Alley,V,1277 Havey Trail,RE,563,563,563
1564,10:58,3:48,16/04/2025,6214 Beilfuss Center,P,837 Sunnyside Center,RE,564,564,564
1565,12:06,11:29,24/12/2024,5910 Ronald Regan Way,V,8574 Tony Terrace,PR,565,565,565
1566,1:04,12:29,22/02/2025,6891 Northland Alley,P,11196 Mesta Center,PR,566,566,566
1567,18:22,21:16,14/06/2024,66560 Manitowish Center,P,08038 Bellgrove Point,PR,567,567,567
1568,16:06,6:41,08/05/2024,13 Steensland Junction,V,3673 Sunfield Park,CA,568,568,568
1569,6:46,14:06,07/06/2024,0653 Oneill Center,P,1 Graedel Drive,RE,569,569,569
1570,22:40,9:20,09/02/2025,341 Norway Maple Road,P,74 Marcy Center,RE,570,570,570
1571,22:39,23:34,08/08/2024,5 Melody Pass,P,12 Banding Way,RE,571,571,571
1572,18:12,6:51,08/01/2025,9864 Butternut Alley,P,58 Golden Leaf Terrace,PR,572,572,572
1573,22:47,8:36,07/07/2024,82 Lillian Way,V,3 Bultman Pass,PR,573,573,573
1574,4:30,2:46,28/07/2024,4310 Toban Crossing,V,9122 Clove Circle,PR,574,574,574
1575,4:16,12:00,25/10/2024,202 Magdeline Crossing,P,040 Iowa Trail,PR,575,575,575
1576,9:57,4:51,13/08/2024,455 Butternut Avenue,P,033 Sutteridge Pass,CA,576,576,576
1577,16:57,2:45,03/07/2024,100 Hermina Hill,V,91911 Donald Drive,PR,577,577,577
1578,18:39,2:08,15/08/2024,1270 Boyd Crossing,P,81 Pepper Wood Place,CA,578,578,578
1579,5:55,21:23,13/11/2024,6 Porter Trail,V,9721 Mallory Center,CA,579,579,579
1580,11:53,23:43,20/03/2025,75 Dottie Trail,P,01 Ronald Regan Terrace,PR,580,580,580
1581,3:13,9:06,22/05/2024,2 Mockingbird Court,P,892 Aberg Way,PR,581,581,581
1582,6:31,3:01,09/04/2025,2 Sage Trail,V,22409 New Castle Place,CA,582,582,582
1583,15:58,23:25,07/11/2024,563 Longview Avenue,P,89 Shopko Road,CA,583,583,583
1584,1:48,19:34,31/12/2024,2384 Maryland Circle,P,14346 Knutson Avenue,PR,584,584,584
1585,7:59,9:00,29/12/2024,5852 Dahle Trail,P,7698 Eagan Street,CA,585,585,585
1586,14:30,6:50,10/11/2024,68976 Sugar Avenue,V,46223 Rutledge Court,RE,586,586,586
1587,3:54,19:10,18/03/2025,19 Cottonwood Point,P,5218 Fuller Crossing,RE,587,587,587
1588,19:30,21:44,19/06/2024,95 Barby Pass,P,920 Golf Course Court,RE,588,588,588
1589,7:30,17:14,15/03/2025,78 Marcy Junction,V,2 Blackbird Hill,CA,589,589,589
1590,6:24,5:56,25/03/2025,78 Jana Crossing,V,80 Morrow Junction,PR,590,590,590
1591,12:47,23:46,18/01/2025,62923 Hovde Trail,V,648 Bellgrove Way,CA,591,591,591
1592,19:34,11:34,27/07/2024,5 Red Cloud Circle,V,5 Golf Terrace,PR,592,592,592
1593,20:48,0:34,12/02/2025,1262 Red Cloud Parkway,P,2167 Waubesa Hill,CA,593,593,593
1594,17:47,6:42,17/02/2025,02165 Morrow Crossing,P,60957 Shelley Crossing,CA,594,594,594
1595,7:50,23:42,30/01/2025,1 Lillian Street,V,073 Pierstorff Trail,RE,595,595,595
1596,10:54,8:56,26/02/2025,78955 Mayfield Park,V,10503 Southridge Terrace,CA,596,596,596
1597,21:35,7:31,06/12/2024,411 Haas Parkway,P,88492 Packers Junction,PR,597,597,597
1598,1:14,9:18,28/03/2025,04826 Arizona Drive,P,8 Kennedy Avenue,PR,598,598,598
1599,11:31,4:20,22/07/2024,0042 Hazelcrest Pass,V,6510 Vahlen Alley,PR,599,599,599
1600,7:03,5:07,10/03/2025,1746 Manitowish Way,V,989 Novick Pass,RE,600,600,600
1601,14:49,2:34,26/01/2025,1285 Novick Park,P,63670 Northview Point,RE,601,601,601
1602,3:15,9:58,11/12/2024,46934 Bashford Court,V,14426 Forest Run Pass,CA,602,602,602
1603,16:09,0:52,14/07/2024,468 Browning Court,V,8 Fairview Center,CA,603,603,603
1604,18:54,11:04,15/06/2024,008 Eastlawn Point,V,2680 Wayridge Crossing,RE,604,604,604
1605,21:04,12:00,30/05/2024,40 Laurel Junction,P,7 Hayes Street,RE,605,605,605
1606,3:41,8:04,20/02/2025,496 Sauthoff Avenue,V,3 Leroy Court,CA,606,606,606
1607,21:05,20:49,06/10/2024,5157 Springs Pass,V,2723 Mockingbird Circle,RE,607,607,607
1608,19:27,15:20,08/09/2024,2 Ryan Park,V,446 Delladonna Point,PR,608,608,608
1609,5:47,16:30,23/08/2024,72 Burrows Court,P,425 Elka Place,CA,609,609,609
1610,23:51,23:57,29/01/2025,10921 Mcguire Terrace,P,090 North Street,CA,610,610,610
1611,13:43,3:32,25/09/2024,06396 Westerfield Plaza,P,69 Annamark Avenue,PR,611,611,611
1612,10:45,23:40,22/06/2024,18 Ridge Oak Trail,V,582 Sommers Park,PR,612,612,612
1613,17:56,18:40,09/01/2025,690 Sloan Park,V,8842 Maryland Crossing,RE,613,613,613
1614,10:02,14:21,31/07/2024,0728 Swallow Parkway,V,66 Sycamore Alley,RE,614,614,614
1615,12:01,23:20,15/02/2025,61713 4th Way,V,195 Nancy Point,CA,615,615,615
1616,21:46,22:23,14/03/2025,2431 Rigney Place,P,4377 Fair Oaks Parkway,PR,616,616,616
1617,22:01,3:28,02/08/2024,627 Garrison Road,P,077 Sutherland Center,PR,617,617,617
1618,23:13,3:21,02/02/2025,13529 School Court,P,6 Hanson Way,PR,618,618,618
1619,17:23,17:48,16/05/2024,00851 Carey Junction,P,8653 New Castle Lane,PR,619,619,619
1620,9:32,20:59,25/09/2024,164 Mayfield Pass,V,41 Ronald Regan Pass,RE,620,620,620
1621,13:14,5:26,05/01/2025,1 Arrowood Place,P,87920 Union Drive,RE,621,621,621
1622,13:26,23:10,29/07/2024,12 Kropf Lane,P,078 Buhler Court,RE,622,622,622
1623,7:59,1:09,03/09/2024,6 1st Plaza,V,886 Prairieview Pass,RE,623,623,623
1624,11:46,16:06,02/09/2024,780 Killdeer Court,V,97 Pennsylvania Lane,RE,624,624,624
1625,15:08,23:55,29/03/2025,5 Heath Drive,P,124 Spenser Crossing,RE,625,625,625
1626,20:47,11:18,12/03/2025,88212 Dexter Pass,V,1043 Grayhawk Parkway,RE,626,626,626
1627,5:36,2:25,24/01/2025,5933 Ryan Pass,V,48365 Dahle Terrace,RE,627,627,627
1628,6:47,17:15,10/11/2024,3455 Blackbird Drive,P,35320 Logan Center,CA,628,628,628
1629,4:05,15:59,23/12/2024,70 Onsgard Lane,P,47218 Mendota Crossing,RE,629,629,629
1630,13:42,21:44,19/05/2024,9913 Northridge Junction,V,792 Memorial Drive,RE,630,630,630
1631,13:27,5:57,09/09/2024,50 Pepper Wood Court,P,1 Towne Lane,CA,631,631,631
1632,23:24,4:34,05/08/2024,0 Jay Circle,V,2 Daystar Center,CA,632,632,632
1633,19:42,5:21,11/11/2024,9 New Castle Junction,V,073 Artisan Road,RE,633,633,633
1634,21:14,12:58,12/12/2024,7 Sommers Point,V,345 Talmadge Junction,RE,634,634,634
1635,3:43,14:42,04/11/2024,2 Fieldstone Terrace,P,053 Debra Trail,RE,635,635,635
1636,6:42,11:08,26/02/2025,3007 Center Place,V,94025 Scott Trail,RE,636,636,636
1637,18:29,21:04,24/08/2024,325 Forest Place,P,41971 Caliangt Trail,CA,637,637,637
1638,15:53,19:27,28/12/2024,7 Manley Junction,P,31 Lakewood Street,CA,638,638,638
1639,8:39,15:28,26/06/2024,8 Stuart Pass,P,50359 Northview Way,CA,639,639,639
1640,10:35,17:06,16/07/2024,05 Springs Terrace,V,9952 Stang Way,PR,640,640,640
1641,8:25,22:38,02/08/2024,4817 Mitchell Trail,V,863 Walton Road,CA,641,641,641
1642,22:57,19:27,17/07/2024,706 Hauk Center,P,296 Jana Circle,PR,642,642,642
1643,1:03,22:47,13/03/2025,28 Eastwood Park,P,17 Dwight Avenue,CA,643,643,643
1644,7:43,0:29,25/03/2025,8215 Sauthoff Way,V,4440 Corry Crossing,CA,644,644,644
1645,6:23,15:46,23/03/2025,505 Mifflin Way,P,28 Roxbury Trail,PR,645,645,645
1646,19:52,4:55,29/04/2025,17674 Bashford Drive,V,0428 Manufacturers Park,CA,646,646,646
1647,9:38,11:39,10/09/2024,2066 Cascade Park,P,2856 Summit Court,PR,647,647,647
1648,23:16,2:16,22/09/2024,55 Nelson Hill,P,30 Memorial Alley,CA,648,648,648
1649,0:14,5:10,31/07/2024,394 Eagan Trail,P,9 Fuller Court,PR,649,649,649
1650,7:22,13:13,08/10/2024,45 Melody Avenue,V,556 Bartelt Lane,PR,650,650,650
1651,20:39,9:41,14/06/2024,276 Rieder Junction,P,083 Golden Leaf Crossing,CA,651,651,651
1652,19:16,20:27,23/11/2024,87 Redwing Place,P,4 Dayton Lane,PR,652,652,652
1653,13:25,8:11,09/07/2024,85 Village Green Lane,P,1141 Lotheville Parkway,PR,653,653,653
1654,5:09,13:52,27/03/2025,72611 Laurel Place,P,42 Village Alley,CA,654,654,654
1655,4:19,7:17,25/05/2024,6442 Green Street,P,82 Elka Parkway,CA,655,655,655
1656,1:40,18:15,24/08/2024,3 Gerald Drive,P,42 Marquette Place,RE,656,656,656
1657,5:52,10:44,28/07/2024,008 Vahlen Alley,P,50 Sheridan Trail,PR,657,657,657
1658,1:26,11:11,28/09/2024,7251 School Plaza,V,0903 Pond Court,RE,658,658,658
1659,13:58,17:07,06/08/2024,0255 Starling Crossing,V,0544 Forster Road,RE,659,659,659
1660,9:36,19:08,02/12/2024,98 Golden Leaf Drive,V,0624 Milwaukee Circle,RE,660,660,660
1661,23:22,23:17,24/04/2025,7 Miller Hill,P,1 Crowley Junction,RE,661,661,661
1662,4:56,13:03,08/06/2024,4221 Scofield Place,V,161 Roth Lane,RE,662,662,662
1663,1:38,21:58,02/12/2024,36507 Ruskin Parkway,V,32508 Grover Court,RE,663,663,663
1664,0:35,22:45,29/12/2024,8 Declaration Place,P,3 Havey Trail,PR,664,664,664
1665,8:33,1:22,30/01/2025,27 Veith Avenue,P,9796 Porter Trail,PR,665,665,665
1666,22:50,4:59,05/05/2024,7 East Parkway,V,933 High Crossing Pass,PR,666,666,666
1667,22:12,23:10,25/08/2024,3 3rd Crossing,P,506 Coleman Lane,RE,667,667,667
1668,8:38,18:24,18/04/2025,3396 Cody Street,P,53 Lerdahl Circle,PR,668,668,668
1669,6:17,19:10,30/09/2024,71 Morningstar Circle,P,1 Fremont Way,CA,669,669,669
1670,4:40,20:09,01/07/2024,2484 Dovetail Center,V,141 Evergreen Pass,RE,670,670,670
1671,0:31,19:38,19/03/2025,71884 Lakeland Circle,V,6 Derek Center,CA,671,671,671
1672,19:09,11:18,30/03/2025,6646 Magdeline Plaza,P,4233 Rutledge Pass,RE,672,672,672
1673,12:35,12:50,11/01/2025,43 Fisk Point,P,78 Lien Lane,PR,673,673,673
1674,9:07,14:14,25/03/2025,5 Florence Parkway,V,2 Eastwood Point,CA,674,674,674
1675,2:27,6:26,11/04/2025,30606 Ridge Oak Terrace,P,512 Reinke Street,CA,675,675,675
1676,8:51,3:48,12/04/2025,718 Calypso Lane,P,84 Onsgard Crossing,RE,676,676,676
1677,6:17,14:28,11/10/2024,10 Scoville Parkway,P,39 Fordem Place,CA,677,677,677
1678,0:07,18:10,26/12/2024,282 Elka Park,V,92 Forest Dale Pass,RE,678,678,678
1679,22:02,15:41,20/06/2024,1369 Steensland Hill,V,25333 Porter Junction,PR,679,679,679
1680,4:45,18:58,30/05/2024,1 Sommers Lane,P,62 Reindahl Drive,CA,680,680,680
1681,9:16,23:49,15/03/2025,8 Hermina Place,P,523 Melby Point,CA,681,681,681
1682,10:58,7:22,15/05/2024,3 Mayer Court,P,4963 Heffernan Way,CA,682,682,682
1683,5:29,10:25,13/04/2025,90 Vermont Parkway,V,2229 Hudson Park,RE,683,683,683
1684,12:21,21:13,16/11/2024,4578 Jackson Hill,V,31667 Thompson Avenue,PR,684,684,684
1685,22:38,3:41,14/12/2024,7 Mosinee Center,V,515 Springs Alley,RE,685,685,685
1686,6:24,4:19,31/01/2025,51120 Muir Terrace,P,015 Jay Place,CA,686,686,686
1687,1:39,17:42,03/02/2025,5 Texas Crossing,V,7963 Magdeline Pass,PR,687,687,687
1688,13:40,5:44,18/01/2025,36916 Burning Wood Junction,V,107 Sugar Trail,PR,688,688,688
1689,11:55,13:49,04/01/2025,210 Talmadge Hill,P,9178 Maple Wood Road,PR,689,689,689
1690,8:52,12:13,08/03/2025,60727 Almo Way,P,97636 Upham Circle,RE,690,690,690
1691,8:46,19:45,08/07/2024,2294 Rutledge Pass,P,77 Sullivan Avenue,PR,691,691,691
1692,4:22,8:04,04/10/2024,6612 Luster Park,P,92387 Superior Street,CA,692,692,692
1693,0:37,13:41,06/05/2024,05637 Armistice Plaza,V,4621 Coleman Hill,CA,693,693,693
1694,8:02,11:03,31/12/2024,2 Longview Parkway,V,2625 Tennessee Hill,PR,694,694,694
1695,5:20,9:54,28/07/2024,4430 Ruskin Point,V,38313 Miller Plaza,PR,695,695,695
1696,19:27,15:32,23/11/2024,39 Hayes Place,P,2916 Transport Trail,PR,696,696,696
1697,8:03,9:14,19/08/2024,4826 Maple Wood Street,P,98951 Blackbird Street,CA,697,697,697
1698,11:35,4:53,08/06/2024,83682 Blaine Trail,V,09 7th Lane,RE,698,698,698
1699,21:26,10:28,09/09/2024,078 Loeprich Hill,V,3 Dorton Road,RE,699,699,699
1700,7:23,18:57,18/06/2024,75958 Mendota Road,P,706 Milwaukee Point,RE,700,700,700
1701,5:19,3:59,01/12/2024,506 Anthes Pass,V,7462 Oakridge Way,PR,701,701,701
1702,6:31,17:30,31/03/2025,0551 Oak Terrace,P,2451 Hoffman Lane,RE,702,702,702
1703,16:38,3:35,31/12/2024,80096 Bluestem Parkway,P,70 Nobel Way,CA,703,703,703
1704,8:37,1:56,13/05/2024,43 Sunfield Pass,V,78 Fremont Parkway,CA,704,704,704
1705,14:01,6:57,11/03/2025,1083 Bultman Avenue,V,81 Westridge Junction,CA,705,705,705
1706,12:55,7:14,24/04/2025,4871 Stang Terrace,P,28 Independence Point,PR,706,706,706
1707,0:40,3:15,16/09/2024,100 Bartillon Hill,V,76 1st Parkway,RE,707,707,707
1708,3:38,3:14,17/06/2024,3 Melby Street,V,3008 Browning Court,CA,708,708,708
1709,0:25,10:42,27/12/2024,443 Sachtjen Street,P,13 Hintze Hill,PR,709,709,709
1710,15:13,18:30,19/07/2024,93154 Cody Center,P,9 Sherman Avenue,RE,710,710,710
1711,9:58,2:51,01/01/2025,16464 Blaine Lane,P,939 Sutteridge Park,CA,711,711,711
1712,2:52,16:11,28/10/2024,36 Loeprich Pass,V,353 Lien Drive,PR,712,712,712
1713,4:19,16:07,12/12/2024,45862 Cardinal Hill,V,087 Gateway Plaza,RE,713,713,713
1714,2:07,4:07,08/05/2024,5521 Cody Crossing,P,63246 Melby Drive,CA,714,714,714
1715,6:17,22:20,02/01/2025,59177 Cottonwood Point,V,03949 Cambridge Center,PR,715,715,715
1716,21:01,22:22,06/10/2024,65 Spohn Court,P,53763 Hudson Drive,RE,716,716,716
1717,23:08,0:48,15/08/2024,1304 Laurel Place,P,29827 Mosinee Terrace,PR,717,717,717
1718,7:24,23:50,31/12/2024,879 2nd Drive,P,116 Jenifer Park,CA,718,718,718
1719,23:27,16:27,21/07/2024,95 Ludington Drive,P,73 Lien Plaza,CA,719,719,719
1720,23:42,13:53,10/10/2024,11699 Forest Run Place,P,44750 Manley Point,RE,720,720,720
1721,23:32,11:50,25/03/2025,13 Roxbury Point,V,03391 Walton Hill,CA,721,721,721
1722,0:13,9:05,10/12/2024,8323 Johnson Court,P,25283 Ryan Pass,RE,722,722,722
1723,21:26,2:36,27/12/2024,743 Village Green Lane,V,60 Nova Terrace,CA,723,723,723
1724,0:37,7:10,14/04/2025,2 Lindbergh Park,V,3 Pankratz Point,PR,724,724,724
1725,3:13,8:16,25/08/2024,6514 Elgar Pass,V,50358 Debra Center,CA,725,725,725
1726,14:32,2:56,17/05/2024,72 Laurel Point,V,1396 Stone Corner Alley,RE,726,726,726
1727,18:46,13:13,08/04/2025,31320 Fallview Way,V,70 Ridge Oak Street,PR,727,727,727
1728,7:33,0:33,18/05/2024,0 Golden Leaf Junction,P,27964 Golf Course Junction,PR,728,728,728
1729,8:54,5:19,06/11/2024,461 Melby Center,V,57 Bunting Point,RE,729,729,729
1730,16:17,12:45,15/10/2024,0 Debra Place,V,6 Sunfield Alley,RE,730,730,730
1731,13:36,16:21,30/01/2025,71 Stone Corner Street,P,48 Crownhardt Terrace,RE,731,731,731
1732,8:55,8:50,01/10/2024,01518 Luster Center,V,9 Jackson Street,RE,732,732,732
1733,16:53,14:40,05/11/2024,53393 Eastwood Pass,P,86727 Division Street,CA,733,733,733
1734,17:49,8:51,27/02/2025,2107 Milwaukee Court,P,34 Schlimgen Parkway,RE,734,734,734
1735,22:18,19:46,16/08/2024,47 Village Road,V,642 Bultman Plaza,CA,735,735,735
1736,4:35,1:55,23/06/2024,28 Laurel Parkway,P,1 Grover Center,PR,736,736,736
1737,11:55,18:54,27/08/2024,2 Lotheville Avenue,P,26 Dryden Junction,CA,737,737,737
1738,21:35,9:40,03/02/2025,248 Montana Parkway,V,07318 Kensington Hill,CA,738,738,738
1739,4:02,11:48,12/12/2024,69 Straubel Avenue,P,05399 Sutherland Place,RE,739,739,739
1740,14:15,12:15,19/12/2024,8 Beilfuss Park,V,11 Bunker Hill Alley,PR,740,740,740
1741,20:55,5:03,09/11/2024,4910 Delladonna Road,P,9490 International Center,RE,741,741,741
1742,4:56,19:48,11/12/2024,0854 Debra Crossing,V,750 7th Lane,RE,742,742,742
1743,3:13,7:34,27/11/2024,36 Trailsway Road,V,4553 Vera Road,RE,743,743,743
1744,13:35,18:03,08/10/2024,26 Trailsway Court,V,06 Stephen Way,CA,744,744,744
1745,5:00,7:13,10/11/2024,481 Stone Corner Lane,V,2 Bunker Hill Court,PR,745,745,745
1746,11:54,15:00,14/02/2025,684 Vermont Circle,P,7624 Sutteridge Avenue,RE,746,746,746
1747,0:45,14:53,08/04/2025,141 Esker Crossing,V,431 Sunbrook Road,RE,747,747,747
1748,3:17,17:24,26/06/2024,92752 Twin Pines Drive,P,838 Fremont Point,RE,748,748,748
1749,2:47,23:26,11/12/2024,493 Lukken Alley,P,625 Fremont Lane,CA,749,749,749
1750,22:45,22:02,31/10/2024,6675 Homewood Avenue,P,04 Steensland Parkway,RE,750,750,750
1751,18:29,3:02,27/11/2024,4707 Colorado Court,V,1 Saint Paul Court,PR,751,751,751
1752,6:17,5:33,15/11/2024,0 Mayer Point,V,090 Farragut Court,RE,752,752,752
1753,10:14,3:25,05/10/2024,21415 Blue Bill Park Point,V,919 Havey Pass,RE,753,753,753
1754,5:43,2:30,05/08/2024,4334 Charing Cross Drive,P,5 Rigney Crossing,RE,754,754,754
1755,10:52,1:52,28/12/2024,1 Marquette Trail,V,6220 Hoffman Pass,CA,755,755,755
1756,19:25,22:11,28/04/2025,794 Colorado Street,P,72776 Southridge Park,CA,756,756,756
1757,6:02,5:36,11/09/2024,13 Nobel Road,V,96720 Nelson Center,CA,757,757,757
1758,8:37,1:03,17/11/2024,4 Elgar Park,V,15 Hayes Alley,RE,758,758,758
1759,1:00,6:08,30/04/2024,955 Dwight Terrace,V,66 Paget Lane,RE,759,759,759
1760,21:31,1:53,04/08/2024,4981 Schlimgen Alley,P,108 Westridge Crossing,PR,760,760,760
1761,18:42,0:39,31/08/2024,35600 Petterle Trail,V,6 Luster Avenue,PR,761,761,761
1762,8:13,9:42,06/03/2025,12509 2nd Place,V,698 Karstens Road,RE,762,762,762
1763,12:32,23:49,08/08/2024,50633 Becker Park,P,24 Saint Paul Drive,PR,763,763,763
1764,1:39,17:34,07/12/2024,228 Gateway Hill,V,25029 Spenser Pass,RE,764,764,764
1765,7:54,9:27,07/10/2024,082 Golden Leaf Drive,V,281 Northfield Drive,CA,765,765,765
1766,14:28,14:25,08/03/2025,83 Hoffman Drive,V,529 Coleman Plaza,PR,766,766,766
1767,1:13,18:34,04/08/2024,16699 Autumn Leaf Crossing,P,6843 Colorado Park,RE,767,767,767
1768,17:51,1:40,22/10/2024,10268 Jenna Circle,P,56294 Golden Leaf Court,RE,768,768,768
1769,22:33,18:17,02/04/2025,09 Sullivan Court,P,7211 Lighthouse Bay Circle,RE,769,769,769
1770,0:48,12:46,15/04/2025,0 Bobwhite Crossing,V,16795 Sunnyside Point,RE,770,770,770
1771,15:21,2:53,07/05/2024,68583 Crowley Road,V,133 Garrison Road,RE,771,771,771
1772,23:00,5:43,05/01/2025,79 Hazelcrest Crossing,P,29751 Oneill Alley,PR,772,772,772
1773,17:28,19:17,08/11/2024,294 Meadow Ridge Way,P,04 Bluejay Lane,PR,773,773,773
1774,23:08,14:18,05/03/2025,3388 Rutledge Trail,P,14 Debs Hill,RE,774,774,774
1775,15:07,1:53,01/07/2024,1386 Lillian Court,V,2 Clarendon Court,RE,775,775,775
1776,5:26,3:52,30/07/2024,2 Hoffman Hill,V,2 Cambridge Crossing,RE,776,776,776
1777,15:01,0:26,04/09/2024,2750 Messerschmidt Center,V,77 Bluejay Circle,RE,777,777,777
1778,21:21,9:50,26/09/2024,1 Anthes Parkway,P,9230 Derek Street,PR,778,778,778
1779,9:36,5:52,27/11/2024,4255 Ridge Oak Junction,V,900 Dayton Way,PR,779,779,779
1780,1:43,19:09,07/08/2024,6106 Carioca Circle,V,9 Tony Point,CA,780,780,780
1781,17:38,0:31,29/10/2024,22 Moulton Place,V,012 Hayes Lane,RE,781,781,781
1782,0:17,18:16,07/10/2024,96 Clemons Drive,V,5800 John Wall Terrace,RE,782,782,782
1783,19:21,10:05,13/01/2025,085 Derek Plaza,P,83783 Hanover Way,RE,783,783,783
1784,3:52,11:17,04/03/2025,1018 Barnett Road,P,70771 Esch Street,CA,784,784,784
1785,8:47,8:04,09/04/2025,502 Mcguire Crossing,V,0 Kipling Terrace,CA,785,785,785
1786,11:46,0:37,11/09/2024,596 Pond Street,P,513 Killdeer Parkway,PR,786,786,786
1787,17:11,13:14,06/04/2025,1795 Welch Plaza,V,6 Claremont Park,PR,787,787,787
1788,8:12,3:57,05/05/2024,4 Vahlen Street,P,366 Crowley Pass,PR,788,788,788
1789,15:03,3:10,23/03/2025,70 Holmberg Center,V,3732 Schlimgen Pass,PR,789,789,789
1790,8:34,0:27,25/10/2024,63096 Vernon Drive,P,9 Thierer Pass,RE,790,790,790
1791,1:15,20:29,29/12/2024,07 Sutteridge Place,P,26604 Eggendart Road,CA,791,791,791
1792,10:05,5:51,29/05/2024,745 Clove Circle,P,3376 Stuart Center,CA,792,792,792
1793,9:43,21:36,30/08/2024,3 Kingsford Park,P,257 Walton Center,RE,793,793,793
1794,6:09,21:44,28/08/2024,79 Mifflin Circle,V,71 High Crossing Street,PR,794,794,794
1795,7:34,13:42,13/02/2025,83 Mayer Avenue,P,7085 Mosinee Drive,PR,795,795,795
1796,19:22,3:44,02/10/2024,940 Doe Crossing Terrace,P,1012 Dixon Road,CA,796,796,796
1797,23:18,4:35,15/08/2024,75870 Canary Lane,V,8576 Dottie Junction,PR,797,797,797
1798,5:22,16:39,13/12/2024,153 Green Trail,P,19639 Sunfield Lane,CA,798,798,798
1799,0:24,6:40,12/09/2024,561 Lien Parkway,P,6 Pankratz Pass,RE,799,799,799
1800,12:02,18:15,13/04/2025,0242 Fairview Crossing,V,7707 Lindbergh Parkway,RE,800,800,800
1801,10:06,2:39,29/10/2024,349 Mockingbird Street,V,03553 Veith Plaza,PR,801,801,801
1802,21:08,0:38,08/12/2024,8 La Follette Point,V,1103 Laurel Place,PR,802,802,802
1803,22:55,5:02,27/01/2025,8 Claremont Court,V,494 Luster Crossing,RE,803,803,803
1804,8:15,5:20,14/05/2024,1402 Independence Road,P,8 Summit Point,CA,804,804,804
1805,11:46,10:52,05/09/2024,773 Schmedeman Lane,P,4937 Ronald Regan Hill,RE,805,805,805
1806,3:39,21:40,29/10/2024,40392 Scott Lane,V,4 Fisk Avenue,PR,806,806,806
1807,20:37,7:33,25/02/2025,71509 Kennedy Junction,P,8 Dovetail Crossing,CA,807,807,807
1808,1:11,14:59,01/10/2024,206 Nelson Way,P,43 Hanover Circle,PR,808,808,808
1809,16:14,22:02,14/06/2024,9566 Lakewood Plaza,P,2156 Mifflin Way,RE,809,809,809
1810,15:07,11:24,01/09/2024,0863 Westport Terrace,P,41 Coolidge Place,PR,810,810,810
1811,22:16,23:19,30/07/2024,009 Victoria Lane,P,1 Comanche Drive,CA,811,811,811
1812,17:12,5:04,30/09/2024,45987 Melvin Street,V,163 Glacier Hill Crossing,PR,812,812,812
1813,17:12,15:35,16/06/2024,1035 Oriole Avenue,V,1 Hermina Road,RE,813,813,813
1814,17:40,7:12,19/12/2024,0768 Schurz Point,P,919 Pawling Hill,RE,814,814,814
1815,1:24,18:50,04/08/2024,451 Claremont Road,V,5 Vernon Alley,PR,815,815,815
1816,7:03,17:24,25/03/2025,37 Shopko Lane,V,93 Northwestern Center,CA,816,816,816
1817,17:16,22:36,06/07/2024,26 Eagan Avenue,P,558 Erie Park,CA,817,817,817
1818,20:57,3:54,08/02/2025,10096 Esch Lane,P,782 Sunnyside Parkway,RE,818,818,818
1819,17:35,10:30,15/02/2025,61146 Golf View Court,V,631 Sauthoff Circle,CA,819,819,819
1820,21:05,20:37,21/03/2025,74 Sundown Circle,V,695 Maywood Trail,PR,820,820,820
1821,19:22,16:43,15/02/2025,7 Carberry Road,V,2044 Union Center,CA,821,821,821
1822,20:46,17:40,26/05/2024,8247 Novick Point,P,60 Arapahoe Parkway,PR,822,822,822
1823,11:07,10:17,16/05/2024,1239 Warbler Point,P,136 Buhler Trail,CA,823,823,823
1824,11:16,3:39,05/08/2024,50907 Kropf Park,P,9 School Crossing,PR,824,824,824
1825,23:54,23:17,28/05/2024,8125 Summit Street,V,062 Miller Drive,RE,825,825,825
1826,13:38,15:57,06/01/2025,46162 Lawn Crossing,V,79 Loeprich Road,CA,826,826,826
1827,7:56,8:16,14/04/2025,46 Holy Cross Pass,V,19 Orin Trail,RE,827,827,827
1828,21:19,20:46,09/04/2025,3 Northwestern Center,V,514 Loeprich Terrace,CA,828,828,828
1829,0:50,0:14,25/03/2025,461 Hoard Street,V,18611 Center Court,PR,829,829,829
1830,5:14,18:05,04/08/2024,7 Aberg Center,P,35799 Emmet Way,PR,830,830,830
1831,20:13,5:33,15/01/2025,919 Orin Plaza,P,57509 Oakridge Park,PR,831,831,831
1832,16:59,22:27,06/03/2025,57626 Heath Terrace,P,76 Sachs Circle,PR,832,832,832
1833,8:21,9:44,06/05/2024,777 Crescent Oaks Parkway,P,69994 Truax Road,CA,833,833,833
1834,19:54,1:17,20/02/2025,654 Harper Pass,V,11258 Pawling Junction,PR,834,834,834
1835,12:33,14:30,28/09/2024,5 Gale Plaza,V,5104 Oak Park,RE,835,835,835
1836,21:33,19:28,30/11/2024,96 Fordem Plaza,V,82 Almo Pass,CA,836,836,836
1837,21:43,15:27,13/09/2024,03077 Dwight Trail,P,7 Troy Point,PR,837,837,837
1838,14:59,10:43,29/12/2024,8 Waywood Parkway,V,568 Banding Avenue,CA,838,838,838
1839,5:57,22:46,09/10/2024,0283 Forest Avenue,P,5 Carpenter Avenue,PR,839,839,839
1840,1:02,21:24,09/08/2024,5 Beilfuss Plaza,V,31 Nobel Street,CA,840,840,840
1841,22:45,11:18,25/11/2024,9 Nova Avenue,P,881 Straubel Court,PR,841,841,841
1842,22:42,22:47,19/08/2024,7 Bay Circle,P,97 Kingsford Circle,CA,842,842,842
1843,19:15,21:08,20/05/2024,80 Bunker Hill Road,P,520 Sutherland Alley,CA,843,843,843
1844,21:18,7:42,14/02/2025,0 Bartelt Terrace,V,0 Grim Terrace,RE,844,844,844
1845,11:48,6:59,28/03/2025,2679 Independence Alley,V,26 Lunder Park,CA,845,845,845
1846,4:03,22:50,08/05/2024,2 Evergreen Road,V,5513 Maywood Crossing,PR,846,846,846
1847,14:01,23:11,30/07/2024,62 5th Circle,V,44110 Granby Alley,PR,847,847,847
1848,18:38,22:46,23/01/2025,8 Golf View Hill,V,59 Welch Circle,PR,848,848,848
1849,4:49,12:28,29/09/2024,097 Vidon Hill,P,7859 Dryden Center,CA,849,849,849
1850,7:50,2:32,19/10/2024,53 Delladonna Court,P,649 Monica Lane,PR,850,850,850
1851,13:45,14:10,27/11/2024,994 Fordem Crossing,V,10 Hayes Pass,PR,851,851,851
1852,18:03,20:43,23/03/2025,80 Cardinal Lane,V,2932 4th Avenue,CA,852,852,852
1853,18:44,20:07,29/04/2025,2 Ronald Regan Center,P,1454 Kings Hill,CA,853,853,853
1854,8:46,22:08,11/08/2024,754 Troy Street,P,2577 Petterle Hill,RE,854,854,854
1855,11:59,16:44,05/09/2024,9 Quincy Pass,V,463 Vahlen Point,RE,855,855,855
1856,7:36,5:49,02/05/2024,287 Pennsylvania Pass,P,667 Melby Street,CA,856,856,856
1857,22:37,13:59,09/06/2024,12 Hoffman Lane,P,3 Forster Avenue,CA,857,857,857
1858,1:08,2:09,19/06/2024,3577 Summerview Court,P,89807 Sachtjen Street,RE,858,858,858
1859,20:12,8:00,08/08/2024,503 Meadow Vale Place,P,64 Truax Place,PR,859,859,859
1860,21:03,21:11,26/10/2024,47562 Vahlen Drive,P,232 1st Street,PR,860,860,860
1861,21:18,16:50,11/05/2024,25006 Mcbride Road,P,8 Bonner Lane,PR,861,861,861
1862,23:40,8:15,29/01/2025,82 Namekagon Street,V,5707 Bartillon Center,CA,862,862,862
1863,3:51,12:08,13/04/2025,5054 Golden Leaf Court,V,5 Talisman Parkway,RE,863,863,863
1864,19:45,8:18,26/08/2024,43 Paget Avenue,P,75 Melby Place,PR,864,864,864
1865,13:29,13:09,01/03/2025,01 Hallows Parkway,V,76349 Ronald Regan Center,PR,865,865,865
1866,14:46,18:58,02/03/2025,0016 Westerfield Circle,V,64 Clyde Gallagher Hill,PR,866,866,866
1867,11:20,11:59,13/01/2025,269 Schlimgen Court,V,9 Nova Avenue,PR,867,867,867
1868,8:01,19:36,25/09/2024,283 Northview Junction,V,3 Graceland Crossing,RE,868,868,868
1869,8:46,15:20,16/04/2025,77275 Amoth Park,V,6230 Grim Road,RE,869,869,869
1870,12:23,20:15,26/07/2024,45 Luster Terrace,V,8005 Holy Cross Parkway,RE,870,870,870
1871,15:28,8:12,04/04/2025,15 Glendale Road,V,04122 Goodland Court,CA,871,871,871
1872,12:55,2:31,13/11/2024,199 Novick Hill,P,7 Talmadge Terrace,RE,872,872,872
1873,10:48,22:13,30/09/2024,71610 Lukken Point,V,610 Commercial Plaza,CA,873,873,873
1874,22:10,20:33,11/08/2024,13180 Arapahoe Junction,P,5 Briar Crest Plaza,CA,874,874,874
1875,15:26,20:44,08/11/2024,80557 Spenser Court,V,8 Forest Run Court,PR,875,875,875
1876,4:01,15:28,14/09/2024,09475 East Court,P,17 Stone Corner Point,RE,876,876,876
1877,9:12,17:04,03/10/2024,2 Rutledge Parkway,V,36 Kinsman Hill,RE,877,877,877
1878,3:58,20:40,08/09/2024,9 Sutherland Hill,V,9 Macpherson Court,RE,878,878,878
1879,13:00,11:09,25/05/2024,65507 Di Loreto Court,P,0789 Moland Court,PR,879,879,879
1880,19:04,17:25,10/05/2024,339 5th Junction,P,32 Drewry Trail,CA,880,880,880
1881,5:59,5:35,16/02/2025,5 Dakota Court,V,0262 Sloan Avenue,CA,881,881,881
1882,3:43,4:35,18/02/2025,62191 Bobwhite Terrace,V,2422 Ridgeview Lane,RE,882,882,882
1883,19:06,7:42,10/09/2024,4284 Huxley Place,P,56 Granby Trail,CA,883,883,883
1884,14:55,12:11,13/12/2024,93 Butternut Center,V,1993 Butterfield Trail,PR,884,884,884
1885,0:48,12:27,28/09/2024,9274 Village Pass,V,8 Main Terrace,RE,885,885,885
1886,5:15,8:57,24/12/2024,59571 Eastlawn Circle,P,12 Huxley Point,RE,886,886,886
1887,18:26,10:53,11/01/2025,8 New Castle Place,V,1232 Loftsgordon Point,CA,887,887,887
1888,14:22,3:51,30/08/2024,764 Hovde Plaza,V,8 Truax Alley,CA,888,888,888
1889,9:45,14:14,22/03/2025,03395 Basil Center,V,055 Harper Hill,PR,889,889,889
1890,8:16,20:19,03/11/2024,3758 Talmadge Place,V,93027 Ryan Center,CA,890,890,890
1891,22:49,17:11,14/06/2024,4 Lien Park,V,9537 Jenna Alley,PR,891,891,891
1892,2:03,21:07,12/12/2024,5 Mosinee Lane,P,29239 Coolidge Pass,RE,892,892,892
1893,7:00,4:52,17/04/2025,538 Lakewood Park,V,5372 Dixon Plaza,RE,893,893,893
1894,17:53,8:09,02/05/2024,15759 Raven Street,P,24661 Cardinal Point,PR,894,894,894
1895,11:00,17:00,31/05/2024,6 Sundown Terrace,V,2 Upham Terrace,RE,895,895,895
1896,20:45,21:04,12/01/2025,8 Pearson Alley,P,6400 Memorial Way,RE,896,896,896
1897,4:17,1:01,30/07/2024,0736 Bashford Trail,V,03 Colorado Terrace,PR,897,897,897
1898,6:41,4:15,06/03/2025,71624 Beilfuss Junction,V,908 Harper Hill,RE,898,898,898
1899,19:56,0:19,21/02/2025,95669 American Road,V,5571 Westport Hill,RE,899,899,899
1900,12:19,19:44,20/02/2025,34 Warrior Street,P,01 Manley Way,PR,900,900,900
1901,15:42,2:36,08/04/2025,65198 Sauthoff Circle,P,6 Buena Vista Street,RE,901,901,901
1902,14:25,15:18,18/10/2024,3321 Lindbergh Trail,P,681 Clyde Gallagher Plaza,RE,902,902,902
1903,3:39,22:23,21/11/2024,08 Fulton Drive,P,25 Maple Wood Junction,RE,903,903,903
1904,3:08,0:44,22/07/2024,306 Emmet Lane,P,69451 Loeprich Crossing,CA,904,904,904
1905,14:09,5:19,04/05/2024,0 Darwin Point,P,25 Onsgard Junction,CA,905,905,905
1906,9:00,6:23,20/06/2024,9397 Buena Vista Court,P,820 Aberg Circle,CA,906,906,906
1907,23:49,6:38,21/02/2025,27632 Dexter Hill,P,8 Badeau Court,RE,907,907,907
1908,23:29,16:20,08/11/2024,3 Vera Drive,P,3 Ohio Pass,CA,908,908,908
1909,13:59,0:48,24/06/2024,1853 Eagan Hill,P,6816 Sutherland Pass,CA,909,909,909
1910,9:53,1:02,16/02/2025,800 Forest Dale Crossing,V,8 Sloan Alley,CA,910,910,910
1911,0:52,10:02,06/01/2025,9592 Di Loreto Pass,P,128 Luster Pass,PR,911,911,911
1912,18:18,22:33,02/02/2025,927 Northwestern Circle,P,04 Anhalt Lane,PR,912,912,912
1913,3:15,6:08,06/01/2025,97432 Dixon Road,P,530 Oneill Parkway,PR,913,913,913
1914,16:56,8:04,11/03/2025,87 Merry Point,P,5 Fair Oaks Parkway,PR,914,914,914
1915,20:56,18:30,06/01/2025,2 Macpherson Crossing,V,50778 Laurel Street,PR,915,915,915
1916,0:31,16:34,02/05/2024,6 Towne Drive,V,231 Tony Road,PR,916,916,916
1917,10:48,12:42,19/09/2024,046 Golf View Point,P,4 Bonner Plaza,PR,917,917,917
1918,16:07,1:16,30/08/2024,11326 Cambridge Circle,P,6965 Becker Hill,RE,918,918,918
1919,14:18,17:46,16/09/2024,93929 Forest Run Court,P,00 Milwaukee Park,PR,919,919,919
1920,17:05,1:52,27/10/2024,24 Eastlawn Crossing,V,3856 Scoville Terrace,RE,920,920,920
1921,16:32,18:42,16/09/2024,282 Esch Way,V,3570 Old Shore Alley,CA,921,921,921
1922,12:15,13:47,12/08/2024,2590 Pine View Way,V,7686 International Avenue,PR,922,922,922
1923,9:04,17:12,06/03/2025,663 Hallows Lane,P,95845 Lien Avenue,PR,923,923,923
1924,16:52,0:55,01/11/2024,08 Coleman Place,P,1872 Longview Terrace,PR,924,924,924
1925,2:46,13:59,12/04/2025,80 Main Terrace,P,611 Superior Way,CA,925,925,925
1926,5:52,17:38,11/08/2024,4570 Mcguire Point,P,01019 Hauk Trail,RE,926,926,926
1927,14:20,13:02,07/05/2024,2 Kings Terrace,P,254 Hauk Hill,CA,927,927,927
1928,22:12,21:54,30/05/2024,67 Dexter Trail,P,96 Hoepker Avenue,RE,928,928,928
1929,2:10,10:16,24/08/2024,082 Duke Road,P,3 Annamark Terrace,RE,929,929,929
1930,17:36,1:46,23/10/2024,4 Mitchell Hill,V,7940 8th Avenue,CA,930,930,930
1931,9:19,12:55,09/05/2024,31988 Kensington Hill,P,80 Fallview Court,RE,931,931,931
1932,3:46,15:14,06/04/2025,05668 Judy Lane,V,3 Emmet Drive,RE,932,932,932
1933,13:36,19:00,07/01/2025,1176 Northfield Center,V,0165 Amoth Parkway,RE,933,933,933
1934,22:29,10:34,06/09/2024,44 Claremont Lane,V,6 Talisman Court,PR,934,934,934
1935,16:37,11:35,24/01/2025,171 Columbus Terrace,V,364 Summit Terrace,RE,935,935,935
1936,8:50,15:04,26/09/2024,27 Longview Crossing,V,3416 Shasta Drive,PR,936,936,936
1937,3:08,19:08,26/10/2024,40 Graedel Center,P,45633 Sachs Terrace,CA,937,937,937
1938,17:42,4:31,25/09/2024,387 Walton Street,P,91953 Brown Alley,RE,938,938,938
1939,21:06,2:59,04/02/2025,52 Chive Road,V,66 Algoma Street,CA,939,939,939
1940,8:35,23:50,27/07/2024,69981 American Ash Park,P,7574 Oxford Pass,PR,940,940,940
1941,23:20,6:12,12/08/2024,29 Crest Line Point,P,738 Golf View Pass,PR,941,941,941
1942,19:11,6:22,09/09/2024,18 Summer Ridge Parkway,V,85 Waxwing Parkway,PR,942,942,942
1943,21:33,5:11,07/11/2024,85 Pleasure Lane,V,8348 Superior Crossing,RE,943,943,943
1944,0:28,14:36,25/09/2024,26574 Fair Oaks Avenue,P,72 Harper Court,CA,944,944,944
1945,9:01,14:08,12/11/2024,6 Melrose Center,P,11 Meadow Vale Crossing,CA,945,945,945
1946,11:18,13:30,29/03/2025,47830 Clove Parkway,P,6 Tony Avenue,CA,946,946,946
1947,2:48,6:01,08/05/2024,9 North Pass,V,8768 Nobel Park,PR,947,947,947
1948,17:15,12:54,15/08/2024,26420 Porter Circle,P,6581 Bartillon Park,CA,948,948,948
1949,7:03,1:36,07/01/2025,8603 Main Avenue,P,78054 Westend Road,RE,949,949,949
1950,2:37,9:54,29/11/2024,3 Dakota Hill,V,42 Westridge Parkway,CA,950,950,950
1951,9:37,1:48,13/07/2024,76651 Sundown Lane,V,6 Upham Plaza,PR,951,951,951
1952,11:14,23:30,20/11/2024,7287 Vernon Court,P,2 Westport Hill,CA,952,952,952
1953,4:29,6:27,17/06/2024,34 Declaration Plaza,P,53638 Darwin Pass,RE,953,953,953
1954,21:44,19:37,11/11/2024,0 Summit Plaza,P,32343 Hoard Junction,PR,954,954,954
1955,13:57,15:44,05/10/2024,14807 Novick Road,P,07708 Blaine Way,PR,955,955,955
1956,11:31,4:46,09/10/2024,5822 Packers Crossing,V,237 Di Loreto Center,CA,956,956,956
1957,5:38,5:17,06/04/2025,024 Kedzie Hill,P,18218 Fisk Circle,RE,957,957,957
1958,10:20,8:21,29/06/2024,8764 Fairfield Point,P,1602 Moose Street,RE,958,958,958
1959,16:28,9:29,19/04/2025,180 Schmedeman Pass,V,223 Burning Wood Crossing,CA,959,959,959
1960,11:18,20:07,19/03/2025,2 Miller Center,V,5018 Manufacturers Avenue,PR,960,960,960
1961,1:37,16:20,21/03/2025,9034 Fordem Terrace,V,0 Doe Crossing Center,PR,961,961,961
1962,4:11,6:47,21/05/2024,10 Kropf Lane,P,77 Miller Road,PR,962,962,962
1963,15:57,16:39,16/03/2025,74 Gale Pass,V,021 Little Fleur Alley,CA,963,963,963
1964,16:55,10:52,08/03/2025,2012 Hintze Lane,P,508 Jackson Pass,PR,964,964,964
1965,11:30,7:05,03/07/2024,35 Golf View Avenue,P,045 Gale Road,PR,965,965,965
1966,4:31,9:29,29/08/2024,340 Old Gate Alley,V,75274 Crest Line Drive,PR,966,966,966
1967,21:28,15:11,23/01/2025,30 Fordem Street,P,4 Cardinal Center,RE,967,967,967
1968,6:43,7:25,13/08/2024,20470 Continental Trail,V,29 High Crossing Parkway,RE,968,968,968
1969,11:40,14:55,10/06/2024,2083 Macpherson Park,V,69093 Calypso Alley,RE,969,969,969
1970,22:15,12:22,14/09/2024,6868 Ramsey Court,V,389 Ridge Oak Road,PR,970,970,970
1971,7:13,5:33,07/06/2024,7124 Jay Junction,P,05386 Northwestern Plaza,PR,971,971,971
1972,7:29,8:53,02/10/2024,12 Pine View Road,V,8114 Lukken Drive,RE,972,972,972
1973,13:49,20:50,21/02/2025,0965 Cottonwood Alley,P,98 Larry Road,PR,973,973,973
1974,1:34,17:16,18/03/2025,6806 Lindbergh Alley,P,9413 Longview Terrace,PR,974,974,974
1975,23:43,15:45,23/01/2025,3 Oakridge Trail,V,10 Crownhardt Trail,PR,975,975,975
1976,5:29,23:51,27/06/2024,5 Huxley Street,V,7146 Graceland Place,PR,976,976,976
1977,16:59,0:30,06/08/2024,95005 Hagan Plaza,V,350 Red Cloud Parkway,RE,977,977,977
1978,18:31,6:26,05/11/2024,3271 International Point,V,6 Forest Run Center,RE,978,978,978
1979,15:45,0:59,23/03/2025,961 Manitowish Plaza,V,7593 Doe Crossing Road,PR,979,979,979
1980,21:37,10:58,28/09/2024,32913 Susan Hill,P,5 Jackson Place,RE,980,980,980
1981,21:37,13:47,14/06/2024,2132 Brentwood Avenue,P,801 Wayridge Point,RE,981,981,981
1982,4:20,4:30,31/05/2024,7640 Declaration Circle,V,65 Sugar Alley,CA,982,982,982
1983,3:58,15:44,08/08/2024,9 Derek Court,V,169 Luster Avenue,PR,983,983,983
1984,14:58,17:10,22/06/2024,92389 Fair Oaks Avenue,P,2 New Castle Point,CA,984,984,984
1985,16:13,11:37,11/09/2024,5 Artisan Park,V,5994 Mandrake Center,CA,985,985,985
1986,16:35,22:40,06/05/2024,67226 Hanover Circle,V,7045 Summerview Parkway,RE,986,986,986
1987,10:06,18:56,28/03/2025,95 Dovetail Trail,P,55 Hansons Point,RE,987,987,987
1988,19:19,11:15,17/09/2024,19023 Sugar Pass,V,071 Mcbride Trail,RE,988,988,988
1989,7:39,22:48,12/11/2024,4435 Morning Parkway,V,29052 Bunting Center,CA,989,989,989
1990,5:00,0:47,22/04/2025,628 Merchant Pass,V,22990 Northridge Pass,PR,990,990,990
1991,12:41,4:47,09/05/2024,1053 Manley Terrace,V,08588 Fuller Park,RE,991,991,991
1992,18:12,21:52,18/06/2024,97 Messerschmidt Park,P,2666 Melby Way,RE,992,992,992
1993,3:54,14:59,12/08/2024,6202 Mitchell Junction,P,36543 Sommers Road,RE,993,993,993
1994,13:30,18:25,22/08/2024,5963 Fair Oaks Point,P,33339 Golf Court,PR,994,994,994
1995,3:39,0:46,27/06/2024,4835 Rutledge Lane,P,97 Kenwood Plaza,RE,995,995,995
1996,1:01,6:34,30/09/2024,8 4th Pass,V,1308 Fuller Lane,PR,996,996,996
1997,21:22,12:36,11/03/2025,44245 Express Junction,P,2450 Vahlen Junction,CA,997,997,997
1998,18:54,5:10,07/02/2025,51 Carey Point,P,42573 Welch Junction,CA,998,998,998
1999,17:42,10:48,19/12/2024,81 6th Crossing,V,2 Bultman Circle,CA,999,999,999
2000,19:56,1:05,12/05/2024,7266 Hoffman Park,P,94752 Cody Court,PR,1000,1000,1000
